--
-- PostgreSQL database dump
--

\restrict 8BpG0ojMsAj7bkBQedtfbJBm3plp0pqrcxfncpydfZCa0dm4s1jc0LRUa4fU3IX

-- Dumped from database version 17.6 (Debian 17.6-1.pgdg13+1)
-- Dumped by pg_dump version 17.6 (Debian 17.6-1.pgdg13+1)

SET statement_timeout = 0;
SET lock_timeout = 0;
SET idle_in_transaction_session_timeout = 0;
SET transaction_timeout = 0;
SET client_encoding = 'UTF8';
SET standard_conforming_strings = on;
SELECT pg_catalog.set_config('search_path', '', false);
SET check_function_bodies = false;
SET xmloption = content;
SET client_min_messages = warning;
SET row_security = off;

--
-- Name: btree_gin; Type: EXTENSION; Schema: -; Owner: -
--

CREATE EXTENSION IF NOT EXISTS btree_gin WITH SCHEMA public;


--
-- Name: EXTENSION btree_gin; Type: COMMENT; Schema: -; Owner: 
--

COMMENT ON EXTENSION btree_gin IS 'support for indexing common datatypes in GIN';


--
-- Name: hstore; Type: EXTENSION; Schema: -; Owner: -
--

CREATE EXTENSION IF NOT EXISTS hstore WITH SCHEMA public;


--
-- Name: EXTENSION hstore; Type: COMMENT; Schema: -; Owner: 
--

COMMENT ON EXTENSION hstore IS 'data type for storing sets of (key, value) pairs';


--
-- Name: pg_trgm; Type: EXTENSION; Schema: -; Owner: -
--

CREATE EXTENSION IF NOT EXISTS pg_trgm WITH SCHEMA public;


--
-- Name: EXTENSION pg_trgm; Type: COMMENT; Schema: -; Owner: 
--

COMMENT ON EXTENSION pg_trgm IS 'text similarity measurement and index searching based on trigrams';


--
-- Name: pgcrypto; Type: EXTENSION; Schema: -; Owner: -
--

CREATE EXTENSION IF NOT EXISTS pgcrypto WITH SCHEMA public;


--
-- Name: EXTENSION pgcrypto; Type: COMMENT; Schema: -; Owner: 
--

COMMENT ON EXTENSION pgcrypto IS 'cryptographic functions';


--
-- Name: messages_trigger(); Type: FUNCTION; Schema: public; Owner: saleor
--

CREATE FUNCTION public.messages_trigger() RETURNS trigger
    LANGUAGE plpgsql
    AS $$
            begin
              new.search_vector :=
                 setweight(
                 to_tsvector('pg_catalog.english', coalesce(new.name,'')), 'A'
                 ) ||
                 setweight(
                 to_tsvector(
                 'pg_catalog.english', coalesce(new.description_plaintext,'')),
                 'B'
                 );
              return new;
            end
            $$;


ALTER FUNCTION public.messages_trigger() OWNER TO saleor;

SET default_tablespace = '';

SET default_table_access_method = heap;

--
-- Name: account_address; Type: TABLE; Schema: public; Owner: saleor
--

CREATE TABLE public.account_address (
    id integer NOT NULL,
    first_name character varying(256) NOT NULL,
    last_name character varying(256) NOT NULL,
    company_name character varying(256) NOT NULL,
    street_address_1 character varying(256) NOT NULL,
    street_address_2 character varying(256) NOT NULL,
    city character varying(256) NOT NULL,
    postal_code character varying(20) NOT NULL,
    country character varying(2) NOT NULL,
    country_area character varying(128) NOT NULL,
    phone character varying(128) NOT NULL,
    city_area character varying(128) NOT NULL,
    metadata jsonb,
    private_metadata jsonb,
    validation_skipped boolean DEFAULT false NOT NULL
);


ALTER TABLE public.account_address OWNER TO saleor;

--
-- Name: account_customerevent; Type: TABLE; Schema: public; Owner: saleor
--

CREATE TABLE public.account_customerevent (
    id integer NOT NULL,
    date timestamp with time zone NOT NULL,
    type character varying(255) NOT NULL,
    parameters jsonb NOT NULL,
    user_id integer,
    app_id integer,
    order_id uuid
);


ALTER TABLE public.account_customerevent OWNER TO saleor;

--
-- Name: account_customerevent_id_seq; Type: SEQUENCE; Schema: public; Owner: saleor
--

ALTER TABLE public.account_customerevent ALTER COLUMN id ADD GENERATED BY DEFAULT AS IDENTITY (
    SEQUENCE NAME public.account_customerevent_id_seq
    START WITH 1
    INCREMENT BY 1
    NO MINVALUE
    NO MAXVALUE
    CACHE 1
);


--
-- Name: account_customernote; Type: TABLE; Schema: public; Owner: saleor
--

CREATE TABLE public.account_customernote (
    id integer NOT NULL,
    date timestamp with time zone NOT NULL,
    content text NOT NULL,
    is_public boolean NOT NULL,
    customer_id integer NOT NULL,
    user_id integer
);


ALTER TABLE public.account_customernote OWNER TO saleor;

--
-- Name: account_customernote_id_seq; Type: SEQUENCE; Schema: public; Owner: saleor
--

ALTER TABLE public.account_customernote ALTER COLUMN id ADD GENERATED BY DEFAULT AS IDENTITY (
    SEQUENCE NAME public.account_customernote_id_seq
    START WITH 1
    INCREMENT BY 1
    NO MINVALUE
    NO MAXVALUE
    CACHE 1
);


--
-- Name: account_group; Type: TABLE; Schema: public; Owner: saleor
--

CREATE TABLE public.account_group (
    id integer NOT NULL,
    name character varying(150) NOT NULL,
    restricted_access_to_channels boolean DEFAULT false NOT NULL
);


ALTER TABLE public.account_group OWNER TO saleor;

--
-- Name: account_group_channels; Type: TABLE; Schema: public; Owner: saleor
--

CREATE TABLE public.account_group_channels (
    id integer NOT NULL,
    group_id integer NOT NULL,
    channel_id integer NOT NULL
);


ALTER TABLE public.account_group_channels OWNER TO saleor;

--
-- Name: account_group_channels_id_seq; Type: SEQUENCE; Schema: public; Owner: saleor
--

ALTER TABLE public.account_group_channels ALTER COLUMN id ADD GENERATED BY DEFAULT AS IDENTITY (
    SEQUENCE NAME public.account_group_channels_id_seq
    START WITH 1
    INCREMENT BY 1
    NO MINVALUE
    NO MAXVALUE
    CACHE 1
);


--
-- Name: account_group_permissions; Type: TABLE; Schema: public; Owner: saleor
--

CREATE TABLE public.account_group_permissions (
    id integer NOT NULL,
    group_id integer NOT NULL,
    permission_id integer NOT NULL
);


ALTER TABLE public.account_group_permissions OWNER TO saleor;

--
-- Name: app_app; Type: TABLE; Schema: public; Owner: saleor
--

CREATE TABLE public.app_app (
    id integer NOT NULL,
    private_metadata jsonb,
    metadata jsonb,
    name character varying(60) NOT NULL,
    created_at timestamp with time zone NOT NULL,
    is_active boolean NOT NULL,
    about_app text,
    app_url character varying(200),
    configuration_url character varying(200),
    data_privacy text,
    data_privacy_url character varying(200),
    homepage_url character varying(200),
    identifier character varying(256) NOT NULL,
    support_url character varying(200),
    type character varying(60) NOT NULL,
    version character varying(60),
    manifest_url character varying(200),
    audience character varying(256),
    is_installed boolean DEFAULT true NOT NULL,
    author character varying(60),
    uuid uuid NOT NULL,
    brand_logo_default character varying(100),
    removed_at timestamp with time zone
);


ALTER TABLE public.app_app OWNER TO saleor;

--
-- Name: account_serviceaccount_id_seq; Type: SEQUENCE; Schema: public; Owner: saleor
--

ALTER TABLE public.app_app ALTER COLUMN id ADD GENERATED BY DEFAULT AS IDENTITY (
    SEQUENCE NAME public.account_serviceaccount_id_seq
    START WITH 1
    INCREMENT BY 1
    NO MINVALUE
    NO MAXVALUE
    CACHE 1
);


--
-- Name: app_app_permissions; Type: TABLE; Schema: public; Owner: saleor
--

CREATE TABLE public.app_app_permissions (
    id integer NOT NULL,
    app_id integer NOT NULL,
    permission_id integer NOT NULL
);


ALTER TABLE public.app_app_permissions OWNER TO saleor;

--
-- Name: account_serviceaccount_permissions_id_seq; Type: SEQUENCE; Schema: public; Owner: saleor
--

ALTER TABLE public.app_app_permissions ALTER COLUMN id ADD GENERATED BY DEFAULT AS IDENTITY (
    SEQUENCE NAME public.account_serviceaccount_permissions_id_seq
    START WITH 1
    INCREMENT BY 1
    NO MINVALUE
    NO MAXVALUE
    CACHE 1
);


--
-- Name: app_apptoken; Type: TABLE; Schema: public; Owner: saleor
--

CREATE TABLE public.app_apptoken (
    id integer NOT NULL,
    name character varying(128) NOT NULL,
    auth_token character varying(128) NOT NULL,
    app_id integer NOT NULL,
    token_last_4 character varying(4) NOT NULL
);


ALTER TABLE public.app_apptoken OWNER TO saleor;

--
-- Name: account_serviceaccounttoken_id_seq; Type: SEQUENCE; Schema: public; Owner: saleor
--

ALTER TABLE public.app_apptoken ALTER COLUMN id ADD GENERATED BY DEFAULT AS IDENTITY (
    SEQUENCE NAME public.account_serviceaccounttoken_id_seq
    START WITH 1
    INCREMENT BY 1
    NO MINVALUE
    NO MAXVALUE
    CACHE 1
);


--
-- Name: account_staffnotificationrecipient; Type: TABLE; Schema: public; Owner: saleor
--

CREATE TABLE public.account_staffnotificationrecipient (
    id integer NOT NULL,
    staff_email character varying(254),
    active boolean NOT NULL,
    user_id integer
);


ALTER TABLE public.account_staffnotificationrecipient OWNER TO saleor;

--
-- Name: account_staffnotificationrecipient_id_seq; Type: SEQUENCE; Schema: public; Owner: saleor
--

ALTER TABLE public.account_staffnotificationrecipient ALTER COLUMN id ADD GENERATED BY DEFAULT AS IDENTITY (
    SEQUENCE NAME public.account_staffnotificationrecipient_id_seq
    START WITH 1
    INCREMENT BY 1
    NO MINVALUE
    NO MAXVALUE
    CACHE 1
);


--
-- Name: account_user; Type: TABLE; Schema: public; Owner: saleor
--

CREATE TABLE public.account_user (
    id integer NOT NULL,
    is_superuser boolean NOT NULL,
    email character varying(254) NOT NULL,
    is_staff boolean NOT NULL,
    is_active boolean NOT NULL,
    password character varying(128) NOT NULL,
    date_joined timestamp with time zone NOT NULL,
    last_login timestamp with time zone,
    default_billing_address_id integer,
    default_shipping_address_id integer,
    note text,
    first_name character varying(256) NOT NULL,
    last_name character varying(256) NOT NULL,
    avatar character varying(100),
    private_metadata jsonb,
    metadata jsonb,
    jwt_token_key character varying(12) NOT NULL,
    language_code character varying(35) NOT NULL,
    search_document text NOT NULL,
    updated_at timestamp with time zone NOT NULL,
    uuid uuid NOT NULL,
    external_reference character varying(250),
    last_password_reset_request timestamp with time zone,
    is_confirmed boolean DEFAULT true NOT NULL,
    last_confirm_email_request timestamp with time zone
);


ALTER TABLE public.account_user OWNER TO saleor;

--
-- Name: account_user_addresses; Type: TABLE; Schema: public; Owner: saleor
--

CREATE TABLE public.account_user_addresses (
    id integer NOT NULL,
    user_id integer NOT NULL,
    address_id integer NOT NULL
);


ALTER TABLE public.account_user_addresses OWNER TO saleor;

--
-- Name: account_user_groups; Type: TABLE; Schema: public; Owner: saleor
--

CREATE TABLE public.account_user_groups (
    id integer NOT NULL,
    user_id integer NOT NULL,
    group_id integer NOT NULL
);


ALTER TABLE public.account_user_groups OWNER TO saleor;

--
-- Name: account_user_user_permissions; Type: TABLE; Schema: public; Owner: saleor
--

CREATE TABLE public.account_user_user_permissions (
    id integer NOT NULL,
    user_id integer NOT NULL,
    permission_id integer NOT NULL
);


ALTER TABLE public.account_user_user_permissions OWNER TO saleor;

--
-- Name: app_appextension; Type: TABLE; Schema: public; Owner: saleor
--

CREATE TABLE public.app_appextension (
    id integer NOT NULL,
    label character varying(256) NOT NULL,
    url character varying(200) NOT NULL,
    app_id integer NOT NULL,
    mount character varying(256) NOT NULL,
    target character varying(128) NOT NULL
);


ALTER TABLE public.app_appextension OWNER TO saleor;

--
-- Name: app_appextension_id_seq; Type: SEQUENCE; Schema: public; Owner: saleor
--

ALTER TABLE public.app_appextension ALTER COLUMN id ADD GENERATED BY DEFAULT AS IDENTITY (
    SEQUENCE NAME public.app_appextension_id_seq
    START WITH 1
    INCREMENT BY 1
    NO MINVALUE
    NO MAXVALUE
    CACHE 1
);


--
-- Name: app_appextension_permissions; Type: TABLE; Schema: public; Owner: saleor
--

CREATE TABLE public.app_appextension_permissions (
    id integer NOT NULL,
    appextension_id integer NOT NULL,
    permission_id integer NOT NULL
);


ALTER TABLE public.app_appextension_permissions OWNER TO saleor;

--
-- Name: app_appextension_permissions_id_seq; Type: SEQUENCE; Schema: public; Owner: saleor
--

ALTER TABLE public.app_appextension_permissions ALTER COLUMN id ADD GENERATED BY DEFAULT AS IDENTITY (
    SEQUENCE NAME public.app_appextension_permissions_id_seq
    START WITH 1
    INCREMENT BY 1
    NO MINVALUE
    NO MAXVALUE
    CACHE 1
);


--
-- Name: app_appinstallation; Type: TABLE; Schema: public; Owner: saleor
--

CREATE TABLE public.app_appinstallation (
    id integer NOT NULL,
    status character varying(50) NOT NULL,
    message character varying(255),
    created_at timestamp with time zone NOT NULL,
    updated_at timestamp with time zone NOT NULL,
    app_name character varying(60) NOT NULL,
    manifest_url character varying(200) NOT NULL,
    uuid uuid NOT NULL,
    brand_logo_default character varying(100)
);


ALTER TABLE public.app_appinstallation OWNER TO saleor;

--
-- Name: app_appinstallation_id_seq; Type: SEQUENCE; Schema: public; Owner: saleor
--

ALTER TABLE public.app_appinstallation ALTER COLUMN id ADD GENERATED BY DEFAULT AS IDENTITY (
    SEQUENCE NAME public.app_appinstallation_id_seq
    START WITH 1
    INCREMENT BY 1
    NO MINVALUE
    NO MAXVALUE
    CACHE 1
);


--
-- Name: app_appinstallation_permissions; Type: TABLE; Schema: public; Owner: saleor
--

CREATE TABLE public.app_appinstallation_permissions (
    id integer NOT NULL,
    appinstallation_id integer NOT NULL,
    permission_id integer NOT NULL
);


ALTER TABLE public.app_appinstallation_permissions OWNER TO saleor;

--
-- Name: app_appinstallation_permissions_id_seq; Type: SEQUENCE; Schema: public; Owner: saleor
--

ALTER TABLE public.app_appinstallation_permissions ALTER COLUMN id ADD GENERATED BY DEFAULT AS IDENTITY (
    SEQUENCE NAME public.app_appinstallation_permissions_id_seq
    START WITH 1
    INCREMENT BY 1
    NO MINVALUE
    NO MAXVALUE
    CACHE 1
);


--
-- Name: attribute_assignedpageattributevalue; Type: TABLE; Schema: public; Owner: saleor
--

CREATE TABLE public.attribute_assignedpageattributevalue (
    id integer NOT NULL,
    sort_order integer,
    value_id integer NOT NULL,
    page_id integer NOT NULL
);


ALTER TABLE public.attribute_assignedpageattributevalue OWNER TO saleor;

--
-- Name: attribute_assignedpageattributevalue_id_seq; Type: SEQUENCE; Schema: public; Owner: saleor
--

ALTER TABLE public.attribute_assignedpageattributevalue ALTER COLUMN id ADD GENERATED BY DEFAULT AS IDENTITY (
    SEQUENCE NAME public.attribute_assignedpageattributevalue_id_seq
    START WITH 1
    INCREMENT BY 1
    NO MINVALUE
    NO MAXVALUE
    CACHE 1
);


--
-- Name: attribute_assignedproductattributevalue; Type: TABLE; Schema: public; Owner: saleor
--

CREATE TABLE public.attribute_assignedproductattributevalue (
    id integer NOT NULL,
    sort_order integer,
    value_id integer NOT NULL,
    product_id integer NOT NULL
);


ALTER TABLE public.attribute_assignedproductattributevalue OWNER TO saleor;

--
-- Name: attribute_assignedproductattributevalue_id_seq; Type: SEQUENCE; Schema: public; Owner: saleor
--

ALTER TABLE public.attribute_assignedproductattributevalue ALTER COLUMN id ADD GENERATED BY DEFAULT AS IDENTITY (
    SEQUENCE NAME public.attribute_assignedproductattributevalue_id_seq
    START WITH 1
    INCREMENT BY 1
    NO MINVALUE
    NO MAXVALUE
    CACHE 1
);


--
-- Name: attribute_assignedvariantattribute; Type: TABLE; Schema: public; Owner: saleor
--

CREATE TABLE public.attribute_assignedvariantattribute (
    id integer NOT NULL,
    variant_id integer NOT NULL,
    assignment_id integer NOT NULL
);


ALTER TABLE public.attribute_assignedvariantattribute OWNER TO saleor;

--
-- Name: attribute_assignedvariantattributevalue; Type: TABLE; Schema: public; Owner: saleor
--

CREATE TABLE public.attribute_assignedvariantattributevalue (
    id integer NOT NULL,
    sort_order integer,
    assignment_id integer NOT NULL,
    value_id integer NOT NULL
);


ALTER TABLE public.attribute_assignedvariantattributevalue OWNER TO saleor;

--
-- Name: attribute_assignedvariantattributevalue_id_seq; Type: SEQUENCE; Schema: public; Owner: saleor
--

ALTER TABLE public.attribute_assignedvariantattributevalue ALTER COLUMN id ADD GENERATED BY DEFAULT AS IDENTITY (
    SEQUENCE NAME public.attribute_assignedvariantattributevalue_id_seq
    START WITH 1
    INCREMENT BY 1
    NO MINVALUE
    NO MAXVALUE
    CACHE 1
);


--
-- Name: attribute_attribute; Type: TABLE; Schema: public; Owner: saleor
--

CREATE TABLE public.attribute_attribute (
    id integer NOT NULL,
    slug character varying(250) NOT NULL,
    name character varying(255) NOT NULL,
    metadata jsonb,
    private_metadata jsonb,
    input_type character varying(50) NOT NULL,
    available_in_grid boolean NOT NULL,
    visible_in_storefront boolean NOT NULL,
    filterable_in_dashboard boolean NOT NULL,
    filterable_in_storefront boolean NOT NULL,
    value_required boolean NOT NULL,
    storefront_search_position integer NOT NULL,
    is_variant_only boolean NOT NULL,
    type character varying(50) NOT NULL,
    entity_type character varying(50),
    unit character varying(100),
    external_reference character varying(250),
    max_sort_order integer
);


ALTER TABLE public.attribute_attribute OWNER TO saleor;

--
-- Name: attribute_attributepage; Type: TABLE; Schema: public; Owner: saleor
--

CREATE TABLE public.attribute_attributepage (
    id integer NOT NULL,
    sort_order integer,
    attribute_id integer NOT NULL,
    page_type_id integer NOT NULL
);


ALTER TABLE public.attribute_attributepage OWNER TO saleor;

--
-- Name: attribute_attributeproduct; Type: TABLE; Schema: public; Owner: saleor
--

CREATE TABLE public.attribute_attributeproduct (
    id integer NOT NULL,
    attribute_id integer NOT NULL,
    product_type_id integer NOT NULL,
    sort_order integer
);


ALTER TABLE public.attribute_attributeproduct OWNER TO saleor;

--
-- Name: attribute_attributetranslation; Type: TABLE; Schema: public; Owner: saleor
--

CREATE TABLE public.attribute_attributetranslation (
    id integer NOT NULL,
    language_code character varying(35) NOT NULL,
    name character varying(255) NOT NULL,
    attribute_id integer NOT NULL
);


ALTER TABLE public.attribute_attributetranslation OWNER TO saleor;

--
-- Name: attribute_attributevalue; Type: TABLE; Schema: public; Owner: saleor
--

CREATE TABLE public.attribute_attributevalue (
    id integer NOT NULL,
    name character varying(250) NOT NULL,
    attribute_id integer NOT NULL,
    slug character varying(255) NOT NULL,
    sort_order integer,
    value character varying(255) NOT NULL,
    content_type character varying(50),
    file_url character varying(200),
    rich_text jsonb,
    "boolean" boolean,
    date_time timestamp with time zone,
    reference_page_id integer,
    reference_product_id integer,
    plain_text text,
    reference_variant_id integer,
    external_reference character varying(250)
);


ALTER TABLE public.attribute_attributevalue OWNER TO saleor;

--
-- Name: attribute_attributevaluetranslation; Type: TABLE; Schema: public; Owner: saleor
--

CREATE TABLE public.attribute_attributevaluetranslation (
    id integer NOT NULL,
    language_code character varying(35) NOT NULL,
    name character varying(250) NOT NULL,
    attribute_value_id integer NOT NULL,
    rich_text jsonb,
    plain_text text
);


ALTER TABLE public.attribute_attributevaluetranslation OWNER TO saleor;

--
-- Name: attribute_attributevariant; Type: TABLE; Schema: public; Owner: saleor
--

CREATE TABLE public.attribute_attributevariant (
    id integer NOT NULL,
    attribute_id integer NOT NULL,
    product_type_id integer NOT NULL,
    sort_order integer,
    variant_selection boolean NOT NULL
);


ALTER TABLE public.attribute_attributevariant OWNER TO saleor;

--
-- Name: auth_group_id_seq; Type: SEQUENCE; Schema: public; Owner: saleor
--

ALTER TABLE public.account_group ALTER COLUMN id ADD GENERATED BY DEFAULT AS IDENTITY (
    SEQUENCE NAME public.auth_group_id_seq
    START WITH 1
    INCREMENT BY 1
    NO MINVALUE
    NO MAXVALUE
    CACHE 1
);


--
-- Name: auth_group_permissions_id_seq; Type: SEQUENCE; Schema: public; Owner: saleor
--

ALTER TABLE public.account_group_permissions ALTER COLUMN id ADD GENERATED BY DEFAULT AS IDENTITY (
    SEQUENCE NAME public.auth_group_permissions_id_seq
    START WITH 1
    INCREMENT BY 1
    NO MINVALUE
    NO MAXVALUE
    CACHE 1
);


--
-- Name: permission_permission; Type: TABLE; Schema: public; Owner: saleor
--

CREATE TABLE public.permission_permission (
    id integer NOT NULL,
    name character varying(255) NOT NULL,
    content_type_id integer NOT NULL,
    codename character varying(100) NOT NULL
);


ALTER TABLE public.permission_permission OWNER TO saleor;

--
-- Name: auth_permission_id_seq; Type: SEQUENCE; Schema: public; Owner: saleor
--

ALTER TABLE public.permission_permission ALTER COLUMN id ADD GENERATED BY DEFAULT AS IDENTITY (
    SEQUENCE NAME public.auth_permission_id_seq
    START WITH 1
    INCREMENT BY 1
    NO MINVALUE
    NO MAXVALUE
    CACHE 1
);


--
-- Name: channel_channel; Type: TABLE; Schema: public; Owner: saleor
--

CREATE TABLE public.channel_channel (
    id integer NOT NULL,
    name character varying(250) NOT NULL,
    slug character varying(255) NOT NULL,
    is_active boolean NOT NULL,
    currency_code character varying(3) NOT NULL,
    default_country character varying(2) NOT NULL,
    allocation_strategy character varying(255) NOT NULL,
    automatically_confirm_all_new_orders boolean,
    automatically_fulfill_non_shippable_gift_card boolean,
    order_mark_as_paid_strategy character varying(255) DEFAULT 'payment_flow'::character varying NOT NULL,
    default_transaction_flow_strategy character varying(255) DEFAULT 'charge'::character varying NOT NULL,
    expire_orders_after integer,
    delete_expired_orders_after interval DEFAULT '60 days'::interval NOT NULL,
    metadata jsonb,
    private_metadata jsonb,
    allow_unpaid_orders boolean DEFAULT false NOT NULL,
    use_legacy_error_flow_for_checkout boolean DEFAULT true NOT NULL,
    include_draft_order_in_voucher_usage boolean DEFAULT false NOT NULL,
    automatically_complete_fully_paid_checkouts boolean DEFAULT false NOT NULL,
    draft_order_line_price_freeze_period integer DEFAULT 24,
    use_legacy_line_discount_propagation_for_order boolean DEFAULT true NOT NULL,
    checkout_release_funds_cut_off_date timestamp with time zone,
    checkout_ttl_before_releasing_funds interval DEFAULT '06:00:00'::interval NOT NULL,
    release_funds_for_expired_checkouts boolean DEFAULT false NOT NULL,
    CONSTRAINT channel_channel_draft_order_line_price_freeze_period_check CHECK ((draft_order_line_price_freeze_period >= 0))
);


ALTER TABLE public.channel_channel OWNER TO saleor;

--
-- Name: channel_channel_id_seq; Type: SEQUENCE; Schema: public; Owner: saleor
--

ALTER TABLE public.channel_channel ALTER COLUMN id ADD GENERATED BY DEFAULT AS IDENTITY (
    SEQUENCE NAME public.channel_channel_id_seq
    START WITH 1
    INCREMENT BY 1
    NO MINVALUE
    NO MAXVALUE
    CACHE 1
);


--
-- Name: checkout_checkout; Type: TABLE; Schema: public; Owner: saleor
--

CREATE TABLE public.checkout_checkout (
    created_at timestamp with time zone NOT NULL,
    last_change timestamp with time zone NOT NULL,
    email character varying(254),
    token uuid NOT NULL,
    user_id integer,
    billing_address_id integer,
    discount_amount numeric(20,3) NOT NULL,
    discount_name character varying(255),
    note text NOT NULL,
    shipping_address_id integer,
    shipping_method_id integer,
    voucher_code character varying(255),
    translated_discount_name character varying(255),
    metadata jsonb,
    private_metadata jsonb,
    currency character varying(3) NOT NULL,
    country character varying(2) NOT NULL,
    redirect_url character varying(200),
    tracking_code character varying(255),
    channel_id integer NOT NULL,
    language_code character varying(35) NOT NULL,
    collection_point_id uuid,
    price_expiration timestamp with time zone NOT NULL,
    shipping_price_gross_amount numeric(20,3) NOT NULL,
    shipping_price_net_amount numeric(20,3) NOT NULL,
    shipping_tax_rate numeric(5,4) NOT NULL,
    subtotal_gross_amount numeric(20,3) NOT NULL,
    subtotal_net_amount numeric(20,3) NOT NULL,
    total_gross_amount numeric(20,3) NOT NULL,
    total_net_amount numeric(20,3) NOT NULL,
    tax_exemption boolean DEFAULT false NOT NULL,
    authorize_status character varying(32) DEFAULT 'none'::character varying NOT NULL,
    charge_status character varying(32) DEFAULT 'none'::character varying NOT NULL,
    last_transaction_modified_at timestamp with time zone,
    automatically_refundable boolean DEFAULT false NOT NULL,
    base_subtotal_amount numeric(20,3) DEFAULT 0 NOT NULL,
    base_total_amount numeric(20,3) DEFAULT 0 NOT NULL,
    tax_error character varying(255),
    is_voucher_usage_increased boolean DEFAULT false NOT NULL,
    completing_started_at timestamp with time zone,
    external_shipping_method_id character varying(512),
    shipping_method_name character varying(255),
    undiscounted_base_shipping_price_amount numeric(20,3) DEFAULT 0 NOT NULL,
    save_billing_address boolean DEFAULT true NOT NULL,
    save_shipping_address boolean DEFAULT true NOT NULL
);


ALTER TABLE public.checkout_checkout OWNER TO saleor;

--
-- Name: checkout_checkout_gift_cards; Type: TABLE; Schema: public; Owner: saleor
--

CREATE TABLE public.checkout_checkout_gift_cards (
    id integer NOT NULL,
    checkout_id uuid NOT NULL,
    giftcard_id integer NOT NULL
);


ALTER TABLE public.checkout_checkout_gift_cards OWNER TO saleor;

--
-- Name: checkout_checkout_gift_cards_id_seq; Type: SEQUENCE; Schema: public; Owner: saleor
--

ALTER TABLE public.checkout_checkout_gift_cards ALTER COLUMN id ADD GENERATED BY DEFAULT AS IDENTITY (
    SEQUENCE NAME public.checkout_checkout_gift_cards_id_seq
    START WITH 1
    INCREMENT BY 1
    NO MINVALUE
    NO MAXVALUE
    CACHE 1
);


--
-- Name: checkout_checkoutline; Type: TABLE; Schema: public; Owner: saleor
--

CREATE TABLE public.checkout_checkoutline (
    quantity integer NOT NULL,
    checkout_id uuid NOT NULL,
    variant_id integer NOT NULL,
    price_override numeric(20,3),
    created_at timestamp with time zone NOT NULL,
    old_id integer,
    id uuid NOT NULL,
    metadata jsonb,
    private_metadata jsonb,
    currency character varying(3) NOT NULL,
    tax_rate numeric(5,4) NOT NULL,
    total_price_gross_amount numeric(20,3) NOT NULL,
    total_price_net_amount numeric(20,3) NOT NULL,
    is_gift boolean DEFAULT false NOT NULL,
    undiscounted_unit_price_amount numeric(20,3) NOT NULL,
    prior_unit_price_amount numeric(20,3),
    CONSTRAINT cart_cartline_quantity_check CHECK ((quantity >= 0)),
    CONSTRAINT checkout_checkoutline_old_id_check CHECK ((old_id >= 0))
);


ALTER TABLE public.checkout_checkoutline OWNER TO saleor;

--
-- Name: checkout_checkoutmetadata; Type: TABLE; Schema: public; Owner: saleor
--

CREATE TABLE public.checkout_checkoutmetadata (
    id integer NOT NULL,
    private_metadata jsonb,
    metadata jsonb,
    checkout_id uuid NOT NULL
);


ALTER TABLE public.checkout_checkoutmetadata OWNER TO saleor;

--
-- Name: checkout_checkoutmetadata_id_seq; Type: SEQUENCE; Schema: public; Owner: saleor
--

ALTER TABLE public.checkout_checkoutmetadata ALTER COLUMN id ADD GENERATED BY DEFAULT AS IDENTITY (
    SEQUENCE NAME public.checkout_checkoutmetadata_id_seq
    START WITH 1
    INCREMENT BY 1
    NO MINVALUE
    NO MAXVALUE
    CACHE 1
);


--
-- Name: core_eventdelivery; Type: TABLE; Schema: public; Owner: saleor
--

CREATE TABLE public.core_eventdelivery (
    id integer NOT NULL,
    created_at timestamp with time zone NOT NULL,
    status character varying(255) NOT NULL,
    event_type character varying(255) NOT NULL,
    payload_id integer,
    webhook_id integer NOT NULL
);


ALTER TABLE public.core_eventdelivery OWNER TO saleor;

--
-- Name: core_eventdelivery_id_seq; Type: SEQUENCE; Schema: public; Owner: saleor
--

ALTER TABLE public.core_eventdelivery ALTER COLUMN id ADD GENERATED BY DEFAULT AS IDENTITY (
    SEQUENCE NAME public.core_eventdelivery_id_seq
    START WITH 1
    INCREMENT BY 1
    NO MINVALUE
    NO MAXVALUE
    CACHE 1
);


--
-- Name: core_eventdeliveryattempt; Type: TABLE; Schema: public; Owner: saleor
--

CREATE TABLE public.core_eventdeliveryattempt (
    id integer NOT NULL,
    created_at timestamp with time zone NOT NULL,
    task_id character varying(255),
    duration double precision,
    response text,
    response_headers text,
    request_headers text,
    status character varying(255) NOT NULL,
    delivery_id integer,
    response_status_code smallint,
    CONSTRAINT core_eventdeliveryattempt_response_status_code_check CHECK ((response_status_code >= 0))
);


ALTER TABLE public.core_eventdeliveryattempt OWNER TO saleor;

--
-- Name: core_eventdeliveryattempt_id_seq; Type: SEQUENCE; Schema: public; Owner: saleor
--

ALTER TABLE public.core_eventdeliveryattempt ALTER COLUMN id ADD GENERATED BY DEFAULT AS IDENTITY (
    SEQUENCE NAME public.core_eventdeliveryattempt_id_seq
    START WITH 1
    INCREMENT BY 1
    NO MINVALUE
    NO MAXVALUE
    CACHE 1
);


--
-- Name: core_eventpayload; Type: TABLE; Schema: public; Owner: saleor
--

CREATE TABLE public.core_eventpayload (
    id integer NOT NULL,
    payload text DEFAULT ''::text NOT NULL,
    created_at timestamp with time zone NOT NULL,
    payload_file character varying(100)
);


ALTER TABLE public.core_eventpayload OWNER TO saleor;

--
-- Name: core_eventpayload_id_seq; Type: SEQUENCE; Schema: public; Owner: saleor
--

ALTER TABLE public.core_eventpayload ALTER COLUMN id ADD GENERATED BY DEFAULT AS IDENTITY (
    SEQUENCE NAME public.core_eventpayload_id_seq
    START WITH 1
    INCREMENT BY 1
    NO MINVALUE
    NO MAXVALUE
    CACHE 1
);


--
-- Name: csv_exportevent; Type: TABLE; Schema: public; Owner: saleor
--

CREATE TABLE public.csv_exportevent (
    id integer NOT NULL,
    date timestamp with time zone NOT NULL,
    type character varying(255) NOT NULL,
    parameters jsonb NOT NULL,
    app_id integer,
    export_file_id integer NOT NULL,
    user_id integer
);


ALTER TABLE public.csv_exportevent OWNER TO saleor;

--
-- Name: csv_exportevent_id_seq; Type: SEQUENCE; Schema: public; Owner: saleor
--

ALTER TABLE public.csv_exportevent ALTER COLUMN id ADD GENERATED BY DEFAULT AS IDENTITY (
    SEQUENCE NAME public.csv_exportevent_id_seq
    START WITH 1
    INCREMENT BY 1
    NO MINVALUE
    NO MAXVALUE
    CACHE 1
);


--
-- Name: csv_exportfile; Type: TABLE; Schema: public; Owner: saleor
--

CREATE TABLE public.csv_exportfile (
    id integer NOT NULL,
    status character varying(50) NOT NULL,
    created_at timestamp with time zone NOT NULL,
    updated_at timestamp with time zone NOT NULL,
    content_file character varying(100),
    app_id integer,
    user_id integer,
    message character varying(255)
);


ALTER TABLE public.csv_exportfile OWNER TO saleor;

--
-- Name: csv_exportfile_id_seq; Type: SEQUENCE; Schema: public; Owner: saleor
--

ALTER TABLE public.csv_exportfile ALTER COLUMN id ADD GENERATED BY DEFAULT AS IDENTITY (
    SEQUENCE NAME public.csv_exportfile_id_seq
    START WITH 1
    INCREMENT BY 1
    NO MINVALUE
    NO MAXVALUE
    CACHE 1
);


--
-- Name: discount_checkoutdiscount; Type: TABLE; Schema: public; Owner: saleor
--

CREATE TABLE public.discount_checkoutdiscount (
    id uuid NOT NULL,
    created_at timestamp with time zone NOT NULL,
    type character varying(64) NOT NULL,
    value_type character varying(10) NOT NULL,
    value numeric(20,3) NOT NULL,
    amount_value numeric(20,3) NOT NULL,
    currency character varying(3) NOT NULL,
    name character varying(255),
    translated_name character varying(255),
    reason text,
    voucher_code character varying(255),
    checkout_id uuid,
    promotion_rule_id uuid,
    voucher_id integer
);


ALTER TABLE public.discount_checkoutdiscount OWNER TO saleor;

--
-- Name: discount_checkoutlinediscount; Type: TABLE; Schema: public; Owner: saleor
--

CREATE TABLE public.discount_checkoutlinediscount (
    id uuid NOT NULL,
    created_at timestamp with time zone NOT NULL,
    type character varying(64) NOT NULL,
    value_type character varying(10) NOT NULL,
    value numeric(20,3) NOT NULL,
    amount_value numeric(20,3) NOT NULL,
    currency character varying(3) NOT NULL,
    name character varying(255),
    translated_name character varying(255),
    reason text,
    line_id uuid,
    sale_id integer,
    voucher_id integer,
    promotion_rule_id uuid,
    voucher_code character varying(255),
    unique_type character varying(64)
);


ALTER TABLE public.discount_checkoutlinediscount OWNER TO saleor;

--
-- Name: discount_orderdiscount; Type: TABLE; Schema: public; Owner: saleor
--

CREATE TABLE public.discount_orderdiscount (
    type character varying(64) NOT NULL,
    value_type character varying(10) NOT NULL,
    value numeric(20,3) NOT NULL,
    amount_value numeric(20,3) NOT NULL,
    currency character varying(3) NOT NULL,
    name character varying(255),
    translated_name character varying(255),
    reason text,
    order_id uuid,
    created_at timestamp with time zone NOT NULL,
    old_id integer,
    id uuid NOT NULL,
    sale_id integer,
    voucher_id integer,
    promotion_rule_id uuid,
    voucher_code character varying(255),
    CONSTRAINT discount_orderdiscount_old_id_check CHECK ((old_id >= 0))
);


ALTER TABLE public.discount_orderdiscount OWNER TO saleor;

--
-- Name: discount_orderlinediscount; Type: TABLE; Schema: public; Owner: saleor
--

CREATE TABLE public.discount_orderlinediscount (
    id uuid NOT NULL,
    created_at timestamp with time zone NOT NULL,
    type character varying(64) NOT NULL,
    value_type character varying(10) NOT NULL,
    value numeric(20,3) NOT NULL,
    amount_value numeric(20,3) NOT NULL,
    currency character varying(3) NOT NULL,
    name character varying(255),
    translated_name character varying(255),
    reason text,
    line_id uuid,
    promotion_rule_id uuid,
    sale_id integer,
    voucher_id integer,
    voucher_code character varying(255),
    unique_type character varying(64)
);


ALTER TABLE public.discount_orderlinediscount OWNER TO saleor;

--
-- Name: discount_promotion; Type: TABLE; Schema: public; Owner: saleor
--

CREATE TABLE public.discount_promotion (
    id uuid NOT NULL,
    private_metadata jsonb,
    metadata jsonb,
    name character varying(255) NOT NULL,
    description jsonb,
    old_sale_id integer,
    start_date timestamp with time zone NOT NULL,
    end_date timestamp with time zone,
    created_at timestamp with time zone NOT NULL,
    updated_at timestamp with time zone NOT NULL,
    last_notification_scheduled_at timestamp with time zone,
    type character varying(255) DEFAULT 'catalogue'::character varying NOT NULL
);


ALTER TABLE public.discount_promotion OWNER TO saleor;

--
-- Name: discount_promotion_old_sale_id_seq; Type: SEQUENCE; Schema: public; Owner: saleor
--

CREATE SEQUENCE public.discount_promotion_old_sale_id_seq
    START WITH 1
    INCREMENT BY 1
    NO MINVALUE
    NO MAXVALUE
    CACHE 1;


ALTER SEQUENCE public.discount_promotion_old_sale_id_seq OWNER TO saleor;

--
-- Name: discount_promotion_old_sale_id_seq; Type: SEQUENCE OWNED BY; Schema: public; Owner: saleor
--

ALTER SEQUENCE public.discount_promotion_old_sale_id_seq OWNED BY public.discount_promotion.old_sale_id;


--
-- Name: discount_promotionevent; Type: TABLE; Schema: public; Owner: saleor
--

CREATE TABLE public.discount_promotionevent (
    id uuid NOT NULL,
    date timestamp with time zone NOT NULL,
    type character varying(255) NOT NULL,
    parameters jsonb NOT NULL,
    app_id integer,
    promotion_id uuid NOT NULL,
    user_id integer
);


ALTER TABLE public.discount_promotionevent OWNER TO saleor;

--
-- Name: discount_promotionrule; Type: TABLE; Schema: public; Owner: saleor
--

CREATE TABLE public.discount_promotionrule (
    id uuid NOT NULL,
    name character varying(255),
    description jsonb,
    catalogue_predicate jsonb NOT NULL,
    reward_value_type character varying(255),
    reward_value numeric(20,3),
    promotion_id uuid NOT NULL,
    old_channel_listing_id integer,
    order_predicate jsonb DEFAULT '{}'::jsonb NOT NULL,
    reward_type character varying(255),
    variants_dirty boolean DEFAULT false
);


ALTER TABLE public.discount_promotionrule OWNER TO saleor;

--
-- Name: discount_promotionrule_channels; Type: TABLE; Schema: public; Owner: saleor
--

CREATE TABLE public.discount_promotionrule_channels (
    id integer NOT NULL,
    promotionrule_id uuid NOT NULL,
    channel_id integer NOT NULL
);


ALTER TABLE public.discount_promotionrule_channels OWNER TO saleor;

--
-- Name: discount_promotionrule_channels_id_seq; Type: SEQUENCE; Schema: public; Owner: saleor
--

ALTER TABLE public.discount_promotionrule_channels ALTER COLUMN id ADD GENERATED BY DEFAULT AS IDENTITY (
    SEQUENCE NAME public.discount_promotionrule_channels_id_seq
    START WITH 1
    INCREMENT BY 1
    NO MINVALUE
    NO MAXVALUE
    CACHE 1
);


--
-- Name: discount_promotionrule_gifts; Type: TABLE; Schema: public; Owner: saleor
--

CREATE TABLE public.discount_promotionrule_gifts (
    id integer NOT NULL,
    promotionrule_id uuid NOT NULL,
    productvariant_id integer NOT NULL
);


ALTER TABLE public.discount_promotionrule_gifts OWNER TO saleor;

--
-- Name: discount_promotionrule_gifts_id_seq; Type: SEQUENCE; Schema: public; Owner: saleor
--

ALTER TABLE public.discount_promotionrule_gifts ALTER COLUMN id ADD GENERATED BY DEFAULT AS IDENTITY (
    SEQUENCE NAME public.discount_promotionrule_gifts_id_seq
    START WITH 1
    INCREMENT BY 1
    NO MINVALUE
    NO MAXVALUE
    CACHE 1
);


--
-- Name: discount_promotionrule_old_channel_listing_id_seq; Type: SEQUENCE; Schema: public; Owner: saleor
--

CREATE SEQUENCE public.discount_promotionrule_old_channel_listing_id_seq
    START WITH 1
    INCREMENT BY 1
    NO MINVALUE
    NO MAXVALUE
    CACHE 1;


ALTER SEQUENCE public.discount_promotionrule_old_channel_listing_id_seq OWNER TO saleor;

--
-- Name: discount_promotionrule_old_channel_listing_id_seq; Type: SEQUENCE OWNED BY; Schema: public; Owner: saleor
--

ALTER SEQUENCE public.discount_promotionrule_old_channel_listing_id_seq OWNED BY public.discount_promotionrule.old_channel_listing_id;


--
-- Name: discount_promotionrule_variants; Type: TABLE; Schema: public; Owner: saleor
--

CREATE TABLE public.discount_promotionrule_variants (
    id bigint NOT NULL,
    promotionrule_id uuid NOT NULL,
    productvariant_id integer NOT NULL
);


ALTER TABLE public.discount_promotionrule_variants OWNER TO saleor;

--
-- Name: discount_promotionrule_variants_id_seq; Type: SEQUENCE; Schema: public; Owner: saleor
--

ALTER TABLE public.discount_promotionrule_variants ALTER COLUMN id ADD GENERATED BY DEFAULT AS IDENTITY (
    SEQUENCE NAME public.discount_promotionrule_variants_id_seq
    START WITH 1
    INCREMENT BY 1
    NO MINVALUE
    NO MAXVALUE
    CACHE 1
);


--
-- Name: discount_promotionruletranslation; Type: TABLE; Schema: public; Owner: saleor
--

CREATE TABLE public.discount_promotionruletranslation (
    id integer NOT NULL,
    language_code character varying(35) NOT NULL,
    name character varying(255),
    description jsonb,
    promotion_rule_id uuid NOT NULL
);


ALTER TABLE public.discount_promotionruletranslation OWNER TO saleor;

--
-- Name: discount_promotionruletranslation_id_seq; Type: SEQUENCE; Schema: public; Owner: saleor
--

ALTER TABLE public.discount_promotionruletranslation ALTER COLUMN id ADD GENERATED BY DEFAULT AS IDENTITY (
    SEQUENCE NAME public.discount_promotionruletranslation_id_seq
    START WITH 1
    INCREMENT BY 1
    NO MINVALUE
    NO MAXVALUE
    CACHE 1
);


--
-- Name: discount_promotiontranslation; Type: TABLE; Schema: public; Owner: saleor
--

CREATE TABLE public.discount_promotiontranslation (
    id integer NOT NULL,
    language_code character varying(35) NOT NULL,
    name character varying(255),
    description jsonb,
    promotion_id uuid NOT NULL
);


ALTER TABLE public.discount_promotiontranslation OWNER TO saleor;

--
-- Name: discount_promotiontranslation_id_seq; Type: SEQUENCE; Schema: public; Owner: saleor
--

ALTER TABLE public.discount_promotiontranslation ALTER COLUMN id ADD GENERATED BY DEFAULT AS IDENTITY (
    SEQUENCE NAME public.discount_promotiontranslation_id_seq
    START WITH 1
    INCREMENT BY 1
    NO MINVALUE
    NO MAXVALUE
    CACHE 1
);


--
-- Name: discount_voucher; Type: TABLE; Schema: public; Owner: saleor
--

CREATE TABLE public.discount_voucher (
    id integer NOT NULL,
    type character varying(20) NOT NULL,
    name character varying(255),
    usage_limit integer,
    start_date timestamp with time zone NOT NULL,
    end_date timestamp with time zone,
    discount_value_type character varying(10) NOT NULL,
    apply_once_per_order boolean NOT NULL,
    countries character varying(752) NOT NULL,
    min_checkout_items_quantity integer,
    apply_once_per_customer boolean NOT NULL,
    only_for_staff boolean NOT NULL,
    metadata jsonb,
    private_metadata jsonb,
    single_use boolean DEFAULT false NOT NULL,
    CONSTRAINT discount_voucher_min_checkout_items_quantity_check CHECK ((min_checkout_items_quantity >= 0)),
    CONSTRAINT discount_voucher_usage_limit_check CHECK ((usage_limit >= 0))
);


ALTER TABLE public.discount_voucher OWNER TO saleor;

--
-- Name: discount_voucher_categories; Type: TABLE; Schema: public; Owner: saleor
--

CREATE TABLE public.discount_voucher_categories (
    id integer NOT NULL,
    voucher_id integer NOT NULL,
    category_id integer NOT NULL
);


ALTER TABLE public.discount_voucher_categories OWNER TO saleor;

--
-- Name: discount_voucher_categories_id_seq; Type: SEQUENCE; Schema: public; Owner: saleor
--

ALTER TABLE public.discount_voucher_categories ALTER COLUMN id ADD GENERATED BY DEFAULT AS IDENTITY (
    SEQUENCE NAME public.discount_voucher_categories_id_seq
    START WITH 1
    INCREMENT BY 1
    NO MINVALUE
    NO MAXVALUE
    CACHE 1
);


--
-- Name: discount_voucher_collections; Type: TABLE; Schema: public; Owner: saleor
--

CREATE TABLE public.discount_voucher_collections (
    id integer NOT NULL,
    voucher_id integer NOT NULL,
    collection_id integer NOT NULL
);


ALTER TABLE public.discount_voucher_collections OWNER TO saleor;

--
-- Name: discount_voucher_collections_id_seq; Type: SEQUENCE; Schema: public; Owner: saleor
--

ALTER TABLE public.discount_voucher_collections ALTER COLUMN id ADD GENERATED BY DEFAULT AS IDENTITY (
    SEQUENCE NAME public.discount_voucher_collections_id_seq
    START WITH 1
    INCREMENT BY 1
    NO MINVALUE
    NO MAXVALUE
    CACHE 1
);


--
-- Name: discount_voucher_id_seq; Type: SEQUENCE; Schema: public; Owner: saleor
--

ALTER TABLE public.discount_voucher ALTER COLUMN id ADD GENERATED BY DEFAULT AS IDENTITY (
    SEQUENCE NAME public.discount_voucher_id_seq
    START WITH 1
    INCREMENT BY 1
    NO MINVALUE
    NO MAXVALUE
    CACHE 1
);


--
-- Name: discount_voucher_products; Type: TABLE; Schema: public; Owner: saleor
--

CREATE TABLE public.discount_voucher_products (
    id integer NOT NULL,
    voucher_id integer NOT NULL,
    product_id integer NOT NULL
);


ALTER TABLE public.discount_voucher_products OWNER TO saleor;

--
-- Name: discount_voucher_products_id_seq; Type: SEQUENCE; Schema: public; Owner: saleor
--

ALTER TABLE public.discount_voucher_products ALTER COLUMN id ADD GENERATED BY DEFAULT AS IDENTITY (
    SEQUENCE NAME public.discount_voucher_products_id_seq
    START WITH 1
    INCREMENT BY 1
    NO MINVALUE
    NO MAXVALUE
    CACHE 1
);


--
-- Name: discount_voucher_variants; Type: TABLE; Schema: public; Owner: saleor
--

CREATE TABLE public.discount_voucher_variants (
    id integer NOT NULL,
    voucher_id integer NOT NULL,
    productvariant_id integer NOT NULL
);


ALTER TABLE public.discount_voucher_variants OWNER TO saleor;

--
-- Name: discount_voucher_variants_id_seq; Type: SEQUENCE; Schema: public; Owner: saleor
--

ALTER TABLE public.discount_voucher_variants ALTER COLUMN id ADD GENERATED BY DEFAULT AS IDENTITY (
    SEQUENCE NAME public.discount_voucher_variants_id_seq
    START WITH 1
    INCREMENT BY 1
    NO MINVALUE
    NO MAXVALUE
    CACHE 1
);


--
-- Name: discount_voucherchannellisting; Type: TABLE; Schema: public; Owner: saleor
--

CREATE TABLE public.discount_voucherchannellisting (
    id integer NOT NULL,
    discount_value numeric(20,3) NOT NULL,
    currency character varying(3) NOT NULL,
    min_spent_amount numeric(20,3),
    channel_id integer NOT NULL,
    voucher_id integer NOT NULL
);


ALTER TABLE public.discount_voucherchannellisting OWNER TO saleor;

--
-- Name: discount_voucherchannellisting_id_seq; Type: SEQUENCE; Schema: public; Owner: saleor
--

ALTER TABLE public.discount_voucherchannellisting ALTER COLUMN id ADD GENERATED BY DEFAULT AS IDENTITY (
    SEQUENCE NAME public.discount_voucherchannellisting_id_seq
    START WITH 1
    INCREMENT BY 1
    NO MINVALUE
    NO MAXVALUE
    CACHE 1
);


--
-- Name: discount_vouchercode; Type: TABLE; Schema: public; Owner: saleor
--

CREATE TABLE public.discount_vouchercode (
    id uuid NOT NULL,
    code character varying(255) NOT NULL,
    used integer NOT NULL,
    is_active boolean DEFAULT true NOT NULL,
    created_at timestamp with time zone DEFAULT CURRENT_TIMESTAMP NOT NULL,
    voucher_id integer NOT NULL,
    CONSTRAINT discount_vouchercode_used_check CHECK ((used >= 0))
);


ALTER TABLE public.discount_vouchercode OWNER TO saleor;

--
-- Name: discount_vouchercustomer; Type: TABLE; Schema: public; Owner: saleor
--

CREATE TABLE public.discount_vouchercustomer (
    id integer NOT NULL,
    customer_email character varying(254) NOT NULL,
    voucher_code_id uuid NOT NULL
);


ALTER TABLE public.discount_vouchercustomer OWNER TO saleor;

--
-- Name: discount_vouchercustomer_id_seq; Type: SEQUENCE; Schema: public; Owner: saleor
--

ALTER TABLE public.discount_vouchercustomer ALTER COLUMN id ADD GENERATED BY DEFAULT AS IDENTITY (
    SEQUENCE NAME public.discount_vouchercustomer_id_seq
    START WITH 1
    INCREMENT BY 1
    NO MINVALUE
    NO MAXVALUE
    CACHE 1
);


--
-- Name: discount_vouchertranslation; Type: TABLE; Schema: public; Owner: saleor
--

CREATE TABLE public.discount_vouchertranslation (
    id integer NOT NULL,
    language_code character varying(35) NOT NULL,
    name character varying(255),
    voucher_id integer NOT NULL
);


ALTER TABLE public.discount_vouchertranslation OWNER TO saleor;

--
-- Name: discount_vouchertranslation_id_seq; Type: SEQUENCE; Schema: public; Owner: saleor
--

ALTER TABLE public.discount_vouchertranslation ALTER COLUMN id ADD GENERATED BY DEFAULT AS IDENTITY (
    SEQUENCE NAME public.discount_vouchertranslation_id_seq
    START WITH 1
    INCREMENT BY 1
    NO MINVALUE
    NO MAXVALUE
    CACHE 1
);


--
-- Name: django_celery_beat_clockedschedule; Type: TABLE; Schema: public; Owner: saleor
--

CREATE TABLE public.django_celery_beat_clockedschedule (
    id integer NOT NULL,
    clocked_time timestamp with time zone NOT NULL
);


ALTER TABLE public.django_celery_beat_clockedschedule OWNER TO saleor;

--
-- Name: django_celery_beat_clockedschedule_id_seq; Type: SEQUENCE; Schema: public; Owner: saleor
--

ALTER TABLE public.django_celery_beat_clockedschedule ALTER COLUMN id ADD GENERATED BY DEFAULT AS IDENTITY (
    SEQUENCE NAME public.django_celery_beat_clockedschedule_id_seq
    START WITH 1
    INCREMENT BY 1
    NO MINVALUE
    NO MAXVALUE
    CACHE 1
);


--
-- Name: django_celery_beat_crontabschedule; Type: TABLE; Schema: public; Owner: saleor
--

CREATE TABLE public.django_celery_beat_crontabschedule (
    id integer NOT NULL,
    minute character varying(240) NOT NULL,
    hour character varying(96) NOT NULL,
    day_of_week character varying(64) NOT NULL,
    day_of_month character varying(124) NOT NULL,
    month_of_year character varying(64) NOT NULL,
    timezone character varying(63) NOT NULL
);


ALTER TABLE public.django_celery_beat_crontabschedule OWNER TO saleor;

--
-- Name: django_celery_beat_crontabschedule_id_seq; Type: SEQUENCE; Schema: public; Owner: saleor
--

ALTER TABLE public.django_celery_beat_crontabschedule ALTER COLUMN id ADD GENERATED BY DEFAULT AS IDENTITY (
    SEQUENCE NAME public.django_celery_beat_crontabschedule_id_seq
    START WITH 1
    INCREMENT BY 1
    NO MINVALUE
    NO MAXVALUE
    CACHE 1
);


--
-- Name: django_celery_beat_intervalschedule; Type: TABLE; Schema: public; Owner: saleor
--

CREATE TABLE public.django_celery_beat_intervalschedule (
    id integer NOT NULL,
    every integer NOT NULL,
    period character varying(24) NOT NULL
);


ALTER TABLE public.django_celery_beat_intervalschedule OWNER TO saleor;

--
-- Name: django_celery_beat_intervalschedule_id_seq; Type: SEQUENCE; Schema: public; Owner: saleor
--

ALTER TABLE public.django_celery_beat_intervalschedule ALTER COLUMN id ADD GENERATED BY DEFAULT AS IDENTITY (
    SEQUENCE NAME public.django_celery_beat_intervalschedule_id_seq
    START WITH 1
    INCREMENT BY 1
    NO MINVALUE
    NO MAXVALUE
    CACHE 1
);


--
-- Name: django_celery_beat_periodictask; Type: TABLE; Schema: public; Owner: saleor
--

CREATE TABLE public.django_celery_beat_periodictask (
    id integer NOT NULL,
    name character varying(200) NOT NULL,
    task character varying(200) NOT NULL,
    args text NOT NULL,
    kwargs text NOT NULL,
    queue character varying(200),
    exchange character varying(200),
    routing_key character varying(200),
    expires timestamp with time zone,
    enabled boolean NOT NULL,
    last_run_at timestamp with time zone,
    total_run_count integer NOT NULL,
    date_changed timestamp with time zone NOT NULL,
    description text NOT NULL,
    crontab_id integer,
    interval_id integer,
    solar_id integer,
    one_off boolean NOT NULL,
    start_time timestamp with time zone,
    priority integer,
    headers text NOT NULL,
    clocked_id integer,
    expire_seconds integer,
    CONSTRAINT django_celery_beat_periodictask_expire_seconds_check CHECK ((expire_seconds >= 0)),
    CONSTRAINT django_celery_beat_periodictask_priority_check CHECK ((priority >= 0)),
    CONSTRAINT django_celery_beat_periodictask_total_run_count_check CHECK ((total_run_count >= 0))
);


ALTER TABLE public.django_celery_beat_periodictask OWNER TO saleor;

--
-- Name: django_celery_beat_periodictask_id_seq; Type: SEQUENCE; Schema: public; Owner: saleor
--

ALTER TABLE public.django_celery_beat_periodictask ALTER COLUMN id ADD GENERATED BY DEFAULT AS IDENTITY (
    SEQUENCE NAME public.django_celery_beat_periodictask_id_seq
    START WITH 1
    INCREMENT BY 1
    NO MINVALUE
    NO MAXVALUE
    CACHE 1
);


--
-- Name: django_celery_beat_periodictasks; Type: TABLE; Schema: public; Owner: saleor
--

CREATE TABLE public.django_celery_beat_periodictasks (
    ident smallint NOT NULL,
    last_update timestamp with time zone NOT NULL
);


ALTER TABLE public.django_celery_beat_periodictasks OWNER TO saleor;

--
-- Name: django_celery_beat_solarschedule; Type: TABLE; Schema: public; Owner: saleor
--

CREATE TABLE public.django_celery_beat_solarschedule (
    id integer NOT NULL,
    event character varying(24) NOT NULL,
    latitude numeric(9,6) NOT NULL,
    longitude numeric(9,6) NOT NULL
);


ALTER TABLE public.django_celery_beat_solarschedule OWNER TO saleor;

--
-- Name: django_celery_beat_solarschedule_id_seq; Type: SEQUENCE; Schema: public; Owner: saleor
--

ALTER TABLE public.django_celery_beat_solarschedule ALTER COLUMN id ADD GENERATED BY DEFAULT AS IDENTITY (
    SEQUENCE NAME public.django_celery_beat_solarschedule_id_seq
    START WITH 1
    INCREMENT BY 1
    NO MINVALUE
    NO MAXVALUE
    CACHE 1
);


--
-- Name: django_content_type; Type: TABLE; Schema: public; Owner: saleor
--

CREATE TABLE public.django_content_type (
    id integer NOT NULL,
    app_label character varying(100) NOT NULL,
    model character varying(100) NOT NULL
);


ALTER TABLE public.django_content_type OWNER TO saleor;

--
-- Name: django_content_type_id_seq; Type: SEQUENCE; Schema: public; Owner: saleor
--

ALTER TABLE public.django_content_type ALTER COLUMN id ADD GENERATED BY DEFAULT AS IDENTITY (
    SEQUENCE NAME public.django_content_type_id_seq
    START WITH 1
    INCREMENT BY 1
    NO MINVALUE
    NO MAXVALUE
    CACHE 1
);


--
-- Name: django_migrations; Type: TABLE; Schema: public; Owner: saleor
--

CREATE TABLE public.django_migrations (
    id integer NOT NULL,
    app character varying(255) NOT NULL,
    name character varying(255) NOT NULL,
    applied timestamp with time zone NOT NULL
);


ALTER TABLE public.django_migrations OWNER TO saleor;

--
-- Name: django_migrations_id_seq; Type: SEQUENCE; Schema: public; Owner: saleor
--

ALTER TABLE public.django_migrations ALTER COLUMN id ADD GENERATED BY DEFAULT AS IDENTITY (
    SEQUENCE NAME public.django_migrations_id_seq
    START WITH 1
    INCREMENT BY 1
    NO MINVALUE
    NO MAXVALUE
    CACHE 1
);


--
-- Name: django_site; Type: TABLE; Schema: public; Owner: saleor
--

CREATE TABLE public.django_site (
    id integer NOT NULL,
    domain character varying(100) NOT NULL,
    name character varying(50) NOT NULL
);


ALTER TABLE public.django_site OWNER TO saleor;

--
-- Name: django_site_id_seq; Type: SEQUENCE; Schema: public; Owner: saleor
--

ALTER TABLE public.django_site ALTER COLUMN id ADD GENERATED BY DEFAULT AS IDENTITY (
    SEQUENCE NAME public.django_site_id_seq
    START WITH 1
    INCREMENT BY 1
    NO MINVALUE
    NO MAXVALUE
    CACHE 1
);


--
-- Name: giftcard_giftcard; Type: TABLE; Schema: public; Owner: saleor
--

CREATE TABLE public.giftcard_giftcard (
    id integer NOT NULL,
    code character varying(16) NOT NULL,
    created_at timestamp with time zone NOT NULL,
    last_used_on timestamp with time zone,
    is_active boolean NOT NULL,
    initial_balance_amount numeric(20,3) NOT NULL,
    current_balance_amount numeric(20,3) NOT NULL,
    currency character varying(3) NOT NULL,
    app_id integer,
    created_by_id integer,
    created_by_email character varying(254),
    expiry_date date,
    metadata jsonb,
    private_metadata jsonb,
    product_id integer,
    used_by_id integer,
    used_by_email character varying(254),
    fulfillment_line_id integer,
    search_index_dirty boolean DEFAULT true NOT NULL,
    search_vector tsvector
);


ALTER TABLE public.giftcard_giftcard OWNER TO saleor;

--
-- Name: giftcard_giftcard_id_seq; Type: SEQUENCE; Schema: public; Owner: saleor
--

ALTER TABLE public.giftcard_giftcard ALTER COLUMN id ADD GENERATED BY DEFAULT AS IDENTITY (
    SEQUENCE NAME public.giftcard_giftcard_id_seq
    START WITH 1
    INCREMENT BY 1
    NO MINVALUE
    NO MAXVALUE
    CACHE 1
);


--
-- Name: giftcard_giftcard_tags; Type: TABLE; Schema: public; Owner: saleor
--

CREATE TABLE public.giftcard_giftcard_tags (
    id integer NOT NULL,
    giftcard_id integer NOT NULL,
    giftcardtag_id integer NOT NULL
);


ALTER TABLE public.giftcard_giftcard_tags OWNER TO saleor;

--
-- Name: giftcard_giftcard_tags_id_seq; Type: SEQUENCE; Schema: public; Owner: saleor
--

ALTER TABLE public.giftcard_giftcard_tags ALTER COLUMN id ADD GENERATED BY DEFAULT AS IDENTITY (
    SEQUENCE NAME public.giftcard_giftcard_tags_id_seq
    START WITH 1
    INCREMENT BY 1
    NO MINVALUE
    NO MAXVALUE
    CACHE 1
);


--
-- Name: giftcard_giftcardevent; Type: TABLE; Schema: public; Owner: saleor
--

CREATE TABLE public.giftcard_giftcardevent (
    id integer NOT NULL,
    date timestamp with time zone NOT NULL,
    type character varying(255) NOT NULL,
    parameters jsonb NOT NULL,
    app_id integer,
    gift_card_id integer NOT NULL,
    user_id integer,
    order_id uuid
);


ALTER TABLE public.giftcard_giftcardevent OWNER TO saleor;

--
-- Name: giftcard_giftcardevent_id_seq; Type: SEQUENCE; Schema: public; Owner: saleor
--

ALTER TABLE public.giftcard_giftcardevent ALTER COLUMN id ADD GENERATED BY DEFAULT AS IDENTITY (
    SEQUENCE NAME public.giftcard_giftcardevent_id_seq
    START WITH 1
    INCREMENT BY 1
    NO MINVALUE
    NO MAXVALUE
    CACHE 1
);


--
-- Name: giftcard_giftcardtag; Type: TABLE; Schema: public; Owner: saleor
--

CREATE TABLE public.giftcard_giftcardtag (
    id integer NOT NULL,
    name character varying(255) NOT NULL
);


ALTER TABLE public.giftcard_giftcardtag OWNER TO saleor;

--
-- Name: giftcard_giftcardtag_id_seq; Type: SEQUENCE; Schema: public; Owner: saleor
--

ALTER TABLE public.giftcard_giftcardtag ALTER COLUMN id ADD GENERATED BY DEFAULT AS IDENTITY (
    SEQUENCE NAME public.giftcard_giftcardtag_id_seq
    START WITH 1
    INCREMENT BY 1
    NO MINVALUE
    NO MAXVALUE
    CACHE 1
);


--
-- Name: invoice_invoice; Type: TABLE; Schema: public; Owner: saleor
--

CREATE TABLE public.invoice_invoice (
    id integer NOT NULL,
    private_metadata jsonb,
    metadata jsonb,
    status character varying(50) NOT NULL,
    created_at timestamp with time zone NOT NULL,
    updated_at timestamp with time zone NOT NULL,
    number character varying(255),
    created timestamp with time zone,
    external_url character varying(2048),
    invoice_file character varying(100) NOT NULL,
    message character varying(255),
    order_id uuid
);


ALTER TABLE public.invoice_invoice OWNER TO saleor;

--
-- Name: invoice_invoice_id_seq; Type: SEQUENCE; Schema: public; Owner: saleor
--

ALTER TABLE public.invoice_invoice ALTER COLUMN id ADD GENERATED BY DEFAULT AS IDENTITY (
    SEQUENCE NAME public.invoice_invoice_id_seq
    START WITH 1
    INCREMENT BY 1
    NO MINVALUE
    NO MAXVALUE
    CACHE 1
);


--
-- Name: invoice_invoiceevent; Type: TABLE; Schema: public; Owner: saleor
--

CREATE TABLE public.invoice_invoiceevent (
    id integer NOT NULL,
    date timestamp with time zone NOT NULL,
    type character varying(255) NOT NULL,
    parameters jsonb NOT NULL,
    invoice_id integer,
    user_id integer,
    app_id integer,
    order_id uuid
);


ALTER TABLE public.invoice_invoiceevent OWNER TO saleor;

--
-- Name: invoice_invoiceevent_id_seq; Type: SEQUENCE; Schema: public; Owner: saleor
--

ALTER TABLE public.invoice_invoiceevent ALTER COLUMN id ADD GENERATED BY DEFAULT AS IDENTITY (
    SEQUENCE NAME public.invoice_invoiceevent_id_seq
    START WITH 1
    INCREMENT BY 1
    NO MINVALUE
    NO MAXVALUE
    CACHE 1
);


--
-- Name: menu_menu; Type: TABLE; Schema: public; Owner: saleor
--

CREATE TABLE public.menu_menu (
    id integer NOT NULL,
    name character varying(250) NOT NULL,
    slug character varying(255) NOT NULL,
    metadata jsonb,
    private_metadata jsonb
);


ALTER TABLE public.menu_menu OWNER TO saleor;

--
-- Name: menu_menu_id_seq; Type: SEQUENCE; Schema: public; Owner: saleor
--

ALTER TABLE public.menu_menu ALTER COLUMN id ADD GENERATED BY DEFAULT AS IDENTITY (
    SEQUENCE NAME public.menu_menu_id_seq
    START WITH 1
    INCREMENT BY 1
    NO MINVALUE
    NO MAXVALUE
    CACHE 1
);


--
-- Name: menu_menuitem; Type: TABLE; Schema: public; Owner: saleor
--

CREATE TABLE public.menu_menuitem (
    id integer NOT NULL,
    name character varying(128) NOT NULL,
    sort_order integer,
    url character varying(256),
    lft integer NOT NULL,
    rght integer NOT NULL,
    tree_id integer NOT NULL,
    level integer NOT NULL,
    category_id integer,
    collection_id integer,
    menu_id integer NOT NULL,
    page_id integer,
    parent_id integer,
    metadata jsonb,
    private_metadata jsonb,
    CONSTRAINT menu_menuitem_level_check CHECK ((level >= 0)),
    CONSTRAINT menu_menuitem_lft_check CHECK ((lft >= 0)),
    CONSTRAINT menu_menuitem_rght_check CHECK ((rght >= 0)),
    CONSTRAINT menu_menuitem_tree_id_check CHECK ((tree_id >= 0))
);


ALTER TABLE public.menu_menuitem OWNER TO saleor;

--
-- Name: menu_menuitem_id_seq; Type: SEQUENCE; Schema: public; Owner: saleor
--

ALTER TABLE public.menu_menuitem ALTER COLUMN id ADD GENERATED BY DEFAULT AS IDENTITY (
    SEQUENCE NAME public.menu_menuitem_id_seq
    START WITH 1
    INCREMENT BY 1
    NO MINVALUE
    NO MAXVALUE
    CACHE 1
);


--
-- Name: menu_menuitemtranslation; Type: TABLE; Schema: public; Owner: saleor
--

CREATE TABLE public.menu_menuitemtranslation (
    id integer NOT NULL,
    language_code character varying(35) NOT NULL,
    name character varying(128) NOT NULL,
    menu_item_id integer NOT NULL
);


ALTER TABLE public.menu_menuitemtranslation OWNER TO saleor;

--
-- Name: menu_menuitemtranslation_id_seq; Type: SEQUENCE; Schema: public; Owner: saleor
--

ALTER TABLE public.menu_menuitemtranslation ALTER COLUMN id ADD GENERATED BY DEFAULT AS IDENTITY (
    SEQUENCE NAME public.menu_menuitemtranslation_id_seq
    START WITH 1
    INCREMENT BY 1
    NO MINVALUE
    NO MAXVALUE
    CACHE 1
);


--
-- Name: order_fulfillment; Type: TABLE; Schema: public; Owner: saleor
--

CREATE TABLE public.order_fulfillment (
    id integer NOT NULL,
    tracking_number character varying(255) NOT NULL,
    created_at timestamp with time zone NOT NULL,
    fulfillment_order integer NOT NULL,
    status character varying(32) NOT NULL,
    metadata jsonb,
    private_metadata jsonb,
    shipping_refund_amount numeric(20,3),
    total_refund_amount numeric(20,3),
    order_id uuid NOT NULL,
    CONSTRAINT order_fulfillment_fulfillment_order_check CHECK ((fulfillment_order >= 0))
);


ALTER TABLE public.order_fulfillment OWNER TO saleor;

--
-- Name: order_fulfillment_id_seq; Type: SEQUENCE; Schema: public; Owner: saleor
--

ALTER TABLE public.order_fulfillment ALTER COLUMN id ADD GENERATED BY DEFAULT AS IDENTITY (
    SEQUENCE NAME public.order_fulfillment_id_seq
    START WITH 1
    INCREMENT BY 1
    NO MINVALUE
    NO MAXVALUE
    CACHE 1
);


--
-- Name: order_fulfillmentline; Type: TABLE; Schema: public; Owner: saleor
--

CREATE TABLE public.order_fulfillmentline (
    id integer NOT NULL,
    quantity integer NOT NULL,
    fulfillment_id integer NOT NULL,
    stock_id integer,
    order_line_id uuid NOT NULL,
    CONSTRAINT order_fulfillmentline_quantity_81b787d3_check CHECK ((quantity >= 0))
);


ALTER TABLE public.order_fulfillmentline OWNER TO saleor;

--
-- Name: order_fulfillmentline_id_seq; Type: SEQUENCE; Schema: public; Owner: saleor
--

ALTER TABLE public.order_fulfillmentline ALTER COLUMN id ADD GENERATED BY DEFAULT AS IDENTITY (
    SEQUENCE NAME public.order_fulfillmentline_id_seq
    START WITH 1
    INCREMENT BY 1
    NO MINVALUE
    NO MAXVALUE
    CACHE 1
);


--
-- Name: order_order; Type: TABLE; Schema: public; Owner: saleor
--

CREATE TABLE public.order_order (
    created_at timestamp with time zone NOT NULL,
    tracking_client_id character varying(36) NOT NULL,
    user_email character varying(254) NOT NULL,
    id uuid NOT NULL,
    billing_address_id integer,
    shipping_address_id integer,
    user_id integer,
    total_net_amount numeric(20,3) NOT NULL,
    voucher_id integer,
    language_code character varying(35) NOT NULL,
    shipping_price_gross_amount numeric(20,3) NOT NULL,
    total_gross_amount numeric(20,3) NOT NULL,
    shipping_price_net_amount numeric(20,3) NOT NULL,
    status character varying(32) NOT NULL,
    shipping_method_name character varying(255),
    shipping_method_id integer,
    display_gross_prices boolean NOT NULL,
    customer_note text NOT NULL,
    weight double precision NOT NULL,
    checkout_token character varying(36) NOT NULL,
    currency character varying(3) NOT NULL,
    metadata jsonb,
    private_metadata jsonb,
    channel_id integer NOT NULL,
    redirect_url character varying(200),
    shipping_tax_rate numeric(5,4),
    undiscounted_total_gross_amount numeric(20,3) NOT NULL,
    undiscounted_total_net_amount numeric(20,3) NOT NULL,
    total_charged_amount numeric(20,3) NOT NULL,
    origin character varying(32) NOT NULL,
    collection_point_id uuid,
    collection_point_name character varying(255),
    search_document text NOT NULL,
    updated_at timestamp with time zone NOT NULL,
    use_old_id boolean NOT NULL,
    number integer NOT NULL,
    original_id uuid,
    total_authorized_amount numeric(20,3) NOT NULL,
    authorize_status character varying(32) NOT NULL,
    charge_status character varying(32) NOT NULL,
    search_vector tsvector,
    should_refresh_prices boolean NOT NULL,
    tax_exemption boolean DEFAULT false NOT NULL,
    base_shipping_price_amount numeric(20,3) NOT NULL,
    shipping_tax_class_id integer,
    shipping_tax_class_metadata jsonb,
    shipping_tax_class_name character varying(255),
    shipping_tax_class_private_metadata jsonb,
    external_reference character varying(250),
    expired_at timestamp with time zone,
    voucher_code character varying(255),
    subtotal_gross_amount numeric(20,3) DEFAULT 0 NOT NULL,
    subtotal_net_amount numeric(20,3) DEFAULT 0 NOT NULL,
    tax_error character varying(255),
    undiscounted_base_shipping_price_amount numeric(20,3) NOT NULL,
    draft_save_billing_address boolean,
    draft_save_shipping_address boolean,
    lines_count integer,
    CONSTRAINT order_order_lines_count_check CHECK ((lines_count >= 0))
);


ALTER TABLE public.order_order OWNER TO saleor;

--
-- Name: order_order_gift_cards; Type: TABLE; Schema: public; Owner: saleor
--

CREATE TABLE public.order_order_gift_cards (
    id integer NOT NULL,
    giftcard_id integer NOT NULL,
    order_id uuid NOT NULL
);


ALTER TABLE public.order_order_gift_cards OWNER TO saleor;

--
-- Name: order_order_gift_cards_id_seq; Type: SEQUENCE; Schema: public; Owner: saleor
--

ALTER TABLE public.order_order_gift_cards ALTER COLUMN id ADD GENERATED BY DEFAULT AS IDENTITY (
    SEQUENCE NAME public.order_order_gift_cards_id_seq
    START WITH 1
    INCREMENT BY 1
    NO MINVALUE
    NO MAXVALUE
    CACHE 1
);


--
-- Name: order_order_number_seq; Type: SEQUENCE; Schema: public; Owner: saleor
--

CREATE SEQUENCE public.order_order_number_seq
    START WITH 1
    INCREMENT BY 1
    NO MINVALUE
    NO MAXVALUE
    CACHE 1;


ALTER SEQUENCE public.order_order_number_seq OWNER TO saleor;

--
-- Name: order_order_number_seq; Type: SEQUENCE OWNED BY; Schema: public; Owner: saleor
--

ALTER SEQUENCE public.order_order_number_seq OWNED BY public.order_order.number;


--
-- Name: order_orderevent; Type: TABLE; Schema: public; Owner: saleor
--

CREATE TABLE public.order_orderevent (
    id integer NOT NULL,
    date timestamp with time zone NOT NULL,
    type character varying(255) NOT NULL,
    user_id integer,
    parameters jsonb NOT NULL,
    app_id integer,
    order_id uuid NOT NULL,
    related_id integer
);


ALTER TABLE public.order_orderevent OWNER TO saleor;

--
-- Name: order_orderevent_id_seq; Type: SEQUENCE; Schema: public; Owner: saleor
--

ALTER TABLE public.order_orderevent ALTER COLUMN id ADD GENERATED BY DEFAULT AS IDENTITY (
    SEQUENCE NAME public.order_orderevent_id_seq
    START WITH 1
    INCREMENT BY 1
    NO MINVALUE
    NO MAXVALUE
    CACHE 1
);


--
-- Name: order_ordergrantedrefund; Type: TABLE; Schema: public; Owner: saleor
--

CREATE TABLE public.order_ordergrantedrefund (
    id integer NOT NULL,
    created_at timestamp with time zone NOT NULL,
    updated_at timestamp with time zone NOT NULL,
    amount_value numeric(20,3) NOT NULL,
    currency character varying(3) NOT NULL,
    reason text NOT NULL,
    app_id integer,
    order_id uuid NOT NULL,
    user_id integer,
    shipping_costs_included boolean DEFAULT false NOT NULL,
    transaction_item_id integer,
    status character varying(128) DEFAULT 'none'::character varying NOT NULL
);


ALTER TABLE public.order_ordergrantedrefund OWNER TO saleor;

--
-- Name: order_ordergrantedrefund_id_seq; Type: SEQUENCE; Schema: public; Owner: saleor
--

ALTER TABLE public.order_ordergrantedrefund ALTER COLUMN id ADD GENERATED BY DEFAULT AS IDENTITY (
    SEQUENCE NAME public.order_ordergrantedrefund_id_seq
    START WITH 1
    INCREMENT BY 1
    NO MINVALUE
    NO MAXVALUE
    CACHE 1
);


--
-- Name: order_ordergrantedrefundline; Type: TABLE; Schema: public; Owner: saleor
--

CREATE TABLE public.order_ordergrantedrefundline (
    id integer NOT NULL,
    quantity integer NOT NULL,
    granted_refund_id integer NOT NULL,
    order_line_id uuid NOT NULL,
    reason text,
    CONSTRAINT order_ordergrantedrefundline_quantity_check CHECK ((quantity >= 0))
);


ALTER TABLE public.order_ordergrantedrefundline OWNER TO saleor;

--
-- Name: order_ordergrantedrefundline_id_seq; Type: SEQUENCE; Schema: public; Owner: saleor
--

ALTER TABLE public.order_ordergrantedrefundline ALTER COLUMN id ADD GENERATED BY DEFAULT AS IDENTITY (
    SEQUENCE NAME public.order_ordergrantedrefundline_id_seq
    START WITH 1
    INCREMENT BY 1
    NO MINVALUE
    NO MAXVALUE
    CACHE 1
);


--
-- Name: order_orderline; Type: TABLE; Schema: public; Owner: saleor
--

CREATE TABLE public.order_orderline (
    product_name character varying(386) NOT NULL,
    product_sku character varying(255),
    quantity integer NOT NULL,
    unit_price_net_amount numeric(20,3) NOT NULL,
    unit_price_gross_amount numeric(20,3) NOT NULL,
    is_shipping_required boolean NOT NULL,
    quantity_fulfilled integer NOT NULL,
    variant_id integer,
    tax_rate numeric(5,4),
    translated_product_name character varying(386) NOT NULL,
    currency character varying(3) NOT NULL,
    translated_variant_name character varying(255) NOT NULL,
    variant_name character varying(255) NOT NULL,
    total_price_gross_amount numeric(20,3) NOT NULL,
    total_price_net_amount numeric(20,3) NOT NULL,
    unit_discount_amount numeric(20,3) NOT NULL,
    unit_discount_value numeric(20,3) NOT NULL,
    unit_discount_reason text,
    unit_discount_type character varying(10) DEFAULT NULL::character varying,
    undiscounted_total_price_gross_amount numeric(20,3) NOT NULL,
    undiscounted_total_price_net_amount numeric(20,3) NOT NULL,
    undiscounted_unit_price_gross_amount numeric(20,3) NOT NULL,
    undiscounted_unit_price_net_amount numeric(20,3) NOT NULL,
    is_gift_card boolean NOT NULL,
    product_variant_id character varying(255),
    sale_id character varying(255),
    voucher_code character varying(255),
    order_id uuid NOT NULL,
    id uuid NOT NULL,
    old_id integer,
    created_at timestamp with time zone NOT NULL,
    base_unit_price_amount numeric(20,3) NOT NULL,
    undiscounted_base_unit_price_amount numeric(20,3) NOT NULL,
    metadata jsonb,
    private_metadata jsonb,
    tax_class_id integer,
    tax_class_metadata jsonb,
    tax_class_name character varying(255),
    tax_class_private_metadata jsonb,
    is_gift boolean DEFAULT false NOT NULL,
    is_price_overridden boolean,
    draft_base_price_expire_at timestamp with time zone,
    CONSTRAINT order_orderline_old_id_check CHECK ((old_id >= 0))
);


ALTER TABLE public.order_orderline OWNER TO saleor;

--
-- Name: page_page; Type: TABLE; Schema: public; Owner: saleor
--

CREATE TABLE public.page_page (
    id integer NOT NULL,
    slug character varying(255) NOT NULL,
    title character varying(250) NOT NULL,
    content jsonb,
    created_at timestamp with time zone NOT NULL,
    is_published boolean NOT NULL,
    published_at timestamp with time zone,
    seo_description character varying(300),
    seo_title character varying(70),
    metadata jsonb,
    private_metadata jsonb,
    page_type_id integer NOT NULL
);


ALTER TABLE public.page_page OWNER TO saleor;

--
-- Name: page_page_id_seq; Type: SEQUENCE; Schema: public; Owner: saleor
--

ALTER TABLE public.page_page ALTER COLUMN id ADD GENERATED BY DEFAULT AS IDENTITY (
    SEQUENCE NAME public.page_page_id_seq
    START WITH 1
    INCREMENT BY 1
    NO MINVALUE
    NO MAXVALUE
    CACHE 1
);


--
-- Name: page_pagetranslation; Type: TABLE; Schema: public; Owner: saleor
--

CREATE TABLE public.page_pagetranslation (
    id integer NOT NULL,
    seo_title character varying(70),
    seo_description character varying(300),
    language_code character varying(35) NOT NULL,
    title character varying(255),
    content jsonb,
    page_id integer NOT NULL,
    slug character varying(255)
);


ALTER TABLE public.page_pagetranslation OWNER TO saleor;

--
-- Name: page_pagetranslation_id_seq; Type: SEQUENCE; Schema: public; Owner: saleor
--

ALTER TABLE public.page_pagetranslation ALTER COLUMN id ADD GENERATED BY DEFAULT AS IDENTITY (
    SEQUENCE NAME public.page_pagetranslation_id_seq
    START WITH 1
    INCREMENT BY 1
    NO MINVALUE
    NO MAXVALUE
    CACHE 1
);


--
-- Name: page_pagetype; Type: TABLE; Schema: public; Owner: saleor
--

CREATE TABLE public.page_pagetype (
    id integer NOT NULL,
    private_metadata jsonb,
    metadata jsonb,
    name character varying(250) NOT NULL,
    slug character varying(255) NOT NULL
);


ALTER TABLE public.page_pagetype OWNER TO saleor;

--
-- Name: page_pagetype_id_seq; Type: SEQUENCE; Schema: public; Owner: saleor
--

ALTER TABLE public.page_pagetype ALTER COLUMN id ADD GENERATED BY DEFAULT AS IDENTITY (
    SEQUENCE NAME public.page_pagetype_id_seq
    START WITH 1
    INCREMENT BY 1
    NO MINVALUE
    NO MAXVALUE
    CACHE 1
);


--
-- Name: payment_payment; Type: TABLE; Schema: public; Owner: saleor
--

CREATE TABLE public.payment_payment (
    id integer NOT NULL,
    gateway character varying(255) NOT NULL,
    is_active boolean NOT NULL,
    created_at timestamp with time zone NOT NULL,
    modified_at timestamp with time zone NOT NULL,
    charge_status character varying(20) NOT NULL,
    billing_first_name character varying(256) NOT NULL,
    billing_last_name character varying(256) NOT NULL,
    billing_company_name character varying(256) NOT NULL,
    billing_address_1 character varying(256) NOT NULL,
    billing_address_2 character varying(256) NOT NULL,
    billing_city character varying(256) NOT NULL,
    billing_city_area character varying(128) NOT NULL,
    billing_postal_code character varying(256) NOT NULL,
    billing_country_code character varying(2) NOT NULL,
    billing_country_area character varying(256) NOT NULL,
    billing_email character varying(254) NOT NULL,
    customer_ip_address inet,
    cc_brand character varying(40) NOT NULL,
    cc_exp_month integer,
    cc_exp_year integer,
    cc_first_digits character varying(6) NOT NULL,
    cc_last_digits character varying(4) NOT NULL,
    extra_data text NOT NULL,
    token character varying(512) NOT NULL,
    currency character varying(3) NOT NULL,
    total numeric(20,3) NOT NULL,
    captured_amount numeric(20,3) NOT NULL,
    checkout_id uuid,
    to_confirm boolean NOT NULL,
    payment_method_type character varying(256) NOT NULL,
    return_url character varying(200),
    psp_reference character varying(512),
    partial boolean NOT NULL,
    metadata jsonb,
    private_metadata jsonb,
    store_payment_method character varying(11) NOT NULL,
    order_id uuid,
    CONSTRAINT payment_paymentmethod_cc_exp_month_check CHECK ((cc_exp_month >= 0)),
    CONSTRAINT payment_paymentmethod_cc_exp_year_check CHECK ((cc_exp_year >= 0))
);


ALTER TABLE public.payment_payment OWNER TO saleor;

--
-- Name: payment_paymentmethod_id_seq; Type: SEQUENCE; Schema: public; Owner: saleor
--

ALTER TABLE public.payment_payment ALTER COLUMN id ADD GENERATED BY DEFAULT AS IDENTITY (
    SEQUENCE NAME public.payment_paymentmethod_id_seq
    START WITH 1
    INCREMENT BY 1
    NO MINVALUE
    NO MAXVALUE
    CACHE 1
);


--
-- Name: payment_transaction; Type: TABLE; Schema: public; Owner: saleor
--

CREATE TABLE public.payment_transaction (
    id integer NOT NULL,
    created_at timestamp with time zone NOT NULL,
    token character varying(512) NOT NULL,
    kind character varying(25) NOT NULL,
    is_success boolean NOT NULL,
    error text,
    currency character varying(3) NOT NULL,
    amount numeric(20,3) NOT NULL,
    gateway_response jsonb NOT NULL,
    payment_id integer NOT NULL,
    customer_id character varying(256),
    action_required boolean NOT NULL,
    action_required_data jsonb NOT NULL,
    already_processed boolean NOT NULL,
    legacy_adyen_plugin_payment_method text,
    legacy_adyen_plugin_result_code text
);


ALTER TABLE public.payment_transaction OWNER TO saleor;

--
-- Name: payment_transaction_id_seq; Type: SEQUENCE; Schema: public; Owner: saleor
--

ALTER TABLE public.payment_transaction ALTER COLUMN id ADD GENERATED BY DEFAULT AS IDENTITY (
    SEQUENCE NAME public.payment_transaction_id_seq
    START WITH 1
    INCREMENT BY 1
    NO MINVALUE
    NO MAXVALUE
    CACHE 1
);


--
-- Name: payment_transactionevent; Type: TABLE; Schema: public; Owner: saleor
--

CREATE TABLE public.payment_transactionevent (
    id integer NOT NULL,
    created_at timestamp with time zone NOT NULL,
    status character varying(128),
    transaction_id integer NOT NULL,
    amount_value numeric(20,3) DEFAULT 0 NOT NULL,
    app_id integer,
    app_identifier character varying(256),
    currency character varying(3) NOT NULL,
    external_url character varying(200),
    include_in_calculations boolean DEFAULT false NOT NULL,
    message character varying(512),
    psp_reference character varying(512),
    type character varying(128) DEFAULT 'info'::character varying NOT NULL,
    user_id integer,
    idempotency_key character varying(512),
    related_granted_refund_id integer
);


ALTER TABLE public.payment_transactionevent OWNER TO saleor;

--
-- Name: payment_transactionevent_id_seq; Type: SEQUENCE; Schema: public; Owner: saleor
--

ALTER TABLE public.payment_transactionevent ALTER COLUMN id ADD GENERATED BY DEFAULT AS IDENTITY (
    SEQUENCE NAME public.payment_transactionevent_id_seq
    START WITH 1
    INCREMENT BY 1
    NO MINVALUE
    NO MAXVALUE
    CACHE 1
);


--
-- Name: payment_transactionitem; Type: TABLE; Schema: public; Owner: saleor
--

CREATE TABLE public.payment_transactionitem (
    id integer NOT NULL,
    private_metadata jsonb,
    metadata jsonb,
    created_at timestamp with time zone NOT NULL,
    modified_at timestamp with time zone NOT NULL,
    status character varying(512),
    available_actions character varying(128)[] NOT NULL,
    currency character varying(3) NOT NULL,
    charged_value numeric(20,3) NOT NULL,
    authorized_value numeric(20,3) NOT NULL,
    refunded_value numeric(20,3) NOT NULL,
    checkout_id uuid,
    order_id uuid,
    app_id integer,
    app_identifier character varying(256),
    authorize_pending_value numeric(20,3) DEFAULT 0 NOT NULL,
    cancel_pending_value numeric(20,3) DEFAULT 0 NOT NULL,
    canceled_value numeric(20,3) DEFAULT 0 NOT NULL,
    charge_pending_value numeric(20,3) DEFAULT 0 NOT NULL,
    external_url character varying(200),
    message character varying(512),
    name character varying(512),
    psp_reference character varying(512),
    refund_pending_value numeric(20,3) DEFAULT 0 NOT NULL,
    user_id integer,
    token uuid NOT NULL,
    use_old_id boolean DEFAULT false NOT NULL,
    last_refund_success boolean DEFAULT true NOT NULL,
    idempotency_key character varying(512)
);


ALTER TABLE public.payment_transactionitem OWNER TO saleor;

--
-- Name: payment_transactionitem_id_seq; Type: SEQUENCE; Schema: public; Owner: saleor
--

ALTER TABLE public.payment_transactionitem ALTER COLUMN id ADD GENERATED BY DEFAULT AS IDENTITY (
    SEQUENCE NAME public.payment_transactionitem_id_seq
    START WITH 1
    INCREMENT BY 1
    NO MINVALUE
    NO MAXVALUE
    CACHE 1
);


--
-- Name: plugins_emailtemplate; Type: TABLE; Schema: public; Owner: saleor
--

CREATE TABLE public.plugins_emailtemplate (
    id integer NOT NULL,
    name character varying(255) NOT NULL,
    value text NOT NULL,
    plugin_configuration_id integer NOT NULL
);


ALTER TABLE public.plugins_emailtemplate OWNER TO saleor;

--
-- Name: plugins_emailtemplate_id_seq; Type: SEQUENCE; Schema: public; Owner: saleor
--

ALTER TABLE public.plugins_emailtemplate ALTER COLUMN id ADD GENERATED BY DEFAULT AS IDENTITY (
    SEQUENCE NAME public.plugins_emailtemplate_id_seq
    START WITH 1
    INCREMENT BY 1
    NO MINVALUE
    NO MAXVALUE
    CACHE 1
);


--
-- Name: plugins_pluginconfiguration; Type: TABLE; Schema: public; Owner: saleor
--

CREATE TABLE public.plugins_pluginconfiguration (
    id integer NOT NULL,
    name character varying(128) NOT NULL,
    description text NOT NULL,
    active boolean NOT NULL,
    configuration jsonb,
    identifier character varying(128) NOT NULL,
    channel_id integer
);


ALTER TABLE public.plugins_pluginconfiguration OWNER TO saleor;

--
-- Name: plugins_pluginconfiguration_id_seq; Type: SEQUENCE; Schema: public; Owner: saleor
--

ALTER TABLE public.plugins_pluginconfiguration ALTER COLUMN id ADD GENERATED BY DEFAULT AS IDENTITY (
    SEQUENCE NAME public.plugins_pluginconfiguration_id_seq
    START WITH 1
    INCREMENT BY 1
    NO MINVALUE
    NO MAXVALUE
    CACHE 1
);


--
-- Name: product_assignedvariantattribute_id_seq; Type: SEQUENCE; Schema: public; Owner: saleor
--

ALTER TABLE public.attribute_assignedvariantattribute ALTER COLUMN id ADD GENERATED BY DEFAULT AS IDENTITY (
    SEQUENCE NAME public.product_assignedvariantattribute_id_seq
    START WITH 1
    INCREMENT BY 1
    NO MINVALUE
    NO MAXVALUE
    CACHE 1
);


--
-- Name: product_attributechoicevalue_id_seq; Type: SEQUENCE; Schema: public; Owner: saleor
--

ALTER TABLE public.attribute_attributevalue ALTER COLUMN id ADD GENERATED BY DEFAULT AS IDENTITY (
    SEQUENCE NAME public.product_attributechoicevalue_id_seq
    START WITH 1
    INCREMENT BY 1
    NO MINVALUE
    NO MAXVALUE
    CACHE 1
);


--
-- Name: product_attributechoicevaluetranslation_id_seq; Type: SEQUENCE; Schema: public; Owner: saleor
--

ALTER TABLE public.attribute_attributevaluetranslation ALTER COLUMN id ADD GENERATED BY DEFAULT AS IDENTITY (
    SEQUENCE NAME public.product_attributechoicevaluetranslation_id_seq
    START WITH 1
    INCREMENT BY 1
    NO MINVALUE
    NO MAXVALUE
    CACHE 1
);


--
-- Name: product_attributepage_id_seq; Type: SEQUENCE; Schema: public; Owner: saleor
--

ALTER TABLE public.attribute_attributepage ALTER COLUMN id ADD GENERATED BY DEFAULT AS IDENTITY (
    SEQUENCE NAME public.product_attributepage_id_seq
    START WITH 1
    INCREMENT BY 1
    NO MINVALUE
    NO MAXVALUE
    CACHE 1
);


--
-- Name: product_attributeproduct_id_seq; Type: SEQUENCE; Schema: public; Owner: saleor
--

ALTER TABLE public.attribute_attributeproduct ALTER COLUMN id ADD GENERATED BY DEFAULT AS IDENTITY (
    SEQUENCE NAME public.product_attributeproduct_id_seq
    START WITH 1
    INCREMENT BY 1
    NO MINVALUE
    NO MAXVALUE
    CACHE 1
);


--
-- Name: product_attributevariant_id_seq; Type: SEQUENCE; Schema: public; Owner: saleor
--

ALTER TABLE public.attribute_attributevariant ALTER COLUMN id ADD GENERATED BY DEFAULT AS IDENTITY (
    SEQUENCE NAME public.product_attributevariant_id_seq
    START WITH 1
    INCREMENT BY 1
    NO MINVALUE
    NO MAXVALUE
    CACHE 1
);


--
-- Name: product_category; Type: TABLE; Schema: public; Owner: saleor
--

CREATE TABLE public.product_category (
    id integer NOT NULL,
    name character varying(250) NOT NULL,
    slug character varying(255) NOT NULL,
    description jsonb,
    lft integer NOT NULL,
    rght integer NOT NULL,
    tree_id integer NOT NULL,
    level integer NOT NULL,
    parent_id integer,
    background_image character varying(100),
    seo_description character varying(300),
    seo_title character varying(70),
    background_image_alt character varying(128) NOT NULL,
    metadata jsonb,
    private_metadata jsonb,
    description_plaintext text NOT NULL,
    updated_at timestamp with time zone DEFAULT now(),
    CONSTRAINT product_category_level_check CHECK ((level >= 0)),
    CONSTRAINT product_category_lft_check CHECK ((lft >= 0)),
    CONSTRAINT product_category_rght_check CHECK ((rght >= 0)),
    CONSTRAINT product_category_tree_id_check CHECK ((tree_id >= 0))
);


ALTER TABLE public.product_category OWNER TO saleor;

--
-- Name: product_category_id_seq; Type: SEQUENCE; Schema: public; Owner: saleor
--

ALTER TABLE public.product_category ALTER COLUMN id ADD GENERATED BY DEFAULT AS IDENTITY (
    SEQUENCE NAME public.product_category_id_seq
    START WITH 1
    INCREMENT BY 1
    NO MINVALUE
    NO MAXVALUE
    CACHE 1
);


--
-- Name: product_categorytranslation; Type: TABLE; Schema: public; Owner: saleor
--

CREATE TABLE public.product_categorytranslation (
    id integer NOT NULL,
    seo_title character varying(70),
    seo_description character varying(300),
    language_code character varying(35) NOT NULL,
    name character varying(128),
    description jsonb,
    category_id integer NOT NULL,
    slug character varying(255)
);


ALTER TABLE public.product_categorytranslation OWNER TO saleor;

--
-- Name: product_categorytranslation_id_seq; Type: SEQUENCE; Schema: public; Owner: saleor
--

ALTER TABLE public.product_categorytranslation ALTER COLUMN id ADD GENERATED BY DEFAULT AS IDENTITY (
    SEQUENCE NAME public.product_categorytranslation_id_seq
    START WITH 1
    INCREMENT BY 1
    NO MINVALUE
    NO MAXVALUE
    CACHE 1
);


--
-- Name: product_collection; Type: TABLE; Schema: public; Owner: saleor
--

CREATE TABLE public.product_collection (
    id integer NOT NULL,
    name character varying(250) NOT NULL,
    slug character varying(255) NOT NULL,
    background_image character varying(100),
    seo_description character varying(300),
    seo_title character varying(70),
    description jsonb,
    background_image_alt character varying(128) NOT NULL,
    metadata jsonb,
    private_metadata jsonb
);


ALTER TABLE public.product_collection OWNER TO saleor;

--
-- Name: product_collection_id_seq; Type: SEQUENCE; Schema: public; Owner: saleor
--

ALTER TABLE public.product_collection ALTER COLUMN id ADD GENERATED BY DEFAULT AS IDENTITY (
    SEQUENCE NAME public.product_collection_id_seq
    START WITH 1
    INCREMENT BY 1
    NO MINVALUE
    NO MAXVALUE
    CACHE 1
);


--
-- Name: product_collectionproduct; Type: TABLE; Schema: public; Owner: saleor
--

CREATE TABLE public.product_collectionproduct (
    id integer NOT NULL,
    collection_id integer NOT NULL,
    product_id integer NOT NULL,
    sort_order integer
);


ALTER TABLE public.product_collectionproduct OWNER TO saleor;

--
-- Name: product_collection_products_id_seq; Type: SEQUENCE; Schema: public; Owner: saleor
--

ALTER TABLE public.product_collectionproduct ALTER COLUMN id ADD GENERATED BY DEFAULT AS IDENTITY (
    SEQUENCE NAME public.product_collection_products_id_seq
    START WITH 1
    INCREMENT BY 1
    NO MINVALUE
    NO MAXVALUE
    CACHE 1
);


--
-- Name: product_collectionchannellisting; Type: TABLE; Schema: public; Owner: saleor
--

CREATE TABLE public.product_collectionchannellisting (
    id integer NOT NULL,
    published_at timestamp with time zone,
    is_published boolean NOT NULL,
    channel_id integer NOT NULL,
    collection_id integer NOT NULL
);


ALTER TABLE public.product_collectionchannellisting OWNER TO saleor;

--
-- Name: product_collectionchannellisting_id_seq; Type: SEQUENCE; Schema: public; Owner: saleor
--

ALTER TABLE public.product_collectionchannellisting ALTER COLUMN id ADD GENERATED BY DEFAULT AS IDENTITY (
    SEQUENCE NAME public.product_collectionchannellisting_id_seq
    START WITH 1
    INCREMENT BY 1
    NO MINVALUE
    NO MAXVALUE
    CACHE 1
);


--
-- Name: product_collectiontranslation; Type: TABLE; Schema: public; Owner: saleor
--

CREATE TABLE public.product_collectiontranslation (
    id integer NOT NULL,
    seo_title character varying(70),
    seo_description character varying(300),
    language_code character varying(35) NOT NULL,
    name character varying(128),
    collection_id integer NOT NULL,
    description jsonb,
    slug character varying(255)
);


ALTER TABLE public.product_collectiontranslation OWNER TO saleor;

--
-- Name: product_collectiontranslation_id_seq; Type: SEQUENCE; Schema: public; Owner: saleor
--

ALTER TABLE public.product_collectiontranslation ALTER COLUMN id ADD GENERATED BY DEFAULT AS IDENTITY (
    SEQUENCE NAME public.product_collectiontranslation_id_seq
    START WITH 1
    INCREMENT BY 1
    NO MINVALUE
    NO MAXVALUE
    CACHE 1
);


--
-- Name: product_digitalcontent; Type: TABLE; Schema: public; Owner: saleor
--

CREATE TABLE public.product_digitalcontent (
    id integer NOT NULL,
    use_default_settings boolean NOT NULL,
    automatic_fulfillment boolean NOT NULL,
    content_type character varying(128) NOT NULL,
    content_file character varying(100) NOT NULL,
    max_downloads integer,
    url_valid_days integer,
    product_variant_id integer NOT NULL,
    metadata jsonb,
    private_metadata jsonb
);


ALTER TABLE public.product_digitalcontent OWNER TO saleor;

--
-- Name: product_digitalcontent_id_seq; Type: SEQUENCE; Schema: public; Owner: saleor
--

ALTER TABLE public.product_digitalcontent ALTER COLUMN id ADD GENERATED BY DEFAULT AS IDENTITY (
    SEQUENCE NAME public.product_digitalcontent_id_seq
    START WITH 1
    INCREMENT BY 1
    NO MINVALUE
    NO MAXVALUE
    CACHE 1
);


--
-- Name: product_digitalcontenturl; Type: TABLE; Schema: public; Owner: saleor
--

CREATE TABLE public.product_digitalcontenturl (
    id integer NOT NULL,
    token uuid NOT NULL,
    created_at timestamp with time zone NOT NULL,
    download_num integer NOT NULL,
    content_id integer NOT NULL,
    line_id uuid
);


ALTER TABLE public.product_digitalcontenturl OWNER TO saleor;

--
-- Name: product_digitalcontenturl_id_seq; Type: SEQUENCE; Schema: public; Owner: saleor
--

ALTER TABLE public.product_digitalcontenturl ALTER COLUMN id ADD GENERATED BY DEFAULT AS IDENTITY (
    SEQUENCE NAME public.product_digitalcontenturl_id_seq
    START WITH 1
    INCREMENT BY 1
    NO MINVALUE
    NO MAXVALUE
    CACHE 1
);


--
-- Name: product_product; Type: TABLE; Schema: public; Owner: saleor
--

CREATE TABLE public.product_product (
    id integer NOT NULL,
    name character varying(250) NOT NULL,
    description jsonb,
    updated_at timestamp with time zone NOT NULL,
    product_type_id integer NOT NULL,
    category_id integer,
    seo_description character varying(300),
    seo_title character varying(70),
    weight double precision,
    metadata jsonb,
    private_metadata jsonb,
    slug character varying(255) NOT NULL,
    default_variant_id integer,
    description_plaintext text NOT NULL,
    rating double precision,
    search_document text NOT NULL,
    created_at timestamp with time zone NOT NULL,
    search_vector tsvector,
    search_index_dirty boolean NOT NULL,
    tax_class_id integer,
    external_reference character varying(250)
);


ALTER TABLE public.product_product OWNER TO saleor;

--
-- Name: product_product_id_seq; Type: SEQUENCE; Schema: public; Owner: saleor
--

ALTER TABLE public.product_product ALTER COLUMN id ADD GENERATED BY DEFAULT AS IDENTITY (
    SEQUENCE NAME public.product_product_id_seq
    START WITH 1
    INCREMENT BY 1
    NO MINVALUE
    NO MAXVALUE
    CACHE 1
);


--
-- Name: product_productattribute_id_seq; Type: SEQUENCE; Schema: public; Owner: saleor
--

ALTER TABLE public.attribute_attribute ALTER COLUMN id ADD GENERATED BY DEFAULT AS IDENTITY (
    SEQUENCE NAME public.product_productattribute_id_seq
    START WITH 1
    INCREMENT BY 1
    NO MINVALUE
    NO MAXVALUE
    CACHE 1
);


--
-- Name: product_productattributetranslation_id_seq; Type: SEQUENCE; Schema: public; Owner: saleor
--

ALTER TABLE public.attribute_attributetranslation ALTER COLUMN id ADD GENERATED BY DEFAULT AS IDENTITY (
    SEQUENCE NAME public.product_productattributetranslation_id_seq
    START WITH 1
    INCREMENT BY 1
    NO MINVALUE
    NO MAXVALUE
    CACHE 1
);


--
-- Name: product_productchannellisting; Type: TABLE; Schema: public; Owner: saleor
--

CREATE TABLE public.product_productchannellisting (
    id integer NOT NULL,
    published_at timestamp with time zone,
    is_published boolean NOT NULL,
    channel_id integer NOT NULL,
    product_id integer NOT NULL,
    discounted_price_amount numeric(20,3),
    currency character varying(3) NOT NULL,
    visible_in_listings boolean NOT NULL,
    available_for_purchase_at timestamp with time zone,
    discounted_price_dirty boolean DEFAULT false NOT NULL
);


ALTER TABLE public.product_productchannellisting OWNER TO saleor;

--
-- Name: product_productchannellisting_id_seq; Type: SEQUENCE; Schema: public; Owner: saleor
--

ALTER TABLE public.product_productchannellisting ALTER COLUMN id ADD GENERATED BY DEFAULT AS IDENTITY (
    SEQUENCE NAME public.product_productchannellisting_id_seq
    START WITH 1
    INCREMENT BY 1
    NO MINVALUE
    NO MAXVALUE
    CACHE 1
);


--
-- Name: product_producttype; Type: TABLE; Schema: public; Owner: saleor
--

CREATE TABLE public.product_producttype (
    id integer NOT NULL,
    name character varying(250) NOT NULL,
    has_variants boolean NOT NULL,
    is_shipping_required boolean NOT NULL,
    weight double precision NOT NULL,
    is_digital boolean NOT NULL,
    metadata jsonb,
    private_metadata jsonb,
    slug character varying(255) NOT NULL,
    kind character varying(32) NOT NULL,
    tax_class_id integer
);


ALTER TABLE public.product_producttype OWNER TO saleor;

--
-- Name: product_productclass_id_seq; Type: SEQUENCE; Schema: public; Owner: saleor
--

ALTER TABLE public.product_producttype ALTER COLUMN id ADD GENERATED BY DEFAULT AS IDENTITY (
    SEQUENCE NAME public.product_productclass_id_seq
    START WITH 1
    INCREMENT BY 1
    NO MINVALUE
    NO MAXVALUE
    CACHE 1
);


--
-- Name: product_productmedia; Type: TABLE; Schema: public; Owner: saleor
--

CREATE TABLE public.product_productmedia (
    id integer NOT NULL,
    sort_order integer,
    image character varying(100),
    alt character varying(250) NOT NULL,
    type character varying(32) NOT NULL,
    external_url character varying(256),
    oembed_data jsonb NOT NULL,
    product_id integer,
    to_remove boolean NOT NULL,
    metadata jsonb,
    private_metadata jsonb
);


ALTER TABLE public.product_productmedia OWNER TO saleor;

--
-- Name: product_productmedia_id_seq; Type: SEQUENCE; Schema: public; Owner: saleor
--

ALTER TABLE public.product_productmedia ALTER COLUMN id ADD GENERATED BY DEFAULT AS IDENTITY (
    SEQUENCE NAME public.product_productmedia_id_seq
    START WITH 1
    INCREMENT BY 1
    NO MINVALUE
    NO MAXVALUE
    CACHE 1
);


--
-- Name: product_producttranslation; Type: TABLE; Schema: public; Owner: saleor
--

CREATE TABLE public.product_producttranslation (
    id integer NOT NULL,
    seo_title character varying(70),
    seo_description character varying(300),
    language_code character varying(35) NOT NULL,
    name character varying(250),
    description jsonb,
    product_id integer NOT NULL,
    slug character varying(255)
);


ALTER TABLE public.product_producttranslation OWNER TO saleor;

--
-- Name: product_producttranslation_id_seq; Type: SEQUENCE; Schema: public; Owner: saleor
--

ALTER TABLE public.product_producttranslation ALTER COLUMN id ADD GENERATED BY DEFAULT AS IDENTITY (
    SEQUENCE NAME public.product_producttranslation_id_seq
    START WITH 1
    INCREMENT BY 1
    NO MINVALUE
    NO MAXVALUE
    CACHE 1
);


--
-- Name: product_productvariant; Type: TABLE; Schema: public; Owner: saleor
--

CREATE TABLE public.product_productvariant (
    id integer NOT NULL,
    sku character varying(255),
    name character varying(255) NOT NULL,
    product_id integer NOT NULL,
    track_inventory boolean NOT NULL,
    weight double precision,
    metadata jsonb,
    private_metadata jsonb,
    sort_order integer,
    is_preorder boolean NOT NULL,
    preorder_end_date timestamp with time zone,
    preorder_global_threshold integer,
    quantity_limit_per_customer integer,
    created_at timestamp with time zone NOT NULL,
    updated_at timestamp with time zone NOT NULL,
    external_reference character varying(250)
);


ALTER TABLE public.product_productvariant OWNER TO saleor;

--
-- Name: product_productvariant_id_seq; Type: SEQUENCE; Schema: public; Owner: saleor
--

ALTER TABLE public.product_productvariant ALTER COLUMN id ADD GENERATED BY DEFAULT AS IDENTITY (
    SEQUENCE NAME public.product_productvariant_id_seq
    START WITH 1
    INCREMENT BY 1
    NO MINVALUE
    NO MAXVALUE
    CACHE 1
);


--
-- Name: product_productvariantchannellisting; Type: TABLE; Schema: public; Owner: saleor
--

CREATE TABLE public.product_productvariantchannellisting (
    id integer NOT NULL,
    currency character varying(3) NOT NULL,
    price_amount numeric(20,3),
    channel_id integer NOT NULL,
    variant_id integer NOT NULL,
    cost_price_amount numeric(20,3),
    preorder_quantity_threshold integer,
    discounted_price_amount numeric(20,3),
    prior_price_amount numeric(20,3)
);


ALTER TABLE public.product_productvariantchannellisting OWNER TO saleor;

--
-- Name: product_productvariantchannellisting_id_seq; Type: SEQUENCE; Schema: public; Owner: saleor
--

ALTER TABLE public.product_productvariantchannellisting ALTER COLUMN id ADD GENERATED BY DEFAULT AS IDENTITY (
    SEQUENCE NAME public.product_productvariantchannellisting_id_seq
    START WITH 1
    INCREMENT BY 1
    NO MINVALUE
    NO MAXVALUE
    CACHE 1
);


--
-- Name: product_productvarianttranslation; Type: TABLE; Schema: public; Owner: saleor
--

CREATE TABLE public.product_productvarianttranslation (
    id integer NOT NULL,
    language_code character varying(35) NOT NULL,
    name character varying(255) NOT NULL,
    product_variant_id integer NOT NULL
);


ALTER TABLE public.product_productvarianttranslation OWNER TO saleor;

--
-- Name: product_productvarianttranslation_id_seq; Type: SEQUENCE; Schema: public; Owner: saleor
--

ALTER TABLE public.product_productvarianttranslation ALTER COLUMN id ADD GENERATED BY DEFAULT AS IDENTITY (
    SEQUENCE NAME public.product_productvarianttranslation_id_seq
    START WITH 1
    INCREMENT BY 1
    NO MINVALUE
    NO MAXVALUE
    CACHE 1
);


--
-- Name: product_variantchannellistingpromotionrule; Type: TABLE; Schema: public; Owner: saleor
--

CREATE TABLE public.product_variantchannellistingpromotionrule (
    id integer NOT NULL,
    discount_amount numeric(20,3) NOT NULL,
    currency character varying(3) NOT NULL,
    promotion_rule_id uuid NOT NULL,
    variant_channel_listing_id integer NOT NULL
);


ALTER TABLE public.product_variantchannellistingpromotionrule OWNER TO saleor;

--
-- Name: product_variantchannellistingpromotionrule_id_seq; Type: SEQUENCE; Schema: public; Owner: saleor
--

ALTER TABLE public.product_variantchannellistingpromotionrule ALTER COLUMN id ADD GENERATED BY DEFAULT AS IDENTITY (
    SEQUENCE NAME public.product_variantchannellistingpromotionrule_id_seq
    START WITH 1
    INCREMENT BY 1
    NO MINVALUE
    NO MAXVALUE
    CACHE 1
);


--
-- Name: product_variantmedia; Type: TABLE; Schema: public; Owner: saleor
--

CREATE TABLE public.product_variantmedia (
    id integer NOT NULL,
    media_id integer NOT NULL,
    variant_id integer NOT NULL
);


ALTER TABLE public.product_variantmedia OWNER TO saleor;

--
-- Name: product_variantmedia_id_seq; Type: SEQUENCE; Schema: public; Owner: saleor
--

ALTER TABLE public.product_variantmedia ALTER COLUMN id ADD GENERATED BY DEFAULT AS IDENTITY (
    SEQUENCE NAME public.product_variantmedia_id_seq
    START WITH 1
    INCREMENT BY 1
    NO MINVALUE
    NO MAXVALUE
    CACHE 1
);


--
-- Name: schedulers_customperiodictask; Type: TABLE; Schema: public; Owner: saleor
--

CREATE TABLE public.schedulers_customperiodictask (
    periodictask_ptr_id integer NOT NULL,
    custom_id integer
);


ALTER TABLE public.schedulers_customperiodictask OWNER TO saleor;

--
-- Name: schedulers_customschedule; Type: TABLE; Schema: public; Owner: saleor
--

CREATE TABLE public.schedulers_customschedule (
    id integer NOT NULL,
    schedule_import_path character varying(255) NOT NULL
);


ALTER TABLE public.schedulers_customschedule OWNER TO saleor;

--
-- Name: schedulers_customschedule_id_seq; Type: SEQUENCE; Schema: public; Owner: saleor
--

ALTER TABLE public.schedulers_customschedule ALTER COLUMN id ADD GENERATED BY DEFAULT AS IDENTITY (
    SEQUENCE NAME public.schedulers_customschedule_id_seq
    START WITH 1
    INCREMENT BY 1
    NO MINVALUE
    NO MAXVALUE
    CACHE 1
);


--
-- Name: shipping_shippingmethod; Type: TABLE; Schema: public; Owner: saleor
--

CREATE TABLE public.shipping_shippingmethod (
    id integer NOT NULL,
    name character varying(100) NOT NULL,
    maximum_order_weight double precision,
    minimum_order_weight double precision,
    type character varying(30) NOT NULL,
    shipping_zone_id integer NOT NULL,
    metadata jsonb,
    private_metadata jsonb,
    maximum_delivery_days integer,
    minimum_delivery_days integer,
    description jsonb,
    tax_class_id integer,
    CONSTRAINT shipping_shippingmethod_maximum_delivery_days_check CHECK ((maximum_delivery_days >= 0)),
    CONSTRAINT shipping_shippingmethod_minimum_delivery_days_check CHECK ((minimum_delivery_days >= 0))
);


ALTER TABLE public.shipping_shippingmethod OWNER TO saleor;

--
-- Name: shipping_shippingmethod_excluded_products; Type: TABLE; Schema: public; Owner: saleor
--

CREATE TABLE public.shipping_shippingmethod_excluded_products (
    id integer NOT NULL,
    shippingmethod_id integer NOT NULL,
    product_id integer NOT NULL
);


ALTER TABLE public.shipping_shippingmethod_excluded_products OWNER TO saleor;

--
-- Name: shipping_shippingmethod_excluded_products_id_seq; Type: SEQUENCE; Schema: public; Owner: saleor
--

ALTER TABLE public.shipping_shippingmethod_excluded_products ALTER COLUMN id ADD GENERATED BY DEFAULT AS IDENTITY (
    SEQUENCE NAME public.shipping_shippingmethod_excluded_products_id_seq
    START WITH 1
    INCREMENT BY 1
    NO MINVALUE
    NO MAXVALUE
    CACHE 1
);


--
-- Name: shipping_shippingmethod_id_seq; Type: SEQUENCE; Schema: public; Owner: saleor
--

ALTER TABLE public.shipping_shippingmethod ALTER COLUMN id ADD GENERATED BY DEFAULT AS IDENTITY (
    SEQUENCE NAME public.shipping_shippingmethod_id_seq
    START WITH 1
    INCREMENT BY 1
    NO MINVALUE
    NO MAXVALUE
    CACHE 1
);


--
-- Name: shipping_shippingmethodchannellisting; Type: TABLE; Schema: public; Owner: saleor
--

CREATE TABLE public.shipping_shippingmethodchannellisting (
    id integer NOT NULL,
    minimum_order_price_amount numeric(20,3),
    currency character varying(3) NOT NULL,
    maximum_order_price_amount numeric(20,3),
    price_amount numeric(20,3) NOT NULL,
    channel_id integer NOT NULL,
    shipping_method_id integer NOT NULL
);


ALTER TABLE public.shipping_shippingmethodchannellisting OWNER TO saleor;

--
-- Name: shipping_shippingmethodchannellisting_id_seq; Type: SEQUENCE; Schema: public; Owner: saleor
--

ALTER TABLE public.shipping_shippingmethodchannellisting ALTER COLUMN id ADD GENERATED BY DEFAULT AS IDENTITY (
    SEQUENCE NAME public.shipping_shippingmethodchannellisting_id_seq
    START WITH 1
    INCREMENT BY 1
    NO MINVALUE
    NO MAXVALUE
    CACHE 1
);


--
-- Name: shipping_shippingmethodpostalcoderule; Type: TABLE; Schema: public; Owner: saleor
--

CREATE TABLE public.shipping_shippingmethodpostalcoderule (
    id integer NOT NULL,
    start character varying(32) NOT NULL,
    "end" character varying(32),
    shipping_method_id integer NOT NULL,
    inclusion_type character varying(32) NOT NULL
);


ALTER TABLE public.shipping_shippingmethodpostalcoderule OWNER TO saleor;

--
-- Name: shipping_shippingmethodtranslation; Type: TABLE; Schema: public; Owner: saleor
--

CREATE TABLE public.shipping_shippingmethodtranslation (
    id integer NOT NULL,
    language_code character varying(35) NOT NULL,
    name character varying(255),
    shipping_method_id integer NOT NULL,
    description jsonb
);


ALTER TABLE public.shipping_shippingmethodtranslation OWNER TO saleor;

--
-- Name: shipping_shippingmethodtranslation_id_seq; Type: SEQUENCE; Schema: public; Owner: saleor
--

ALTER TABLE public.shipping_shippingmethodtranslation ALTER COLUMN id ADD GENERATED BY DEFAULT AS IDENTITY (
    SEQUENCE NAME public.shipping_shippingmethodtranslation_id_seq
    START WITH 1
    INCREMENT BY 1
    NO MINVALUE
    NO MAXVALUE
    CACHE 1
);


--
-- Name: shipping_shippingmethodzipcoderule_id_seq; Type: SEQUENCE; Schema: public; Owner: saleor
--

ALTER TABLE public.shipping_shippingmethodpostalcoderule ALTER COLUMN id ADD GENERATED BY DEFAULT AS IDENTITY (
    SEQUENCE NAME public.shipping_shippingmethodzipcoderule_id_seq
    START WITH 1
    INCREMENT BY 1
    NO MINVALUE
    NO MAXVALUE
    CACHE 1
);


--
-- Name: shipping_shippingzone; Type: TABLE; Schema: public; Owner: saleor
--

CREATE TABLE public.shipping_shippingzone (
    id integer NOT NULL,
    name character varying(100) NOT NULL,
    countries character varying(752) NOT NULL,
    "default" boolean NOT NULL,
    metadata jsonb,
    private_metadata jsonb,
    description text NOT NULL
);


ALTER TABLE public.shipping_shippingzone OWNER TO saleor;

--
-- Name: shipping_shippingzone_channels; Type: TABLE; Schema: public; Owner: saleor
--

CREATE TABLE public.shipping_shippingzone_channels (
    id integer NOT NULL,
    shippingzone_id integer NOT NULL,
    channel_id integer NOT NULL
);


ALTER TABLE public.shipping_shippingzone_channels OWNER TO saleor;

--
-- Name: shipping_shippingzone_channels_id_seq; Type: SEQUENCE; Schema: public; Owner: saleor
--

ALTER TABLE public.shipping_shippingzone_channels ALTER COLUMN id ADD GENERATED BY DEFAULT AS IDENTITY (
    SEQUENCE NAME public.shipping_shippingzone_channels_id_seq
    START WITH 1
    INCREMENT BY 1
    NO MINVALUE
    NO MAXVALUE
    CACHE 1
);


--
-- Name: shipping_shippingzone_id_seq; Type: SEQUENCE; Schema: public; Owner: saleor
--

ALTER TABLE public.shipping_shippingzone ALTER COLUMN id ADD GENERATED BY DEFAULT AS IDENTITY (
    SEQUENCE NAME public.shipping_shippingzone_id_seq
    START WITH 1
    INCREMENT BY 1
    NO MINVALUE
    NO MAXVALUE
    CACHE 1
);


--
-- Name: site_sitesettings; Type: TABLE; Schema: public; Owner: saleor
--

CREATE TABLE public.site_sitesettings (
    id integer NOT NULL,
    header_text character varying(200) NOT NULL,
    description character varying(500) NOT NULL,
    site_id integer NOT NULL,
    bottom_menu_id integer,
    top_menu_id integer,
    display_gross_prices boolean NOT NULL,
    include_taxes_in_prices boolean NOT NULL,
    charge_taxes_on_shipping boolean NOT NULL,
    track_inventory_by_default boolean NOT NULL,
    default_weight_unit character varying(30) NOT NULL,
    automatic_fulfillment_digital_products boolean NOT NULL,
    default_digital_max_downloads integer,
    default_digital_url_valid_days integer,
    company_address_id integer,
    default_mail_sender_address character varying(254),
    default_mail_sender_name character varying(78) NOT NULL,
    customer_set_password_url character varying(255),
    fulfillment_allow_unpaid boolean NOT NULL,
    fulfillment_auto_approve boolean NOT NULL,
    gift_card_expiry_period integer,
    gift_card_expiry_period_type character varying(32),
    gift_card_expiry_type character varying(32) NOT NULL,
    reserve_stock_duration_anonymous_user integer,
    reserve_stock_duration_authenticated_user integer,
    limit_quantity_per_checkout integer,
    enable_account_confirmation_by_email boolean DEFAULT true NOT NULL,
    metadata jsonb,
    private_metadata jsonb,
    allow_login_without_confirmation boolean DEFAULT false NOT NULL,
    CONSTRAINT site_sitesettings_gift_card_expiry_period_check CHECK ((gift_card_expiry_period >= 0))
);


ALTER TABLE public.site_sitesettings OWNER TO saleor;

--
-- Name: site_sitesettings_id_seq; Type: SEQUENCE; Schema: public; Owner: saleor
--

ALTER TABLE public.site_sitesettings ALTER COLUMN id ADD GENERATED BY DEFAULT AS IDENTITY (
    SEQUENCE NAME public.site_sitesettings_id_seq
    START WITH 1
    INCREMENT BY 1
    NO MINVALUE
    NO MAXVALUE
    CACHE 1
);


--
-- Name: site_sitesettingstranslation; Type: TABLE; Schema: public; Owner: saleor
--

CREATE TABLE public.site_sitesettingstranslation (
    id integer NOT NULL,
    language_code character varying(35) NOT NULL,
    header_text character varying(200) NOT NULL,
    description character varying(500) NOT NULL,
    site_settings_id integer NOT NULL
);


ALTER TABLE public.site_sitesettingstranslation OWNER TO saleor;

--
-- Name: site_sitesettingstranslation_id_seq; Type: SEQUENCE; Schema: public; Owner: saleor
--

ALTER TABLE public.site_sitesettingstranslation ALTER COLUMN id ADD GENERATED BY DEFAULT AS IDENTITY (
    SEQUENCE NAME public.site_sitesettingstranslation_id_seq
    START WITH 1
    INCREMENT BY 1
    NO MINVALUE
    NO MAXVALUE
    CACHE 1
);


--
-- Name: tax_taxclass; Type: TABLE; Schema: public; Owner: saleor
--

CREATE TABLE public.tax_taxclass (
    id integer NOT NULL,
    private_metadata jsonb,
    metadata jsonb,
    name character varying(255) NOT NULL
);


ALTER TABLE public.tax_taxclass OWNER TO saleor;

--
-- Name: tax_taxclass_id_seq; Type: SEQUENCE; Schema: public; Owner: saleor
--

ALTER TABLE public.tax_taxclass ALTER COLUMN id ADD GENERATED BY DEFAULT AS IDENTITY (
    SEQUENCE NAME public.tax_taxclass_id_seq
    START WITH 1
    INCREMENT BY 1
    NO MINVALUE
    NO MAXVALUE
    CACHE 1
);


--
-- Name: tax_taxclasscountryrate; Type: TABLE; Schema: public; Owner: saleor
--

CREATE TABLE public.tax_taxclasscountryrate (
    id integer NOT NULL,
    country character varying(2) NOT NULL,
    rate numeric(20,3) NOT NULL,
    tax_class_id integer
);


ALTER TABLE public.tax_taxclasscountryrate OWNER TO saleor;

--
-- Name: tax_taxclasscountryrate_id_seq; Type: SEQUENCE; Schema: public; Owner: saleor
--

ALTER TABLE public.tax_taxclasscountryrate ALTER COLUMN id ADD GENERATED BY DEFAULT AS IDENTITY (
    SEQUENCE NAME public.tax_taxclasscountryrate_id_seq
    START WITH 1
    INCREMENT BY 1
    NO MINVALUE
    NO MAXVALUE
    CACHE 1
);


--
-- Name: tax_taxconfiguration; Type: TABLE; Schema: public; Owner: saleor
--

CREATE TABLE public.tax_taxconfiguration (
    id integer NOT NULL,
    private_metadata jsonb,
    metadata jsonb,
    charge_taxes boolean NOT NULL,
    tax_calculation_strategy character varying(20),
    display_gross_prices boolean NOT NULL,
    prices_entered_with_tax boolean NOT NULL,
    channel_id integer NOT NULL,
    tax_app_id character varying(256),
    use_weighted_tax_for_shipping boolean DEFAULT false NOT NULL
);


ALTER TABLE public.tax_taxconfiguration OWNER TO saleor;

--
-- Name: tax_taxconfiguration_id_seq; Type: SEQUENCE; Schema: public; Owner: saleor
--

ALTER TABLE public.tax_taxconfiguration ALTER COLUMN id ADD GENERATED BY DEFAULT AS IDENTITY (
    SEQUENCE NAME public.tax_taxconfiguration_id_seq
    START WITH 1
    INCREMENT BY 1
    NO MINVALUE
    NO MAXVALUE
    CACHE 1
);


--
-- Name: tax_taxconfigurationpercountry; Type: TABLE; Schema: public; Owner: saleor
--

CREATE TABLE public.tax_taxconfigurationpercountry (
    id integer NOT NULL,
    country character varying(2) NOT NULL,
    charge_taxes boolean NOT NULL,
    tax_calculation_strategy character varying(20),
    display_gross_prices boolean NOT NULL,
    tax_configuration_id integer NOT NULL,
    tax_app_id character varying(256),
    use_weighted_tax_for_shipping boolean DEFAULT false NOT NULL
);


ALTER TABLE public.tax_taxconfigurationpercountry OWNER TO saleor;

--
-- Name: tax_taxconfigurationpercountry_id_seq; Type: SEQUENCE; Schema: public; Owner: saleor
--

ALTER TABLE public.tax_taxconfigurationpercountry ALTER COLUMN id ADD GENERATED BY DEFAULT AS IDENTITY (
    SEQUENCE NAME public.tax_taxconfigurationpercountry_id_seq
    START WITH 1
    INCREMENT BY 1
    NO MINVALUE
    NO MAXVALUE
    CACHE 1
);


--
-- Name: thumbnail_thumbnail; Type: TABLE; Schema: public; Owner: saleor
--

CREATE TABLE public.thumbnail_thumbnail (
    id integer NOT NULL,
    image character varying(100) NOT NULL,
    size integer NOT NULL,
    format character varying(32),
    category_id integer,
    collection_id integer,
    product_media_id integer,
    user_id integer,
    app_id integer,
    app_installation_id integer,
    CONSTRAINT thumbnail_thumbnail_size_check CHECK ((size >= 0))
);


ALTER TABLE public.thumbnail_thumbnail OWNER TO saleor;

--
-- Name: thumbnail_thumbnail_id_seq; Type: SEQUENCE; Schema: public; Owner: saleor
--

ALTER TABLE public.thumbnail_thumbnail ALTER COLUMN id ADD GENERATED BY DEFAULT AS IDENTITY (
    SEQUENCE NAME public.thumbnail_thumbnail_id_seq
    START WITH 1
    INCREMENT BY 1
    NO MINVALUE
    NO MAXVALUE
    CACHE 1
);


--
-- Name: userprofile_address_id_seq; Type: SEQUENCE; Schema: public; Owner: saleor
--

ALTER TABLE public.account_address ALTER COLUMN id ADD GENERATED BY DEFAULT AS IDENTITY (
    SEQUENCE NAME public.userprofile_address_id_seq
    START WITH 1
    INCREMENT BY 1
    NO MINVALUE
    NO MAXVALUE
    CACHE 1
);


--
-- Name: userprofile_user_addresses_id_seq; Type: SEQUENCE; Schema: public; Owner: saleor
--

ALTER TABLE public.account_user_addresses ALTER COLUMN id ADD GENERATED BY DEFAULT AS IDENTITY (
    SEQUENCE NAME public.userprofile_user_addresses_id_seq
    START WITH 1
    INCREMENT BY 1
    NO MINVALUE
    NO MAXVALUE
    CACHE 1
);


--
-- Name: userprofile_user_groups_id_seq; Type: SEQUENCE; Schema: public; Owner: saleor
--

ALTER TABLE public.account_user_groups ALTER COLUMN id ADD GENERATED BY DEFAULT AS IDENTITY (
    SEQUENCE NAME public.userprofile_user_groups_id_seq
    START WITH 1
    INCREMENT BY 1
    NO MINVALUE
    NO MAXVALUE
    CACHE 1
);


--
-- Name: userprofile_user_id_seq; Type: SEQUENCE; Schema: public; Owner: saleor
--

ALTER TABLE public.account_user ALTER COLUMN id ADD GENERATED BY DEFAULT AS IDENTITY (
    SEQUENCE NAME public.userprofile_user_id_seq
    START WITH 1
    INCREMENT BY 1
    NO MINVALUE
    NO MAXVALUE
    CACHE 1
);


--
-- Name: userprofile_user_user_permissions_id_seq; Type: SEQUENCE; Schema: public; Owner: saleor
--

ALTER TABLE public.account_user_user_permissions ALTER COLUMN id ADD GENERATED BY DEFAULT AS IDENTITY (
    SEQUENCE NAME public.userprofile_user_user_permissions_id_seq
    START WITH 1
    INCREMENT BY 1
    NO MINVALUE
    NO MAXVALUE
    CACHE 1
);


--
-- Name: warehouse_allocation; Type: TABLE; Schema: public; Owner: saleor
--

CREATE TABLE public.warehouse_allocation (
    id integer NOT NULL,
    quantity_allocated integer NOT NULL,
    stock_id integer NOT NULL,
    order_line_id uuid NOT NULL,
    CONSTRAINT warehouse_allocation_quantity_allocated_check CHECK ((quantity_allocated >= 0))
);


ALTER TABLE public.warehouse_allocation OWNER TO saleor;

--
-- Name: warehouse_allocation_id_seq; Type: SEQUENCE; Schema: public; Owner: saleor
--

ALTER TABLE public.warehouse_allocation ALTER COLUMN id ADD GENERATED BY DEFAULT AS IDENTITY (
    SEQUENCE NAME public.warehouse_allocation_id_seq
    START WITH 1
    INCREMENT BY 1
    NO MINVALUE
    NO MAXVALUE
    CACHE 1
);


--
-- Name: warehouse_channelwarehouse; Type: TABLE; Schema: public; Owner: saleor
--

CREATE TABLE public.warehouse_channelwarehouse (
    id integer NOT NULL,
    warehouse_id uuid NOT NULL,
    channel_id integer NOT NULL,
    sort_order integer
);


ALTER TABLE public.warehouse_channelwarehouse OWNER TO saleor;

--
-- Name: warehouse_preorderallocation; Type: TABLE; Schema: public; Owner: saleor
--

CREATE TABLE public.warehouse_preorderallocation (
    id integer NOT NULL,
    quantity integer NOT NULL,
    product_variant_channel_listing_id integer NOT NULL,
    order_line_id uuid NOT NULL,
    CONSTRAINT warehouse_preorderallocation_quantity_check CHECK ((quantity >= 0))
);


ALTER TABLE public.warehouse_preorderallocation OWNER TO saleor;

--
-- Name: warehouse_preorderallocation_id_seq; Type: SEQUENCE; Schema: public; Owner: saleor
--

ALTER TABLE public.warehouse_preorderallocation ALTER COLUMN id ADD GENERATED BY DEFAULT AS IDENTITY (
    SEQUENCE NAME public.warehouse_preorderallocation_id_seq
    START WITH 1
    INCREMENT BY 1
    NO MINVALUE
    NO MAXVALUE
    CACHE 1
);


--
-- Name: warehouse_preorderreservation; Type: TABLE; Schema: public; Owner: saleor
--

CREATE TABLE public.warehouse_preorderreservation (
    id integer NOT NULL,
    quantity_reserved integer NOT NULL,
    reserved_until timestamp with time zone NOT NULL,
    product_variant_channel_listing_id integer NOT NULL,
    checkout_line_id uuid NOT NULL,
    CONSTRAINT warehouse_preorderreservation_quantity_reserved_check CHECK ((quantity_reserved >= 0))
);


ALTER TABLE public.warehouse_preorderreservation OWNER TO saleor;

--
-- Name: warehouse_preorderreservation_id_seq; Type: SEQUENCE; Schema: public; Owner: saleor
--

ALTER TABLE public.warehouse_preorderreservation ALTER COLUMN id ADD GENERATED BY DEFAULT AS IDENTITY (
    SEQUENCE NAME public.warehouse_preorderreservation_id_seq
    START WITH 1
    INCREMENT BY 1
    NO MINVALUE
    NO MAXVALUE
    CACHE 1
);


--
-- Name: warehouse_reservation; Type: TABLE; Schema: public; Owner: saleor
--

CREATE TABLE public.warehouse_reservation (
    id integer NOT NULL,
    quantity_reserved integer NOT NULL,
    reserved_until timestamp with time zone NOT NULL,
    stock_id integer NOT NULL,
    checkout_line_id uuid NOT NULL,
    CONSTRAINT warehouse_reservation_quantity_reserved_check CHECK ((quantity_reserved >= 0))
);


ALTER TABLE public.warehouse_reservation OWNER TO saleor;

--
-- Name: warehouse_reservation_id_seq; Type: SEQUENCE; Schema: public; Owner: saleor
--

ALTER TABLE public.warehouse_reservation ALTER COLUMN id ADD GENERATED BY DEFAULT AS IDENTITY (
    SEQUENCE NAME public.warehouse_reservation_id_seq
    START WITH 1
    INCREMENT BY 1
    NO MINVALUE
    NO MAXVALUE
    CACHE 1
);


--
-- Name: warehouse_stock; Type: TABLE; Schema: public; Owner: saleor
--

CREATE TABLE public.warehouse_stock (
    id integer NOT NULL,
    quantity integer NOT NULL,
    product_variant_id integer NOT NULL,
    warehouse_id uuid NOT NULL,
    quantity_allocated integer NOT NULL
);


ALTER TABLE public.warehouse_stock OWNER TO saleor;

--
-- Name: warehouse_stock_id_seq; Type: SEQUENCE; Schema: public; Owner: saleor
--

ALTER TABLE public.warehouse_stock ALTER COLUMN id ADD GENERATED BY DEFAULT AS IDENTITY (
    SEQUENCE NAME public.warehouse_stock_id_seq
    START WITH 1
    INCREMENT BY 1
    NO MINVALUE
    NO MAXVALUE
    CACHE 1
);


--
-- Name: warehouse_warehouse; Type: TABLE; Schema: public; Owner: saleor
--

CREATE TABLE public.warehouse_warehouse (
    id uuid NOT NULL,
    name character varying(250) NOT NULL,
    email character varying(254) NOT NULL,
    address_id integer NOT NULL,
    slug character varying(255) NOT NULL,
    metadata jsonb,
    private_metadata jsonb,
    click_and_collect_option character varying(30) NOT NULL,
    is_private boolean NOT NULL,
    external_reference character varying(250)
);


ALTER TABLE public.warehouse_warehouse OWNER TO saleor;

--
-- Name: warehouse_warehouse_channels_id_seq; Type: SEQUENCE; Schema: public; Owner: saleor
--

ALTER TABLE public.warehouse_channelwarehouse ALTER COLUMN id ADD GENERATED BY DEFAULT AS IDENTITY (
    SEQUENCE NAME public.warehouse_warehouse_channels_id_seq
    START WITH 1
    INCREMENT BY 1
    NO MINVALUE
    NO MAXVALUE
    CACHE 1
);


--
-- Name: warehouse_warehouse_shipping_zones; Type: TABLE; Schema: public; Owner: saleor
--

CREATE TABLE public.warehouse_warehouse_shipping_zones (
    id integer NOT NULL,
    warehouse_id uuid NOT NULL,
    shippingzone_id integer NOT NULL
);


ALTER TABLE public.warehouse_warehouse_shipping_zones OWNER TO saleor;

--
-- Name: warehouse_warehouse_shipping_zones_id_seq; Type: SEQUENCE; Schema: public; Owner: saleor
--

ALTER TABLE public.warehouse_warehouse_shipping_zones ALTER COLUMN id ADD GENERATED BY DEFAULT AS IDENTITY (
    SEQUENCE NAME public.warehouse_warehouse_shipping_zones_id_seq
    START WITH 1
    INCREMENT BY 1
    NO MINVALUE
    NO MAXVALUE
    CACHE 1
);


--
-- Name: webhook_webhook; Type: TABLE; Schema: public; Owner: saleor
--

CREATE TABLE public.webhook_webhook (
    id integer NOT NULL,
    target_url character varying(255) NOT NULL,
    is_active boolean NOT NULL,
    secret_key character varying(255),
    app_id integer NOT NULL,
    name character varying(255),
    subscription_query text,
    custom_headers jsonb,
    filterable_channel_slugs character varying(255)[] DEFAULT ARRAY[]::character varying[] NOT NULL
);


ALTER TABLE public.webhook_webhook OWNER TO saleor;

--
-- Name: webhook_webhook_id_seq; Type: SEQUENCE; Schema: public; Owner: saleor
--

ALTER TABLE public.webhook_webhook ALTER COLUMN id ADD GENERATED BY DEFAULT AS IDENTITY (
    SEQUENCE NAME public.webhook_webhook_id_seq
    START WITH 1
    INCREMENT BY 1
    NO MINVALUE
    NO MAXVALUE
    CACHE 1
);


--
-- Name: webhook_webhookevent; Type: TABLE; Schema: public; Owner: saleor
--

CREATE TABLE public.webhook_webhookevent (
    id integer NOT NULL,
    event_type character varying(128) NOT NULL,
    webhook_id integer NOT NULL
);


ALTER TABLE public.webhook_webhookevent OWNER TO saleor;

--
-- Name: webhook_webhookevent_id_seq; Type: SEQUENCE; Schema: public; Owner: saleor
--

ALTER TABLE public.webhook_webhookevent ALTER COLUMN id ADD GENERATED BY DEFAULT AS IDENTITY (
    SEQUENCE NAME public.webhook_webhookevent_id_seq
    START WITH 1
    INCREMENT BY 1
    NO MINVALUE
    NO MAXVALUE
    CACHE 1
);


--
-- Data for Name: account_address; Type: TABLE DATA; Schema: public; Owner: saleor
--

COPY public.account_address (id, first_name, last_name, company_name, street_address_1, street_address_2, city, postal_code, country, country_area, phone, city_area, metadata, private_metadata, validation_skipped) FROM stdin;
1								US				{}	{}	f
2	Tom	Mccoy	Nguyen Inc	04135 Marvin Via		North Kristabury	86176	US	AZ			{}	{}	f
3	Anthony	Reid	Kent, Ferguson and Becker	1510 James Ferry		South Jasonton	75689	US	TX			{}	{}	f
4	Jeffrey	Lucas	Coleman, Garcia and Green	2087 Candace Squares Suite 345		Masseyshire	31429	US	GA			{}	{}	f
5	Eric	Martin	Harris, Saunders and Kramer	97207 Mccullough Well Suite 564		New Hannah	03790	US	NH			{}	{}	f
6	Amy	Taylor	Rogers Inc	9459 Jennifer Loaf Suite 109		Lake Matthew	50914	US	IA			{}	{}	f
7	Nancy	Johnson	West, Page and Nunez	027 Jonathon Estate Suite 878		North Troyport	96940	US	PW			{}	{}	f
8	Brendan	Carson		81206 Stewart Forest Apt. 089		East Davidborough	04474	US	ME			{}	{}	f
9	Melissa	Sanders		47142 Wilson Drives		Melissaton	85422	US	AZ			{}	{}	f
10	Edward	Cook		159 Blake Estates Apt. 945		Haysberg	70236	US	LA			{}	{}	f
11	Garrett	Cunningham		13306 Corey Point		Shanefort	82445	US	WY			{}	{}	f
12	Dustin	Gonzalez		8219 Hernandez Lodge Suite 875		Boltonborough	58625	US	ND			{}	{}	f
13	Lindsay	Jones		013 Billy Bridge		Riveraburgh	96942	US	FM			{}	{}	f
14	Ashley	Cook		4666 Frank Crossroad Apt. 450		South Robertfort	15669	US	PA			{}	{}	f
15	Deborah	Lee		09795 Tara Station Suite 264		New Michelleborough	85803	US	AZ			{}	{}	f
16	Robert	Garcia		076 Johnson Way		Jenniferland	48145	US	MI			{}	{}	f
17	Cassidy	Villarreal		1754 Anthony Fords		Matthewport	71133	US	LA			{}	{}	f
18	David	Evans		296 Walsh Corner Apt. 758		South Rickychester	23314	US	VA			{}	{}	f
19	Crystal	Miller		0797 Jeffery Crescent		Amyberg	68091	US	NE			{}	{}	f
20	Regina	Larson		44851 Pamela Track		North Robert	70580	US	LA			{}	{}	f
21	Thomas	Perry		8570 Evans Summit Suite 093		West Thomastown	27142	US	NC			{}	{}	f
22	Mark	Wong		72852 Renee Mills Suite 667		Blairborough	89863	US	NV			{}	{}	f
23	Michael	Ellis		774 Lewis Grove Apt. 002		Adamtown	20005	US	DC			{}	{}	f
24	John	Daniel		8647 Wiggins Garden Apt. 481		South Tylermouth	72445	US	AR			{}	{}	f
25	James	Phillips		978 Nelson Brook Apt. 912		Wrightport	99351	US	WA			{}	{}	f
26	Jade	Guerrero		318 Leonard Fort		Courtneyport	97176	US	OR			{}	{}	f
27	Vickie	Taylor		9332 Kathleen Knoll		Lake Vernon	06316	US	CT			{}	{}	f
28	Jo	Payne		2963 Floyd Lights		East Benjaminbury	02768	US	MA			{}	{}	f
29	Douglas	Collins		660 Macdonald Place Suite 091		Finleyburgh	36029	US	AL			{}	{}	f
30	Christopher	Young		02821 Pennington Rapid		New Courtneyberg	02811	US	RI			{}	{}	f
31	Anthony	Randolph		1542 Young Knolls		Lake Karen	01553	US	MA			{}	{}	f
32	Alexis	Moreno		708 Villa Camp Suite 616		Tylertown	40143	US	KY			{}	{}	f
33	Wanda	Gill		4319 Ballard Gardens Suite 225		New Lisashire	33415	US	FL			{}	{}	f
34	Marcus	Patton		02907 Matthew Branch Suite 493		New Sharonview	96940	US	PW			{}	{}	f
35	Bethany	David		4440 Osborne Viaduct Suite 488		Veronicaborough	05401	US	VT			{}	{}	f
36	Megan	Brady		965 Herring Points		Fieldsbury	99686	US	AK			{}	{}	f
37	Courtney	Crawford		342 Miller Mission		Lake Jennifer	10823	US	NY			{}	{}	f
38	Scott	Brown		644 Macias Trail Suite 951		Anthonytown	25727	US	WV			{}	{}	f
39	Heidi	Carson		9294 Short Locks Suite 820		New Michellestad	35146	US	AL			{}	{}	f
40	Bradley	Hebert		6246 Caitlin Lodge		Williamburgh	20009	US	DC			{}	{}	f
41	Lauren	Hess		243 Murphy Station		Kimberlyhaven	03189	US	NH			{}	{}	f
42	Angela	Johnson		805 James Turnpike		Carrmouth	27332	US	NC			{}	{}	f
43	Jenna	Durham		8081 Smith Trail		North Ronaldstad	73116	US	OK			{}	{}	f
44	Matthew	Gray		125 Ian Crossroad Apt. 593		South Deannaport	82798	US	WY			{}	{}	f
45	Rhonda	Burke		1607 Munoz River		Emilyshire	96944	US	FM			{}	{}	f
46	Robert	Johnson		61511 Michael Fall Suite 905		Gibbsfort	07165	US	NJ			{}	{}	f
47	Michaela	Nichols		0811 Howard Courts Suite 028		Susantown	39292	US	MS			{}	{}	f
48	Eric	Kelley		22395 Timothy Road		Williamsbury	29289	US	SC			{}	{}	f
49	Mark	Burch		26759 Paul Trail Apt. 290		Higginsburgh	32083	US	FL			{}	{}	f
50	Anthony	Morris		01992 Emily Light		South Samuelmouth	05127	US	VT			{}	{}	f
51	Sandra	Cox		612 Knight Keys		South Paulabury	07782	US	NJ			{}	{}	f
52	Jeffrey	Foster		9144 Daniels Rapids Suite 340		Michellefurt	29110	US	SC			{}	{}	f
53	Amanda	Phelps		606 Hamilton Cove		Munozburgh	30698	US	GA			{}	{}	f
54	Thomas	Moore		155 Courtney Trafficway Suite 803		Gregoryshire	21418	US	MD			{}	{}	f
55	Norman	Williams		64635 David Ridge Suite 206		Fordland	53872	US	WI			{}	{}	f
56	Amy	Spencer		32308 Lori Knolls		Jennifermouth	76473	US	TX			{}	{}	f
57	Leah	Sloan		2585 Rhonda Streets Suite 365		Fryhaven	04740	US	ME			{}	{}	f
58	Wendy	Hess		09981 Caitlin Rapids		West Haleyburgh	38775	US	MS			{}	{}	f
59	Laura	Smith		751 Wood Square Suite 732		Port Melissaburgh	99924	US	AK			{}	{}	f
60	Dawn	Jackson		376 Smith Dale Suite 279		South Sarahland	57603	US	SD			{}	{}	f
61	Richard	Hall		79148 Pierce Lock Suite 423		Erikberg	03101	US	NH			{}	{}	f
62	Sydney	Mendoza		147 Lisa Hill Apt. 512		Port Elizabethshire	43814	US	OH			{}	{}	f
63	Adrian	Atkins		178 Baxter Junctions Apt. 033		Robersonport	40923	US	KY			{}	{}	f
64	Albert	Kelly		14963 Stuart Wall Apt. 343		Kellerstad	70788	US	LA			{}	{}	f
65	Cheryl	Guerra		5873 Chen Knolls		Ramirezfurt	54570	US	WI			{}	{}	f
66	Jennifer	Campbell		4172 Cantu Summit		West Victor	19897	US	DE			{}	{}	f
67	Theresa	Marshall		936 Tucker Island Apt. 175		Macdonaldbury	96966	US	MH			{}	{}	f
\.


--
-- Data for Name: account_customerevent; Type: TABLE DATA; Schema: public; Owner: saleor
--

COPY public.account_customerevent (id, date, type, parameters, user_id, app_id, order_id) FROM stdin;
\.


--
-- Data for Name: account_customernote; Type: TABLE DATA; Schema: public; Owner: saleor
--

COPY public.account_customernote (id, date, content, is_public, customer_id, user_id) FROM stdin;
\.


--
-- Data for Name: account_group; Type: TABLE DATA; Schema: public; Owner: saleor
--

COPY public.account_group (id, name, restricted_access_to_channels) FROM stdin;
1	Full Access	f
2	Customer Support	f
3	Checkouts management	f
4	Payments management	f
5	Taxes management	f
6	User management	f
7	Apps management	f
8	Channels management	f
9	Discounts management	f
10	Gift card management	f
11	Menus management	f
12	Observability management	f
13	Orders management	f
14	Orders import management	f
15	Pages management	f
16	Page types and attributes management	f
17	Plugins management	f
18	Products management	f
19	Product types and attributes management	f
20	Settings management	f
21	Shipping management	f
22	Staff management	f
23	Translations management	f
24	Users management	f
\.


--
-- Data for Name: account_group_channels; Type: TABLE DATA; Schema: public; Owner: saleor
--

COPY public.account_group_channels (id, group_id, channel_id) FROM stdin;
\.


--
-- Data for Name: account_group_permissions; Type: TABLE DATA; Schema: public; Owner: saleor
--

COPY public.account_group_permissions (id, group_id, permission_id) FROM stdin;
1	1	5
2	1	10
3	1	394
4	1	395
5	1	404
6	1	150
7	1	281
8	1	413
9	1	286
10	1	287
11	1	288
12	1	289
13	1	422
14	1	167
15	1	176
16	1	322
17	1	335
18	1	336
19	1	487
20	1	488
21	1	111
22	1	112
23	1	113
24	1	381
49	2	288
50	2	289
51	2	111
52	2	335
53	2	336
54	2	150
55	2	286
56	2	287
57	3	287
58	4	422
59	5	288
60	6	113
61	7	487
62	8	281
63	3	286
64	9	10
65	10	150
66	11	322
67	12	488
68	13	335
69	14	336
70	15	404
71	16	413
72	17	5
73	18	167
74	19	176
75	20	394
76	21	381
77	22	112
78	5	289
79	23	395
80	24	111
\.


--
-- Data for Name: account_staffnotificationrecipient; Type: TABLE DATA; Schema: public; Owner: saleor
--

COPY public.account_staffnotificationrecipient (id, staff_email, active, user_id) FROM stdin;
\.


--
-- Data for Name: account_user; Type: TABLE DATA; Schema: public; Owner: saleor
--

COPY public.account_user (id, is_superuser, email, is_staff, is_active, password, date_joined, last_login, default_billing_address_id, default_shipping_address_id, note, first_name, last_name, avatar, private_metadata, metadata, jwt_token_key, language_code, search_document, updated_at, uuid, external_reference, last_password_reset_request, is_confirmed, last_confirm_email_request) FROM stdin;
2	f	melissa.sanders@example.com	f	t	pbkdf2_sha256$600000$v619Z0RLJwoXEWs5HZn7HC$VnceOX+Xo+X2nKO5vxpIhd3vYTG9f9SuBk504B30l10=	1970-06-30 21:26:30.377886+00	\N	9	9	Fire happen nothing support suffer which parent. Republican total policy head Mrs debate onto.	Melissa	Sanders		{}	{}	0mhe8hK55Pjy	en	melissa.sanders@example.com\nmelissa\nsanders\nmelissa\nsanders\n47142 wilson drives\n\nmelissaton\n85422\nunited states of america\nus\n\n	2025-08-31 18:25:46.667941+00	e3b51578-327c-4a7e-b657-ff21871bae9e	\N	\N	t	\N
3	f	edward.cook@example.com	f	t	pbkdf2_sha256$600000$2H8Oa3qYA6o2TLnI8JpRqI$5Bzayjb9OVVFPKwMaCUXCDqabZv/fRurirNAtQOEMfQ=	1978-08-31 22:13:57.82026+00	\N	10	10	Value film tax rock few. Federal board night loss front something. Buy break marriage also friend reach.	Edward	Cook		{}	{}	WCThm7JT4Drh	en	edward.cook@example.com\nedward\ncook\nedward\ncook\n159 blake estates apt. 945\n\nhaysberg\n70236\nunited states of america\nus\n\n	2025-08-31 18:25:46.847078+00	bb881a6d-eb82-4367-ad18-6ae10eb2f82c	\N	\N	t	\N
4	f	garrett.cunningham@example.com	f	t	pbkdf2_sha256$600000$EcZjqE9o1Zy0WyLZmoo5YH$oZBxoTLd8wmNbJS2sOfv6JRvhxJaQjoBi6Zn7eLFiVg=	1982-01-07 12:20:25.943027+00	\N	11	11	Happy write end since. Court boy state table agree moment. Budget huge debate among way.	Garrett	Cunningham		{}	{}	H5YhiUo6YN0S	en	garrett.cunningham@example.com\ngarrett\ncunningham\ngarrett\ncunningham\n13306 corey point\n\nshanefort\n82445\nunited states of america\nus\n\n	2025-08-31 18:25:47.014111+00	41a5f632-370f-422d-800f-5eb1dce154a9	\N	\N	t	\N
5	f	dustin.gonzalez@example.com	f	t	pbkdf2_sha256$600000$hNBt7gQtRkfmZ0KgcVq59J$5mdc4JbasPKr4MHaGqJS3MFsIfVf/CwdgtBu5Yfmwr4=	2009-12-22 21:15:56.381236+00	\N	12	12	Future while together. Along chance either six success on.	Dustin	Gonzalez		{}	{}	3JkY00WjMbow	en	dustin.gonzalez@example.com\ndustin\ngonzalez\ndustin\ngonzalez\n8219 hernandez lodge suite 875\n\nboltonborough\n58625\nunited states of america\nus\n\n	2025-08-31 18:25:47.196603+00	c3112ee5-0549-4e96-9189-45fa2cf8bf78	\N	\N	t	\N
6	f	lindsay.jones@example.com	f	t	pbkdf2_sha256$600000$o36DmOpu2lTdKaj1ZzvmmN$+hmifARJEC39vG97Tcsl9mfxKVDatmGqCIDs4tRLo+Q=	1986-11-02 04:21:23.37387+00	\N	13	13	Measure too maybe off question source. Wrong section town deal movement out stay lot. Parent do ten after those scientist.	Lindsay	Jones		{}	{}	jdCwCbS95HeS	en	lindsay.jones@example.com\nlindsay\njones\nlindsay\njones\n013 billy bridge\n\nriveraburgh\n96942\nunited states of america\nus\n\n	2025-08-31 18:25:47.367405+00	a0369bf3-2bf1-468a-be34-176d7077667a	\N	\N	t	\N
7	f	ashley.cook@example.com	f	t	pbkdf2_sha256$600000$UPiMHG998FUlfyniwFX8mT$ypCjmcvBkeOaXbmdFivMgDbcRpD0POlPd9ME0H6ll+g=	2008-12-20 20:35:13.325084+00	\N	14	14	In partner hit another likely character. Our car food.	Ashley	Cook		{}	{}	6cgefoYTH66j	en	ashley.cook@example.com\nashley\ncook\nashley\ncook\n4666 frank crossroad apt. 450\n\nsouth robertfort\n15669\nunited states of america\nus\n\n	2025-08-31 18:25:47.537182+00	0fc685c1-d1e3-418f-beab-099f575487b1	\N	\N	t	\N
8	f	deborah.lee@example.com	f	t	pbkdf2_sha256$600000$TSAbiDxQ3rbI053NIz6mck$d226g/agVDD6fM3OU3/1PYI0yw91W+5DTXg+aQkzsdI=	2022-02-02 13:10:15.120802+00	\N	15	15	Series lay smile away and various. Effort ago mind notice then director simply. Single recognize information figure box international not type.	Deborah	Lee		{}	{}	6MMEaPSvyyFQ	en	deborah.lee@example.com\ndeborah\nlee\ndeborah\nlee\n09795 tara station suite 264\n\nnew michelleborough\n85803\nunited states of america\nus\n\n	2025-08-31 18:25:47.701501+00	49a5d65d-bf96-4722-9625-7bcac1fc7c6c	\N	\N	t	\N
9	f	robert.garcia@example.com	f	t	pbkdf2_sha256$600000$ocQh3MXGmMv1iE4XN3Bp7R$kW//LOL1dCJiL1j2E/vRhnOiVS0dybQuDtnMa93R09s=	1971-05-17 04:16:51.373036+00	\N	16	16	Reality generation concern store discover hand. Throw debate daughter purpose voice but according hard.	Robert	Garcia		{}	{}	eQDmnl3ZDLfF	en	robert.garcia@example.com\nrobert\ngarcia\nrobert\ngarcia\n076 johnson way\n\njenniferland\n48145\nunited states of america\nus\n\n	2025-08-31 18:25:47.8679+00	75e9d912-c095-4250-97ef-4446aa4b43b3	\N	\N	t	\N
10	f	cassidy.villarreal@example.com	f	t	pbkdf2_sha256$600000$HTfFB0o9yLftWNPtb9x0BL$/GxKls3qUxlgl0Ko9ORnnUPtjWRSVnsuZduDPk60VXg=	2009-02-01 08:20:47.803133+00	\N	17	17	Or ball mouth film. Today watch source firm drug senior. Head production technology over hour.	Cassidy	Villarreal		{}	{}	VzKG7yZbL1jE	en	cassidy.villarreal@example.com\ncassidy\nvillarreal\ncassidy\nvillarreal\n1754 anthony fords\n\nmatthewport\n71133\nunited states of america\nus\n\n	2025-08-31 18:25:48.031524+00	b6d6ee51-9f1b-406f-991b-87ffd232de53	\N	\N	t	\N
11	f	david.evans@example.com	f	t	pbkdf2_sha256$600000$rxKHnNdxSwFFMroyh9TrwA$MzJ8OYpiSFcT1dIdPXdf6fvfBQM6lmiFCL92H0Nnq0M=	1989-10-13 05:57:48.314476+00	\N	18	18	He weight before control board. Newspaper read somebody land. Control instead company where future model.	David	Evans		{}	{}	ptNBImwjm0mu	en	david.evans@example.com\ndavid\nevans\ndavid\nevans\n296 walsh corner apt. 758\n\nsouth rickychester\n23314\nunited states of america\nus\n\n	2025-08-31 18:25:48.20689+00	e909dd4a-2691-4d83-8485-48f0397e30fc	\N	\N	t	\N
12	f	crystal.miller@example.com	f	t	pbkdf2_sha256$600000$huzw3kAScCL6FR5owouYUF$jxp3QSoSoO1+TiDc73yKqJVCFcz7K92uK8MIdtZM4Zk=	2012-01-16 00:22:45.487255+00	\N	19	19	Question set discussion seven. Place again establish protect a. Moment ok how bill education exist.	Crystal	Miller		{}	{}	I5jE0Q6a8F2Y	en	crystal.miller@example.com\ncrystal\nmiller\ncrystal\nmiller\n0797 jeffery crescent\n\namyberg\n68091\nunited states of america\nus\n\n	2025-08-31 18:25:48.386283+00	9e8c49ae-9b02-4ac6-b427-36b2e2618d99	\N	\N	t	\N
13	f	regina.larson@example.com	f	t	pbkdf2_sha256$600000$N0ohFs47RprKUCeoUgyC3r$gTSY75DLlT6QwOWZTa5mIRmTpzfy3glccEr7Ledagig=	1989-09-16 14:56:02.492384+00	\N	20	20	Off phone most improve. Idea sing small factor head pick church. High opportunity cause property.	Regina	Larson		{}	{}	iBEnYdbAynmD	en	regina.larson@example.com\nregina\nlarson\nregina\nlarson\n44851 pamela track\n\nnorth robert\n70580\nunited states of america\nus\n\n	2025-08-31 18:25:48.566011+00	11691846-074a-4a96-9af6-c25a0fb656b4	\N	\N	t	\N
14	f	thomas.perry@example.com	f	t	pbkdf2_sha256$600000$pS3LPoc6yIDtMw0prqupcy$Hfw2DRoHO4zJh8hkmeMhTsx1QMqlEKC7q+CtrdAH0po=	1991-05-21 01:04:55.491162+00	\N	21	21	According American per yourself their record. Cell of course its respond.	Thomas	Perry		{}	{}	npFzjx4tdl0J	en	thomas.perry@example.com\nthomas\nperry\nthomas\nperry\n8570 evans summit suite 093\n\nwest thomastown\n27142\nunited states of america\nus\n\n	2025-08-31 18:25:48.730863+00	63edd31a-aff7-4564-8430-872624e8f4d2	\N	\N	t	\N
15	f	mark.wong@example.com	f	t	pbkdf2_sha256$600000$fzJQvIzuDzmNuGoz3pOQ5Q$fbsPNMf4F/GVTuTvgQoSr3FEQ7oMb82LFIK8MnUj8a0=	2018-11-05 06:16:17.186079+00	\N	22	22	Report town almost plan that hair sea quality. Particularly partner relate mention expect.	Mark	Wong		{}	{}	QSCp3tO5ypBS	en	mark.wong@example.com\nmark\nwong\nmark\nwong\n72852 renee mills suite 667\n\nblairborough\n89863\nunited states of america\nus\n\n	2025-08-31 18:25:48.897042+00	0307ebba-858e-4956-bb46-39f244c7965e	\N	\N	t	\N
16	f	michael.ellis@example.com	f	t	pbkdf2_sha256$600000$1CcA6d9oAVcpR0tF90dLjK$JbnQXMTwg1jgbLaSbrG2f9NjU2UgivjCOI1z308dsnE=	2016-08-10 14:29:01.475134+00	\N	23	23	Wife however TV law fund. Paper beat five movie. Eight miss couple bag thank generation.	Michael	Ellis		{}	{}	JivJKgxuUfEL	en	michael.ellis@example.com\nmichael\nellis\nmichael\nellis\n774 lewis grove apt. 002\n\nadamtown\n20005\nunited states of america\nus\n\n	2025-08-31 18:25:49.076062+00	4ed4c186-b0ec-4b13-b084-591412ad3b95	\N	\N	t	\N
17	f	john.daniel@example.com	f	t	pbkdf2_sha256$600000$myrxzOPicUXwud8NWKRWBA$M7Ui5D3K/QWa4/SNm3h7izT2EeHTBKJU4/YydRUhdBo=	2000-02-14 00:36:44.2678+00	\N	24	24	Key beat drop step child this degree. Baby interview senior stop always Congress majority campaign. Various floor itself news experience.	John	Daniel		{}	{}	asJK9D5qJKSv	en	john.daniel@example.com\njohn\ndaniel\njohn\ndaniel\n8647 wiggins garden apt. 481\n\nsouth tylermouth\n72445\nunited states of america\nus\n\n	2025-08-31 18:25:49.261093+00	1f8727cc-c978-4d0c-8669-fe3e35d0aa9b	\N	\N	t	\N
18	f	james.phillips@example.com	f	t	pbkdf2_sha256$600000$BQRxNXwgerTp6bYc0ExqZZ$E2Vl2VaMoNYUgwOv9HnjCmxZZScW3ZfCTAV06Yrsh4I=	2007-07-27 13:06:42.479668+00	\N	25	25	Middle teacher business population brother say grow.	James	Phillips		{}	{}	KkhC3yw4Op8f	en	james.phillips@example.com\njames\nphillips\njames\nphillips\n978 nelson brook apt. 912\n\nwrightport\n99351\nunited states of america\nus\n\n	2025-08-31 18:25:49.457727+00	d3508f0c-48ac-496c-b1cb-a3cb757c0425	\N	\N	t	\N
19	f	jade.guerrero@example.com	f	t	pbkdf2_sha256$600000$MXkamKfinx6vNY8vQRCRFN$vbREPcyhHU0aO3WDNGIjuIBalu/Aci3z2LCYlTdRGJk=	1979-11-03 22:37:25.685787+00	\N	26	26	Network foreign one. Speech theory choice.	Jade	Guerrero		{}	{}	KnhrrqdOtyaO	en	jade.guerrero@example.com\njade\nguerrero\njade\nguerrero\n318 leonard fort\n\ncourtneyport\n97176\nunited states of america\nus\n\n	2025-08-31 18:25:49.660724+00	e7dea0df-2fd8-46da-82b1-40c1f9d60bf1	\N	\N	t	\N
20	f	vickie.taylor@example.com	f	t	pbkdf2_sha256$600000$r90UuVq2fXtkn7aUynEcWn$UsxjYGoY60TLcJLM9+KS2gwe/ROLkO0r5f9HL0I425E=	2015-01-18 05:04:09.222245+00	\N	27	27	Other majority final when new clear these.	Vickie	Taylor		{}	{}	26cdi624OsUi	en	vickie.taylor@example.com\nvickie\ntaylor\nvickie\ntaylor\n9332 kathleen knoll\n\nlake vernon\n06316\nunited states of america\nus\n\n	2025-08-31 18:25:49.856474+00	a5ece165-86c6-4bb4-a99f-3948579c5393	\N	\N	t	\N
21	f	jo.payne@example.com	f	t	pbkdf2_sha256$600000$KkMf04U2rqQHX3aIOIMbmw$g7vTcS+ReQpi3AUi2o0jIeN20VXlW6XQ8i0khyTbJAQ=	1994-12-29 06:57:17.305722+00	\N	28	28	Employee public figure ground much. Character against physical agency and difficult president at. General professional career two.	Jo	Payne		{}	{}	wtV8i6aLNNZn	en	jo.payne@example.com\njo\npayne\njo\npayne\n2963 floyd lights\n\neast benjaminbury\n02768\nunited states of america\nus\n\n	2025-08-31 18:25:50.045953+00	bd25c4b9-963f-4a60-84af-1ba1cb963deb	\N	\N	t	\N
22	f	angela.johnson@example.com	t	t	pbkdf2_sha256$600000$1QvAX2n72t1zRgjRgUMjjb$7QS+KKCD4k8PJDMCYRlGD9hCD4o5N6p4ZyvOAa8IwuQ=	2025-08-31 18:25:57.134064+00	\N	42	42	\N	Angela	Johnson		{}	{}	NvdBTo0Ovd0Y	en	angela.johnson@example.com\nangela\njohnson\nangela\njohnson\n805 james turnpike\n\ncarrmouth\n27332\nunited states of america\nus\n\n	2025-08-31 18:25:57.317333+00	be2554a6-133a-45b8-a3c3-c8d8716e5278	\N	\N	t	\N
23	f	jenna.durham@example.com	t	t	pbkdf2_sha256$600000$yh2CnG5MHCaRB7Z2ogEHms$bAIgNArxl0KNn3enJi9mU6YJyzwi+GU0FQKwrT0TBY0=	2025-08-31 18:25:57.333209+00	\N	43	43	\N	Jenna	Durham		{}	{}	t6e804HjeJKB	en	jenna.durham@example.com\njenna\ndurham\njenna\ndurham\n8081 smith trail\n\nnorth ronaldstad\n73116\nunited states of america\nus\n\n	2025-08-31 18:25:57.511339+00	270e049b-97ad-4da3-9aba-6c67d5ca1b14	\N	\N	t	\N
24	f	checkout.manager@example.com	t	t	pbkdf2_sha256$600000$T1FILs7EsVpdy38YcK9J9B$QOERJsO6raaSskL4tLgC7wp6GefVWnSeybADsgVNNnQ=	2025-08-31 18:25:57.552744+00	\N	44	44	\N	Matthew	Gray		{}	{}	FX5zTzKqtXTo	en	checkout.manager@example.com\nmatthew\ngray\nmatthew\ngray\n125 ian crossroad apt. 593\n\nsouth deannaport\n82798\nunited states of america\nus\n\n	2025-08-31 18:25:57.734031+00	06f62a78-5b21-4247-8ca7-45ed603384db	\N	\N	t	\N
25	f	payment.manager@example.com	t	t	pbkdf2_sha256$600000$AYG6OGbZQhoTDTAUtpKid5$0enIAJ3Eo2mMNSW7RQifPdC3h+sgfiEGNBeN0ZQR3d8=	2025-08-31 18:25:57.762423+00	\N	45	45	\N	Rhonda	Burke		{}	{}	ZXlIg9z3oqr8	en	payment.manager@example.com\nrhonda\nburke\nrhonda\nburke\n1607 munoz river\n\nemilyshire\n96944\nunited states of america\nus\n\n	2025-08-31 18:25:57.932254+00	893530ea-8187-445d-bc26-204b66752109	\N	\N	t	\N
26	f	taxe.manager@example.com	t	t	pbkdf2_sha256$600000$F97ThFM8jkzCAwpl8PPEn3$sByUymzqTHwnOSWE+crTAZXVvGkuJ8RS0U0T9O2D8a0=	2025-08-31 18:25:57.961257+00	\N	46	46	\N	Robert	Johnson		{}	{}	bQK9pvDksNTh	en	taxe.manager@example.com\nrobert\njohnson\nrobert\njohnson\n61511 michael fall suite 905\n\ngibbsfort\n07165\nunited states of america\nus\n\n	2025-08-31 18:25:58.139245+00	88a15f90-7f04-4215-ae2e-edcbc318dcf6	\N	\N	t	\N
27	f	user.manager@example.com	t	t	pbkdf2_sha256$600000$aFE9Vik4BQs90Y1gwJewqr$27QE49bo5AFO9t+An12fZryT39Xh0dGissMqQRcRtck=	2025-08-31 18:25:58.169892+00	\N	47	47	\N	Michaela	Nichols		{}	{}	eHyZl4Vv74Bq	en	user.manager@example.com\nmichaela\nnichols\nmichaela\nnichols\n0811 howard courts suite 028\n\nsusantown\n39292\nunited states of america\nus\n\n	2025-08-31 18:25:58.349815+00	650201bb-e0e5-40ff-b66c-cd562df3dad5	\N	\N	t	\N
28	f	app.manager@example.com	t	t	pbkdf2_sha256$600000$wYgu6bugWKlBbmXARTV3Yd$6CD29hy6XR7Mb4mB2ieYa9ItTQnp+iRa852hntkDmZM=	2025-08-31 18:25:58.380422+00	\N	48	48	\N	Eric	Kelley		{}	{}	dLZAMzu7I407	en	app.manager@example.com\neric\nkelley\neric\nkelley\n22395 timothy road\n\nwilliamsbury\n29289\nunited states of america\nus\n\n	2025-08-31 18:25:58.555102+00	0037d6a8-2c1c-4a64-9119-8d114ae229b9	\N	\N	t	\N
29	f	channel.manager@example.com	t	t	pbkdf2_sha256$600000$GcqbCkigLQcV5SVM6lpjPY$A/hNjxm2hIAbb66n+R7oXoRdwWGUb/XlTyl6S2h9Bxo=	2025-08-31 18:25:58.583981+00	\N	49	49	\N	Mark	Burch		{}	{}	B3OkUSoWnhp8	en	channel.manager@example.com\nmark\nburch\nmark\nburch\n26759 paul trail apt. 290\n\nhigginsburgh\n32083\nunited states of america\nus\n\n	2025-08-31 18:25:58.770385+00	1541de2d-f1f9-44d3-9409-6c67d28f5020	\N	\N	t	\N
30	f	discount.manager@example.com	t	t	pbkdf2_sha256$600000$tuxEYf9kVof8wPWim6IBp3$Rwl/5Oaovow5xPvL/8VCw5iwLrFEYdN/b0Nr606Lxjg=	2025-08-31 18:25:58.815906+00	\N	51	51	\N	Sandra	Cox		{}	{}	AsE3LJPI0SoY	en	discount.manager@example.com\nsandra\ncox\nsandra\ncox\n612 knight keys\n\nsouth paulabury\n07782\nunited states of america\nus\n\n	2025-08-31 18:25:58.993769+00	c083344b-4fde-4324-9d48-e0ac00f3c483	\N	\N	t	\N
31	f	gift.card.manager@example.com	t	t	pbkdf2_sha256$600000$8d4xW3Veurd7gPD7Rlde3p$uvVQBfnF9/OpGUPugDDogzl3FuKdZxKuDKCh6SYP5xg=	2025-08-31 18:25:59.023985+00	\N	52	52	\N	Jeffrey	Foster		{}	{}	OfdS0QI6cjRQ	en	gift.card.manager@example.com\njeffrey\nfoster\njeffrey\nfoster\n9144 daniels rapids suite 340\n\nmichellefurt\n29110\nunited states of america\nus\n\n	2025-08-31 18:25:59.196385+00	2544beeb-750e-4672-b8d0-9d53d6520a3e	\N	\N	t	\N
32	f	menu.manager@example.com	t	t	pbkdf2_sha256$600000$lKsOYohQGGkX4CCwqZmtYw$o4t2U5U04f/Ew8DKUFZOK4jO7qRMl33AWHPgq6vuLtU=	2025-08-31 18:25:59.226959+00	\N	53	53	\N	Amanda	Phelps		{}	{}	JmsCcwxPUaia	en	menu.manager@example.com\namanda\nphelps\namanda\nphelps\n606 hamilton cove\n\nmunozburgh\n30698\nunited states of america\nus\n\n	2025-08-31 18:25:59.410764+00	d6a74f39-1b85-46a1-b145-345b45735514	\N	\N	t	\N
33	f	observability.manager@example.com	t	t	pbkdf2_sha256$600000$wtGcmsaKWGMrnpVK3upkkD$JGJex00cVx/KJH8paGm2AjWIF3fMHBJbxehZOLEABAU=	2025-08-31 18:25:59.439708+00	\N	54	54	\N	Thomas	Moore		{}	{}	QacADlKbtIlj	en	observability.manager@example.com\nthomas\nmoore\nthomas\nmoore\n155 courtney trafficway suite 803\n\ngregoryshire\n21418\nunited states of america\nus\n\n	2025-08-31 18:25:59.60894+00	dc86d223-e85d-4fd5-8bc2-7acac700c71d	\N	\N	t	\N
34	f	order.manager@example.com	t	t	pbkdf2_sha256$600000$hhFHTU86m8ILLfJMlnoL3Q$DrLuAyOlzz3RjdGQoAoqbBZHda0a7DafutslhDjz0PQ=	2025-08-31 18:25:59.637625+00	\N	55	55	\N	Norman	Williams		{}	{}	YDHDgyZGOXBN	en	order.manager@example.com\nnorman\nwilliams\nnorman\nwilliams\n64635 david ridge suite 206\n\nfordland\n53872\nunited states of america\nus\n\n	2025-08-31 18:25:59.80953+00	a4f041ae-7356-4ec3-995a-bebbe98f7317	\N	\N	t	\N
35	f	order.import.manager@example.com	t	t	pbkdf2_sha256$600000$6UBJcLoFC60JCgtUZf08xv$AHn6FmwUjrdu71uLS4IFmpMV9AtDG1xmKmhEi/7VfaA=	2025-08-31 18:25:59.837283+00	\N	56	56	\N	Amy	Spencer		{}	{}	GqznyQFrFg7G	en	order.import.manager@example.com\namy\nspencer\namy\nspencer\n32308 lori knolls\n\njennifermouth\n76473\nunited states of america\nus\n\n	2025-08-31 18:26:00.031028+00	52a2a505-2f19-44bb-89e8-b82a4fd02ca9	\N	\N	t	\N
36	f	page.manager@example.com	t	t	pbkdf2_sha256$600000$d3GDtBGOHrpL741Sdd2EuA$2UUSapWMo8NXBGHgfuz1hgYqw/2ItCHVvjBVl7LfdUE=	2025-08-31 18:26:00.064088+00	\N	57	57	\N	Leah	Sloan		{}	{}	X4NKiDODzksf	en	page.manager@example.com\nleah\nsloan\nleah\nsloan\n2585 rhonda streets suite 365\n\nfryhaven\n04740\nunited states of america\nus\n\n	2025-08-31 18:26:00.258169+00	194e8974-5933-4359-89be-74af7229bc20	\N	\N	t	\N
37	f	page.type.and.attribute.manager@example.com	t	t	pbkdf2_sha256$600000$nAf0X3fMF4rdSUipaIvna7$AE2RXImpVWJ4mnMtAUdS7qDY7JeGXLaD6OGCX1R92eg=	2025-08-31 18:26:00.287859+00	\N	58	58	\N	Wendy	Hess		{}	{}	O2k8qZp9j9gn	en	page.type.and.attribute.manager@example.com\nwendy\nhess\nwendy\nhess\n09981 caitlin rapids\n\nwest haleyburgh\n38775\nunited states of america\nus\n\n	2025-08-31 18:26:00.4732+00	31854c6c-507a-445c-b0e0-f2c952809bef	\N	\N	t	\N
38	f	plugin.manager@example.com	t	t	pbkdf2_sha256$600000$QHsVdwtpcPby7u7zKrbg4O$nONSdSSFMFNl5DSfdLjtg3zzJloiFMCPJvAZZASRY8k=	2025-08-31 18:26:00.501627+00	\N	59	59	\N	Laura	Smith		{}	{}	yLyVSlbhPnOm	en	plugin.manager@example.com\nlaura\nsmith\nlaura\nsmith\n751 wood square suite 732\n\nport melissaburgh\n99924\nunited states of america\nus\n\n	2025-08-31 18:26:00.668459+00	ca68eee6-4bc3-4fcd-a640-aad8cf8fecfb	\N	\N	t	\N
39	f	product.manager@example.com	t	t	pbkdf2_sha256$600000$m60iBCUiQUkpQhcSXTizJ4$urSmLD5DcCNTrHl/ZAXkbH6gFnNYoXl7pzUOA00JWtU=	2025-08-31 18:26:00.698499+00	\N	60	60	\N	Dawn	Jackson		{}	{}	DNEbs0eh4fvg	en	product.manager@example.com\ndawn\njackson\ndawn\njackson\n376 smith dale suite 279\n\nsouth sarahland\n57603\nunited states of america\nus\n\n	2025-08-31 18:26:00.877703+00	ab3eefed-89b9-4670-94f0-27dea2489c03	\N	\N	t	\N
40	f	product.type.and.attribute.manager@example.com	t	t	pbkdf2_sha256$600000$nIKOectWcCKnOqcasE00ut$7Xc9pHAZ/oTfnPTfSrUXB37jIvwEE6Jua6miOQ4+ncY=	2025-08-31 18:26:00.904881+00	\N	61	61	\N	Richard	Hall		{}	{}	OXvUvf91vORR	en	product.type.and.attribute.manager@example.com\nrichard\nhall\nrichard\nhall\n79148 pierce lock suite 423\n\nerikberg\n03101\nunited states of america\nus\n\n	2025-08-31 18:26:01.075057+00	cfd59849-871c-43d7-9384-651aab90b51b	\N	\N	t	\N
41	f	setting.manager@example.com	t	t	pbkdf2_sha256$600000$oSWQXIE8mxPsTzGhnEUWJ4$awBUHschlGLnw0fAgGbf4yMjR9lCcLoSAD3h/SZ4acM=	2025-08-31 18:26:01.106188+00	\N	62	62	\N	Sydney	Mendoza		{}	{}	jHLUhEysg5IS	en	setting.manager@example.com\nsydney\nmendoza\nsydney\nmendoza\n147 lisa hill apt. 512\n\nport elizabethshire\n43814\nunited states of america\nus\n\n	2025-08-31 18:26:01.318471+00	ade9a447-3b0d-45d6-958d-09897928dc30	\N	\N	t	\N
42	f	shipping.manager@example.com	t	t	pbkdf2_sha256$600000$EUYskFze9MH8PoEk7PfkiX$wReibcYxc83/7iSTxJ+J2C0O3THmPz8XGn4/4ZCyJd4=	2025-08-31 18:26:01.346617+00	\N	63	63	\N	Adrian	Atkins		{}	{}	ZaXqWEmbWmWj	en	shipping.manager@example.com\nadrian\natkins\nadrian\natkins\n178 baxter junctions apt. 033\n\nrobersonport\n40923\nunited states of america\nus\n\n	2025-08-31 18:26:01.509909+00	fb6823f9-d58b-4f66-9e30-9e83049be14b	\N	\N	t	\N
43	f	staff.manager@example.com	t	t	pbkdf2_sha256$600000$iAZuAXFY4XL7qqwTWflpXc$rY+GVLVdWvLlT0hhUdMqqZLD9/cHQaXRfhBl6ChRyqc=	2025-08-31 18:26:01.534334+00	\N	64	64	\N	Albert	Kelly		{}	{}	pZUZ0NfxjJas	en	staff.manager@example.com\nalbert\nkelly\nalbert\nkelly\n14963 stuart wall apt. 343\n\nkellerstad\n70788\nunited states of america\nus\n\n	2025-08-31 18:26:01.705953+00	afb0499d-174f-438c-8fd2-d1f2804c3534	\N	\N	t	\N
44	f	translation.manager@example.com	t	t	pbkdf2_sha256$600000$tp8MUTFDCuQYPi4ENj8qMf$P+4eDKGvjj09h7Jr0scK0oMK/MadJgXwzo1L8e06ItQ=	2025-08-31 18:26:01.743385+00	\N	66	66	\N	Jennifer	Campbell		{}	{}	zXFuKkUNdeko	en	translation.manager@example.com\njennifer\ncampbell\njennifer\ncampbell\n4172 cantu summit\n\nwest victor\n19897\nunited states of america\nus\n\n	2025-08-31 18:26:01.903881+00	2e676bae-f49e-4914-b81a-9083f8273f2f	\N	\N	t	\N
1	t	admin@vitecover.com	t	t	pbkdf2_sha256$600000$KI3DOj091sTQoANAi7broM$Qji/4A3ZYNsAvUS8ykZLqr5zik3B/dP6WhUbLFp2aVA=	2025-08-31 17:11:54.383684+00	2025-09-27 21:05:30.717332+00	\N	\N	\N				{}	{"onboarding": "{\\"onboardingExpanded\\":false,\\"stepsCompleted\\":[\\"get-started\\",\\"create-product\\",\\"explore-orders\\",\\"graphql-playground\\",\\"view-extensions\\",\\"invite-staff\\"],\\"stepsExpanded\\":{}}", "grid_variants": "[{\\"id\\":\\"name\\",\\"w\\":200},{\\"id\\":\\"sku\\",\\"w\\":200},{\\"id\\":\\"availableInChannel:Q2hhbm5lbDox\\",\\"w\\":200},{\\"id\\":\\"channel:Q2hhbm5lbDox\\",\\"w\\":200}]", "sidebar_app_webhook_alert_state": "{\\"lastClickDate\\":\\"2025-09-27T19:41:30.603Z\\",\\"lastFailedAttemptDate\\":\\"\\"}"}	xUCCpj4GBn8y	en	admin@vitecover.com\n	2025-09-27 21:05:30.717493+00	b885993f-a344-4c19-8a59-98e6d77bba84	\N	\N	t	\N
45	f	mx1322@gmail.com	t	t		2025-09-27 12:58:42.818048+00	\N	\N	\N	\N	Maxime	Bai		{}	{}	USZUA695Md3f	en	mx1322@gmail.com\nmaxime\nbai\n	2025-09-27 13:01:13.062916+00	7ab516e9-5fed-49df-aac4-b551b4cf50b1	\N	2025-09-27 15:03:24.202937+00	t	\N
\.


--
-- Data for Name: account_user_addresses; Type: TABLE DATA; Schema: public; Owner: saleor
--

COPY public.account_user_addresses (id, user_id, address_id) FROM stdin;
1	2	9
2	3	10
3	4	11
4	5	12
5	6	13
6	7	14
7	8	15
8	9	16
9	10	17
10	11	18
11	12	19
12	13	20
13	14	21
14	15	22
15	16	23
16	17	24
17	18	25
18	19	26
19	20	27
20	21	28
21	22	42
22	23	43
23	24	44
24	25	45
25	26	46
26	27	47
27	28	48
28	29	49
29	30	51
30	31	52
31	32	53
32	33	54
33	34	55
34	35	56
35	36	57
36	37	58
37	38	59
38	39	60
39	40	61
40	41	62
41	42	63
42	43	64
43	44	66
\.


--
-- Data for Name: account_user_groups; Type: TABLE DATA; Schema: public; Owner: saleor
--

COPY public.account_user_groups (id, user_id, group_id) FROM stdin;
1	1	1
3	22	2
4	23	2
5	24	3
6	25	4
7	26	5
8	27	6
9	28	7
10	29	8
12	30	9
13	31	10
14	32	11
15	33	12
16	34	13
17	35	14
18	36	15
19	37	16
20	38	17
21	39	18
22	40	19
23	41	20
24	42	21
25	43	22
27	44	23
28	27	24
29	45	1
\.


--
-- Data for Name: account_user_user_permissions; Type: TABLE DATA; Schema: public; Owner: saleor
--

COPY public.account_user_user_permissions (id, user_id, permission_id) FROM stdin;
\.


--
-- Data for Name: app_app; Type: TABLE DATA; Schema: public; Owner: saleor
--

COPY public.app_app (id, private_metadata, metadata, name, created_at, is_active, about_app, app_url, configuration_url, data_privacy, data_privacy_url, homepage_url, identifier, support_url, type, version, manifest_url, audience, is_installed, author, uuid, brand_logo_default, removed_at) FROM stdin;
\.


--
-- Data for Name: app_app_permissions; Type: TABLE DATA; Schema: public; Owner: saleor
--

COPY public.app_app_permissions (id, app_id, permission_id) FROM stdin;
\.


--
-- Data for Name: app_appextension; Type: TABLE DATA; Schema: public; Owner: saleor
--

COPY public.app_appextension (id, label, url, app_id, mount, target) FROM stdin;
\.


--
-- Data for Name: app_appextension_permissions; Type: TABLE DATA; Schema: public; Owner: saleor
--

COPY public.app_appextension_permissions (id, appextension_id, permission_id) FROM stdin;
\.


--
-- Data for Name: app_appinstallation; Type: TABLE DATA; Schema: public; Owner: saleor
--

COPY public.app_appinstallation (id, status, message, created_at, updated_at, app_name, manifest_url, uuid, brand_logo_default) FROM stdin;
\.


--
-- Data for Name: app_appinstallation_permissions; Type: TABLE DATA; Schema: public; Owner: saleor
--

COPY public.app_appinstallation_permissions (id, appinstallation_id, permission_id) FROM stdin;
\.


--
-- Data for Name: app_apptoken; Type: TABLE DATA; Schema: public; Owner: saleor
--

COPY public.app_apptoken (id, name, auth_token, app_id, token_last_4) FROM stdin;
\.


--
-- Data for Name: attribute_assignedpageattributevalue; Type: TABLE DATA; Schema: public; Owner: saleor
--

COPY public.attribute_assignedpageattributevalue (id, sort_order, value_id, page_id) FROM stdin;
\.


--
-- Data for Name: attribute_assignedproductattributevalue; Type: TABLE DATA; Schema: public; Owner: saleor
--

COPY public.attribute_assignedproductattributevalue (id, sort_order, value_id, product_id) FROM stdin;
193	0	138	126
194	0	105	131
195	0	107	132
196	0	105	133
197	0	105	134
198	0	106	135
199	0	105	136
200	0	105	137
201	0	105	138
204	0	105	141
206	0	140	143
207	0	141	146
208	0	141	147
210	0	129	152
211	0	123	153
212	0	122	154
213	0	124	155
214	0	105	161
\.


--
-- Data for Name: attribute_assignedvariantattribute; Type: TABLE DATA; Schema: public; Owner: saleor
--

COPY public.attribute_assignedvariantattribute (id, variant_id, assignment_id) FROM stdin;
136	324	13
137	325	14
138	326	14
139	327	14
140	328	14
141	329	14
142	330	14
143	331	14
144	332	14
145	333	14
146	334	14
147	335	14
148	336	14
149	337	14
150	338	14
151	339	14
152	340	14
153	341	14
154	342	14
155	343	14
156	344	14
157	348	15
158	349	15
159	350	15
160	351	15
161	352	15
162	353	15
163	354	15
164	355	15
165	356	15
166	357	15
167	358	15
168	359	15
169	360	15
170	361	15
171	362	15
172	363	15
173	364	15
174	365	15
175	366	15
176	372	13
177	373	13
178	374	13
179	375	13
180	376	13
181	377	13
182	378	13
183	379	13
184	380	13
185	389	15
186	390	15
187	394	15
188	395	15
189	396	15
190	397	15
191	398	15
\.


--
-- Data for Name: attribute_assignedvariantattributevalue; Type: TABLE DATA; Schema: public; Owner: saleor
--

COPY public.attribute_assignedvariantattributevalue (id, sort_order, assignment_id, value_id) FROM stdin;
676	0	136	137
677	0	137	108
678	0	138	109
679	0	139	110
680	0	140	111
681	0	141	112
682	0	142	113
683	0	143	114
684	0	144	110
685	0	145	109
686	0	146	111
687	0	147	108
688	0	148	109
689	0	149	110
690	0	150	111
691	0	151	112
692	0	152	108
693	0	153	109
694	0	154	110
695	0	155	111
696	0	156	114
697	0	157	115
698	0	158	116
699	0	159	117
700	0	160	118
701	0	161	119
702	0	162	115
703	0	163	116
704	0	164	117
705	0	165	118
706	0	166	119
707	0	167	115
708	0	168	116
709	0	169	119
710	0	170	116
711	0	171	117
712	0	172	118
713	0	173	115
714	0	174	116
715	0	175	117
716	0	176	133
717	0	177	135
718	0	178	137
719	0	179	132
720	0	180	133
721	0	181	135
722	0	182	136
723	0	183	135
724	0	184	137
725	0	185	118
726	0	186	119
727	0	187	115
728	0	188	116
729	0	189	117
730	0	190	118
731	0	191	119
\.


--
-- Data for Name: attribute_attribute; Type: TABLE DATA; Schema: public; Owner: saleor
--

COPY public.attribute_attribute (id, slug, name, metadata, private_metadata, input_type, available_in_grid, visible_in_storefront, filterable_in_dashboard, filterable_in_storefront, value_required, storefront_search_position, is_variant_only, type, entity_type, unit, external_reference, max_sort_order) FROM stdin;
36	material	Material	{}	{}	dropdown	t	t	t	t	t	0	f	product-type	\N	\N	\N	\N
37	shoe-size	Shoe size	{}	{}	dropdown	t	t	t	t	f	0	f	product-type	\N	\N	\N	\N
38	size	Size	{}	{}	dropdown	t	t	t	t	f	0	f	product-type	\N	\N	\N	\N
39	volume	Volume	{}	{}	dropdown	t	t	t	t	f	0	f	product-type	\N	\N	\N	\N
40	flavor	Flavor	{}	{}	dropdown	t	t	t	t	f	0	f	product-type	\N	\N	\N	\N
41	ebook-format	EBook Format	{}	{}	dropdown	t	t	t	t	t	0	f	product-type	\N	\N	\N	\N
42	medium	Medium	{}	{}	dropdown	t	t	t	t	t	0	f	product-type	\N	\N	\N	\N
43	publisher	Publisher	{}	{}	dropdown	t	t	t	t	t	0	f	product-type	\N	\N	\N	\N
\.


--
-- Data for Name: attribute_attributepage; Type: TABLE DATA; Schema: public; Owner: saleor
--

COPY public.attribute_attributepage (id, sort_order, attribute_id, page_type_id) FROM stdin;
\.


--
-- Data for Name: attribute_attributeproduct; Type: TABLE DATA; Schema: public; Owner: saleor
--

COPY public.attribute_attributeproduct (id, attribute_id, product_type_id, sort_order) FROM stdin;
10	43	17	0
11	36	19	0
12	36	20	0
13	36	21	0
14	40	23	0
\.


--
-- Data for Name: attribute_attributetranslation; Type: TABLE DATA; Schema: public; Owner: saleor
--

COPY public.attribute_attributetranslation (id, language_code, name, attribute_id) FROM stdin;
\.


--
-- Data for Name: attribute_attributevalue; Type: TABLE DATA; Schema: public; Owner: saleor
--

COPY public.attribute_attributevalue (id, name, attribute_id, slug, sort_order, value, content_type, file_url, rich_text, "boolean", date_time, reference_page_id, reference_product_id, plain_text, reference_variant_id, external_reference) FROM stdin;
105	Cotton	36	cotton	0		\N	\N	null	\N	\N	\N	\N	\N	\N	\N
106	Elastane	36	elastane	1		\N	\N	null	\N	\N	\N	\N	\N	\N	\N
107	Polyester	36	polyester	2		\N	\N	null	\N	\N	\N	\N	\N	\N	\N
108	39	37	39	0		\N	\N	null	\N	\N	\N	\N	\N	\N	\N
109	40	37	40	1		\N	\N	null	\N	\N	\N	\N	\N	\N	\N
110	41	37	41	2		\N	\N	null	\N	\N	\N	\N	\N	\N	\N
111	42	37	42	3		\N	\N	null	\N	\N	\N	\N	\N	\N	\N
112	43	37	43	4		\N	\N	null	\N	\N	\N	\N	\N	\N	\N
113	44	37	44	5		\N	\N	null	\N	\N	\N	\N	\N	\N	\N
114	45	37	45	6		\N	\N	null	\N	\N	\N	\N	\N	\N	\N
115	S	38	s	0		\N	\N	null	\N	\N	\N	\N	\N	\N	\N
116	M	38	m	1		\N	\N	null	\N	\N	\N	\N	\N	\N	\N
117	L	38	l	2		\N	\N	null	\N	\N	\N	\N	\N	\N	\N
118	XL	38	xl	3		\N	\N	null	\N	\N	\N	\N	\N	\N	\N
119	XXL	38	xxl	4		\N	\N	null	\N	\N	\N	\N	\N	\N	\N
120	700ml	39	700ml	0		\N	\N	null	\N	\N	\N	\N	\N	\N	\N
121	Orange	40	orange	0		\N	\N	null	\N	\N	\N	\N	\N	\N	\N
122	Banana	40	banana	1		\N	\N	null	\N	\N	\N	\N	\N	\N	\N
123	Bean	40	bean	2		\N	\N	null	\N	\N	\N	\N	\N	\N	\N
124	Carrot	40	carrot	3		\N	\N	null	\N	\N	\N	\N	\N	\N	\N
125	Sprouty	40	sprouty	4		\N	\N	null	\N	\N	\N	\N	\N	\N	\N
126	Salty, like the tears of your enemy	40	salty-like-the-tears-of-your-enemy	5		\N	\N	null	\N	\N	\N	\N	\N	\N	\N
127	Pineapple	40	pineapple	6		\N	\N	null	\N	\N	\N	\N	\N	\N	\N
128	Coconut	40	coconut	7		\N	\N	null	\N	\N	\N	\N	\N	\N	\N
129	Apple	40	apple	8		\N	\N	null	\N	\N	\N	\N	\N	\N	\N
130	EPUB	41	epub	0		\N	\N	null	\N	\N	\N	\N	\N	\N	\N
131	MOBI	41	mobi	1		\N	\N	null	\N	\N	\N	\N	\N	\N	\N
132	Vinyl	42	vinyl	0		\N	\N	null	\N	\N	\N	\N	\N	\N	\N
133	DVD	42	dvd	1		\N	\N	null	\N	\N	\N	\N	\N	\N	\N
134	VHS	42	vhs	2		\N	\N	null	\N	\N	\N	\N	\N	\N	\N
135	iTunes	42	itunes	3		\N	\N	null	\N	\N	\N	\N	\N	\N	\N
136	CD	42	cd	4		\N	\N	null	\N	\N	\N	\N	\N	\N	\N
137	MP3	42	mp3	5		\N	\N	null	\N	\N	\N	\N	\N	\N	\N
138	Digital Audio	43	digital-audio	0		\N	\N	null	\N	\N	\N	\N	\N	\N	\N
140	Wool	36	wool	3		\N	\N	null	\N	\N	\N	\N	\N	\N	\N
141	Saleor Publishing	43	saleor-publishing	1		\N	\N	null	\N	\N	\N	\N	\N	\N	\N
\.


--
-- Data for Name: attribute_attributevaluetranslation; Type: TABLE DATA; Schema: public; Owner: saleor
--

COPY public.attribute_attributevaluetranslation (id, language_code, name, attribute_value_id, rich_text, plain_text) FROM stdin;
\.


--
-- Data for Name: attribute_attributevariant; Type: TABLE DATA; Schema: public; Owner: saleor
--

COPY public.attribute_attributevariant (id, attribute_id, product_type_id, sort_order, variant_selection) FROM stdin;
13	42	17	0	t
14	37	18	0	t
15	38	20	0	t
\.


--
-- Data for Name: channel_channel; Type: TABLE DATA; Schema: public; Owner: saleor
--

COPY public.channel_channel (id, name, slug, is_active, currency_code, default_country, allocation_strategy, automatically_confirm_all_new_orders, automatically_fulfill_non_shippable_gift_card, order_mark_as_paid_strategy, default_transaction_flow_strategy, expire_orders_after, delete_expired_orders_after, metadata, private_metadata, allow_unpaid_orders, use_legacy_error_flow_for_checkout, include_draft_order_in_voucher_usage, automatically_complete_fully_paid_checkouts, draft_order_line_price_freeze_period, use_legacy_line_discount_propagation_for_order, checkout_release_funds_cut_off_date, checkout_ttl_before_releasing_funds, release_funds_for_expired_checkouts) FROM stdin;
1	Default Channel	default-channel	t	USD	US	prioritize-high-stock	t	t	payment_flow	charge	\N	60 days	{}	{}	f	t	f	f	24	t	\N	06:00:00	t
2	Channel-PLN	channel-pln	t	PLN	FR	prioritize-sorting-order	t	t	payment_flow	charge	\N	60 days	{}	{}	f	t	f	f	24	t	\N	06:00:00	f
3	test-Inssurance	test-inssurance	f	EUR	FR	prioritize-sorting-order	t	t	transaction_flow	charge	\N	30 days	{}	{}	f	t	f	f	24	f	\N	06:00:00	f
\.


--
-- Data for Name: checkout_checkout; Type: TABLE DATA; Schema: public; Owner: saleor
--

COPY public.checkout_checkout (created_at, last_change, email, token, user_id, billing_address_id, discount_amount, discount_name, note, shipping_address_id, shipping_method_id, voucher_code, translated_discount_name, metadata, private_metadata, currency, country, redirect_url, tracking_code, channel_id, language_code, collection_point_id, price_expiration, shipping_price_gross_amount, shipping_price_net_amount, shipping_tax_rate, subtotal_gross_amount, subtotal_net_amount, total_gross_amount, total_net_amount, tax_exemption, authorize_status, charge_status, last_transaction_modified_at, automatically_refundable, base_subtotal_amount, base_total_amount, tax_error, is_voucher_usage_increased, completing_started_at, external_shipping_method_id, shipping_method_name, undiscounted_base_shipping_price_amount, save_billing_address, save_shipping_address) FROM stdin;
2025-08-31 18:25:56.594032+00	2025-08-31 18:25:56.594058+00	\N	6eb9a21d-03b3-4ed0-a050-b9a3ee6aaa48	\N	\N	0.000	\N		\N	\N	\N	\N	\N	\N	USD	US	\N	\N	1	en	\N	2025-08-31 18:25:56.593536+00	0.000	0.000	0.0000	0.000	0.000	0.000	0.000	f	none	none	\N	f	0.000	0.000	\N	f	\N	\N	\N	0.000	t	t
2025-08-31 18:25:56.693927+00	2025-08-31 18:25:56.69397+00	\N	f6b8901c-5218-4b5d-95ae-a02e32d88969	\N	\N	0.000	\N		\N	\N	\N	\N	\N	\N	USD	US	\N	\N	1	en	\N	2025-08-31 18:25:56.6934+00	0.000	0.000	0.0000	0.000	0.000	0.000	0.000	f	none	none	\N	f	0.000	0.000	\N	f	\N	\N	\N	0.000	t	t
2025-08-31 18:25:56.799153+00	2025-08-31 18:25:56.799187+00	\N	83c36cf2-735e-486b-9d79-3a99ca9a1e6e	\N	\N	0.000	\N		\N	\N	\N	\N	\N	\N	USD	US	\N	\N	1	en	\N	2025-08-31 18:25:56.798618+00	0.000	0.000	0.0000	0.000	0.000	0.000	0.000	f	none	none	\N	f	0.000	0.000	\N	f	\N	\N	\N	0.000	t	t
2025-08-31 19:21:30.328084+00	2025-08-31 19:21:31.091957+00	\N	4202adec-0de8-49be-8eb7-06d9d25d49e5	\N	\N	0.000	\N		\N	\N	\N	\N	\N	\N	USD	US	\N	\N	1	en	\N	2025-08-31 20:21:31.091673+00	0.000	0.000	0.0000	20.000	20.000	20.000	20.000	f	none	none	\N	f	20.000	20.000	\N	f	\N	\N	\N	0.000	t	t
2025-08-31 19:25:44.242904+00	2025-08-31 19:25:45.144888+00	\N	ed2a46e9-bb2c-4f98-9e3b-5c0632454067	\N	\N	0.000	\N		\N	\N	\N	\N	\N	\N	USD	US	\N	\N	1	en	\N	2025-08-31 20:25:45.144547+00	0.000	0.000	0.0000	12.000	12.000	12.000	12.000	f	none	none	\N	f	12.000	12.000	\N	f	\N	\N	\N	0.000	t	t
2025-08-31 19:32:00.442026+00	2025-08-31 19:32:01.066647+00	\N	0c3ad52c-738e-4ce1-84eb-0c5080c6f81f	\N	\N	0.000	\N		\N	\N	\N	\N	\N	\N	USD	US	\N	\N	1	en	\N	2025-08-31 20:32:01.066431+00	0.000	0.000	0.0000	12.000	12.000	12.000	12.000	f	none	none	\N	f	12.000	12.000	\N	f	\N	\N	\N	0.000	t	t
2025-08-31 20:00:21.432354+00	2025-08-31 20:00:22.055965+00	\N	ea247e08-7b4a-4076-ba7d-73a73b4cec51	\N	\N	0.000	\N		\N	\N	\N	\N	\N	\N	USD	US	\N	\N	1	en	\N	2025-08-31 21:00:22.055747+00	0.000	0.000	0.0000	20.000	20.000	20.000	20.000	f	none	none	\N	f	20.000	20.000	\N	f	\N	\N	\N	0.000	t	t
\.


--
-- Data for Name: checkout_checkout_gift_cards; Type: TABLE DATA; Schema: public; Owner: saleor
--

COPY public.checkout_checkout_gift_cards (id, checkout_id, giftcard_id) FROM stdin;
\.


--
-- Data for Name: checkout_checkoutline; Type: TABLE DATA; Schema: public; Owner: saleor
--

COPY public.checkout_checkoutline (quantity, checkout_id, variant_id, price_override, created_at, old_id, id, metadata, private_metadata, currency, tax_rate, total_price_gross_amount, total_price_net_amount, is_gift, undiscounted_unit_price_amount, prior_unit_price_amount) FROM stdin;
2	6eb9a21d-03b3-4ed0-a050-b9a3ee6aaa48	358	\N	2025-08-31 18:25:56.649736+00	\N	da8025e8-9196-4744-a90f-f971f202eb41	{}	{}	USD	0.0000	0.000	0.000	f	45.000	\N
2	6eb9a21d-03b3-4ed0-a050-b9a3ee6aaa48	364	\N	2025-08-31 18:25:56.68487+00	\N	c783d206-9cfe-48a7-8339-5154a4322230	{}	{}	USD	0.0000	0.000	0.000	f	45.000	\N
2	f6b8901c-5218-4b5d-95ae-a02e32d88969	358	20.000	2025-08-31 18:25:56.744002+00	\N	341e7ff5-9f8f-4b23-b4ba-06c112f1f21d	{}	{}	USD	0.0000	0.000	0.000	f	20.000	\N
2	f6b8901c-5218-4b5d-95ae-a02e32d88969	364	20.000	2025-08-31 18:25:56.779261+00	\N	75a03813-9e85-4a59-8f85-b0d6c11b9cf1	{}	{}	USD	0.0000	0.000	0.000	f	20.000	\N
2	83c36cf2-735e-486b-9d79-3a99ca9a1e6e	358	\N	2025-08-31 18:25:56.851127+00	\N	68c85201-68e0-4b88-abb1-4cb7c1210006	{}	{}	USD	0.0000	0.000	0.000	f	45.000	\N
2	83c36cf2-735e-486b-9d79-3a99ca9a1e6e	358	\N	2025-08-31 18:25:56.876195+00	\N	33c87cb3-2ab5-4b4d-8304-4754a7a487ec	{}	{}		0.0000	0.000	0.000	f	45.000	\N
2	83c36cf2-735e-486b-9d79-3a99ca9a1e6e	364	\N	2025-08-31 18:25:56.903929+00	\N	af12c6ac-1a59-41a4-9f5c-a7246f9c923f	{}	{}	USD	0.0000	0.000	0.000	f	45.000	\N
2	83c36cf2-735e-486b-9d79-3a99ca9a1e6e	364	\N	2025-08-31 18:25:56.929582+00	\N	cf728e4e-b5df-4dfc-a1f3-a8736ca7313a	{}	{}		0.0000	0.000	0.000	f	45.000	\N
1	4202adec-0de8-49be-8eb7-06d9d25d49e5	352	\N	2025-08-31 19:21:30.677149+00	\N	ac296633-06fe-4d5a-9a4d-160123490ce0	{}	{}	USD	0.0000	20.000	20.000	f	20.000	\N
1	ed2a46e9-bb2c-4f98-9e3b-5c0632454067	348	\N	2025-08-31 19:25:44.583828+00	\N	3b8cd95b-1235-4d06-bca3-ba30cbd326f2	{}	{}	USD	0.0000	12.000	12.000	f	20.000	\N
1	0c3ad52c-738e-4ce1-84eb-0c5080c6f81f	348	\N	2025-08-31 19:32:00.729486+00	\N	47f48733-491f-489d-a184-e38ed1afebae	{}	{}	USD	0.0000	12.000	12.000	f	20.000	\N
1	ea247e08-7b4a-4076-ba7d-73a73b4cec51	349	\N	2025-08-31 20:00:21.702162+00	\N	5dd9a0df-b1b5-4a7b-ac26-2c3fbc266c6a	{}	{}	USD	0.0000	20.000	20.000	f	20.000	\N
\.


--
-- Data for Name: checkout_checkoutmetadata; Type: TABLE DATA; Schema: public; Owner: saleor
--

COPY public.checkout_checkoutmetadata (id, private_metadata, metadata, checkout_id) FROM stdin;
1	{}	{}	4202adec-0de8-49be-8eb7-06d9d25d49e5
2	{}	{}	ed2a46e9-bb2c-4f98-9e3b-5c0632454067
3	{}	{}	0c3ad52c-738e-4ce1-84eb-0c5080c6f81f
36	{}	{}	ea247e08-7b4a-4076-ba7d-73a73b4cec51
\.


--
-- Data for Name: core_eventdelivery; Type: TABLE DATA; Schema: public; Owner: saleor
--

COPY public.core_eventdelivery (id, created_at, status, event_type, payload_id, webhook_id) FROM stdin;
\.


--
-- Data for Name: core_eventdeliveryattempt; Type: TABLE DATA; Schema: public; Owner: saleor
--

COPY public.core_eventdeliveryattempt (id, created_at, task_id, duration, response, response_headers, request_headers, status, delivery_id, response_status_code) FROM stdin;
\.


--
-- Data for Name: core_eventpayload; Type: TABLE DATA; Schema: public; Owner: saleor
--

COPY public.core_eventpayload (id, payload, created_at, payload_file) FROM stdin;
\.


--
-- Data for Name: csv_exportevent; Type: TABLE DATA; Schema: public; Owner: saleor
--

COPY public.csv_exportevent (id, date, type, parameters, app_id, export_file_id, user_id) FROM stdin;
\.


--
-- Data for Name: csv_exportfile; Type: TABLE DATA; Schema: public; Owner: saleor
--

COPY public.csv_exportfile (id, status, created_at, updated_at, content_file, app_id, user_id, message) FROM stdin;
\.


--
-- Data for Name: discount_checkoutdiscount; Type: TABLE DATA; Schema: public; Owner: saleor
--

COPY public.discount_checkoutdiscount (id, created_at, type, value_type, value, amount_value, currency, name, translated_name, reason, voucher_code, checkout_id, promotion_rule_id, voucher_id) FROM stdin;
\.


--
-- Data for Name: discount_checkoutlinediscount; Type: TABLE DATA; Schema: public; Owner: saleor
--

COPY public.discount_checkoutlinediscount (id, created_at, type, value_type, value, amount_value, currency, name, translated_name, reason, line_id, sale_id, voucher_id, promotion_rule_id, voucher_code, unique_type) FROM stdin;
4b447ce7-6ea9-4240-a471-1ac88fcb5f8f	2025-08-31 19:25:44.639669+00	promotion	percentage	40.000	8.000	USD	Happy court day!	\N	Promotion: UHJvbW90aW9uOmVmYjcwMmI0LWU0NTMtNDI2YS1hNWU3LTdhYTgzODNmMWU5MA==	3b8cd95b-1235-4d06-bca3-ba30cbd326f2	\N	\N	3f378d85-09e0-44d8-8fc6-b9b8795fb557	\N	promotion
48a0dcb2-cb1a-4d66-aa81-fb62d79df741	2025-08-31 19:32:00.774258+00	promotion	percentage	40.000	8.000	USD	Happy court day!	\N	Promotion: UHJvbW90aW9uOmVmYjcwMmI0LWU0NTMtNDI2YS1hNWU3LTdhYTgzODNmMWU5MA==	47f48733-491f-489d-a184-e38ed1afebae	\N	\N	3f378d85-09e0-44d8-8fc6-b9b8795fb557	\N	promotion
\.


--
-- Data for Name: discount_orderdiscount; Type: TABLE DATA; Schema: public; Owner: saleor
--

COPY public.discount_orderdiscount (type, value_type, value, amount_value, currency, name, translated_name, reason, order_id, created_at, old_id, id, sale_id, voucher_id, promotion_rule_id, voucher_code) FROM stdin;
order_promotion	percentage	10.000	92.090	PLN	Happy maybe day!	\N	Promotion: UHJvbW90aW9uOjFjY2I3NjUzLThhZGMtNDAwZi04NjViLThmYzdlMzVhMWFjYw==	c7985563-9b10-4524-947e-52880c1fcd87	2025-09-26 20:50:29.655703+00	\N	ccbe3529-e0c4-4904-ac2a-a9d24189cc96	\N	\N	8ccc06b0-8ed6-4df1-8c8d-84b515ec5b85	\N
order_promotion	fixed	40.000	40.000	USD	Happy maybe day!	\N	Promotion: UHJvbW90aW9uOjFjY2I3NjUzLThhZGMtNDAwZi04NjViLThmYzdlMzVhMWFjYw==	52447dff-946d-42fe-a3e2-2e043b40cdde	2025-09-27 15:04:20.444159+00	\N	44f92799-bd92-4e54-8027-7466f0188c6c	\N	\N	a2b73d5a-0171-4a08-bb66-8bc3a7f57d70	\N
order_promotion	percentage	10.000	147.600	PLN	Happy maybe day!	\N	Promotion: UHJvbW90aW9uOjFjY2I3NjUzLThhZGMtNDAwZi04NjViLThmYzdlMzVhMWFjYw==	a311544b-a0bf-4f1d-844f-87624b6dc2c2	2025-09-27 15:04:20.620332+00	\N	48da72ef-57b6-44c6-92c1-71c6e143ed6e	\N	\N	8ccc06b0-8ed6-4df1-8c8d-84b515ec5b85	\N
\.


--
-- Data for Name: discount_orderlinediscount; Type: TABLE DATA; Schema: public; Owner: saleor
--

COPY public.discount_orderlinediscount (id, created_at, type, value_type, value, amount_value, currency, name, translated_name, reason, line_id, promotion_rule_id, sale_id, voucher_id, voucher_code, unique_type) FROM stdin;
\.


--
-- Data for Name: discount_promotion; Type: TABLE DATA; Schema: public; Owner: saleor
--

COPY public.discount_promotion (id, private_metadata, metadata, name, description, old_sale_id, start_date, end_date, created_at, updated_at, last_notification_scheduled_at, type) FROM stdin;
b6e6a5f9-939a-4246-b21b-79622f0f98dc	{}	{}	Happy risk day!	null	\N	2025-08-31 18:25:45.934023+00	\N	2025-08-31 18:25:45.934829+00	2025-08-31 18:25:45.934847+00	2025-08-31 18:25:52.201415+00	catalogue
efb702b4-e453-426a-a5e7-7aa8383f1e90	{}	{}	Happy court day!	null	\N	2025-08-31 18:25:45.967589+00	\N	2025-08-31 18:25:45.967885+00	2025-08-31 18:25:45.967894+00	2025-08-31 18:25:52.201415+00	catalogue
3518b6ed-7e8e-45b7-8bf9-0e8d26566e60	{}	{}	Happy black day!	null	\N	2025-08-31 18:25:46.394989+00	\N	2025-08-31 18:25:46.395296+00	2025-08-31 18:25:46.395303+00	2025-08-31 18:25:52.201415+00	catalogue
1ccb7653-8adc-400f-865b-8fc7e35a1acc	{}	{}	Happy maybe day!	null	\N	2025-08-31 18:25:46.413992+00	\N	2025-08-31 18:25:46.414446+00	2025-08-31 18:25:46.414457+00	2025-08-31 18:25:52.201415+00	catalogue
\.


--
-- Data for Name: discount_promotionevent; Type: TABLE DATA; Schema: public; Owner: saleor
--

COPY public.discount_promotionevent (id, date, type, parameters, app_id, promotion_id, user_id) FROM stdin;
\.


--
-- Data for Name: discount_promotionrule; Type: TABLE DATA; Schema: public; Owner: saleor
--

COPY public.discount_promotionrule (id, name, description, catalogue_predicate, reward_value_type, reward_value, promotion_id, old_channel_listing_id, order_predicate, reward_type, variants_dirty) FROM stdin;
c22726f7-ac40-496f-8117-a2e3d97daa4d	\N	null	{}	percentage	20.000	3518b6ed-7e8e-45b7-8bf9-0e8d26566e60	\N	{"discountedObjectPredicate": {"baseSubtotalPrice": {"range": {"gte": "200"}}}}	SUBTOTAL_DISCOUNT	t
d465b5e8-a076-4c93-9406-0eb8480a0b97	\N	null	{}	fixed	50.000	3518b6ed-7e8e-45b7-8bf9-0e8d26566e60	\N	{"discountedObjectPredicate": {"baseSubtotalPrice": {"range": {"gte": "100"}}}}	SUBTOTAL_DISCOUNT	t
8ccc06b0-8ed6-4df1-8c8d-84b515ec5b85	\N	null	{}	percentage	10.000	1ccb7653-8adc-400f-865b-8fc7e35a1acc	\N	{"discountedObjectPredicate": {"baseSubtotalPrice": {"range": {"gte": "200"}}}}	SUBTOTAL_DISCOUNT	t
a2b73d5a-0171-4a08-bb66-8bc3a7f57d70	\N	null	{}	fixed	40.000	1ccb7653-8adc-400f-865b-8fc7e35a1acc	\N	{"discountedObjectPredicate": {"baseSubtotalPrice": {"range": {"gte": "100"}}}}	SUBTOTAL_DISCOUNT	t
1dbcbc11-8d36-4bc8-b1fb-3dfd9605af5f	\N	null	{"productPredicate": {"ids": ["UHJvZHVjdDoxNDc=", "UHJvZHVjdDoxNTE="]}}	percentage	40.000	b6e6a5f9-939a-4246-b21b-79622f0f98dc	\N	{}	\N	t
1d877ceb-9fcb-4674-925b-6ad6aa4474b8	\N	null	{"variantPredicate": {"ids": ["UHJvZHVjdFZhcmlhbnQ6MzY0", "UHJvZHVjdFZhcmlhbnQ6MzQ0"]}}	percentage	20.000	b6e6a5f9-939a-4246-b21b-79622f0f98dc	\N	{}	\N	t
3de6c032-c9d2-4b1c-8d9e-c160f6ee5489	\N	null	{"productPredicate": {"ids": ["UHJvZHVjdDoxMzA=", "UHJvZHVjdDoxNTY="]}}	percentage	30.000	efb702b4-e453-426a-a5e7-7aa8383f1e90	\N	{}	\N	t
3f378d85-09e0-44d8-8fc6-b9b8795fb557	\N	null	{"variantPredicate": {"ids": ["UHJvZHVjdFZhcmlhbnQ6Mzc0", "UHJvZHVjdFZhcmlhbnQ6MzQ4"]}}	percentage	40.000	efb702b4-e453-426a-a5e7-7aa8383f1e90	\N	{}	\N	t
\.


--
-- Data for Name: discount_promotionrule_channels; Type: TABLE DATA; Schema: public; Owner: saleor
--

COPY public.discount_promotionrule_channels (id, promotionrule_id, channel_id) FROM stdin;
1	1dbcbc11-8d36-4bc8-b1fb-3dfd9605af5f	1
2	1dbcbc11-8d36-4bc8-b1fb-3dfd9605af5f	2
3	1d877ceb-9fcb-4674-925b-6ad6aa4474b8	1
4	1d877ceb-9fcb-4674-925b-6ad6aa4474b8	2
5	3de6c032-c9d2-4b1c-8d9e-c160f6ee5489	1
6	3de6c032-c9d2-4b1c-8d9e-c160f6ee5489	2
7	3f378d85-09e0-44d8-8fc6-b9b8795fb557	1
8	3f378d85-09e0-44d8-8fc6-b9b8795fb557	2
9	c22726f7-ac40-496f-8117-a2e3d97daa4d	1
10	c22726f7-ac40-496f-8117-a2e3d97daa4d	2
11	d465b5e8-a076-4c93-9406-0eb8480a0b97	1
12	d465b5e8-a076-4c93-9406-0eb8480a0b97	2
13	8ccc06b0-8ed6-4df1-8c8d-84b515ec5b85	1
14	8ccc06b0-8ed6-4df1-8c8d-84b515ec5b85	2
15	a2b73d5a-0171-4a08-bb66-8bc3a7f57d70	1
16	a2b73d5a-0171-4a08-bb66-8bc3a7f57d70	2
\.


--
-- Data for Name: discount_promotionrule_gifts; Type: TABLE DATA; Schema: public; Owner: saleor
--

COPY public.discount_promotionrule_gifts (id, promotionrule_id, productvariant_id) FROM stdin;
\.


--
-- Data for Name: discount_promotionrule_variants; Type: TABLE DATA; Schema: public; Owner: saleor
--

COPY public.discount_promotionrule_variants (id, promotionrule_id, productvariant_id) FROM stdin;
1	1d877ceb-9fcb-4674-925b-6ad6aa4474b8	344
2	1d877ceb-9fcb-4674-925b-6ad6aa4474b8	364
3	1dbcbc11-8d36-4bc8-b1fb-3dfd9605af5f	379
4	1dbcbc11-8d36-4bc8-b1fb-3dfd9605af5f	380
5	1dbcbc11-8d36-4bc8-b1fb-3dfd9605af5f	383
6	3de6c032-c9d2-4b1c-8d9e-c160f6ee5489	388
7	3de6c032-c9d2-4b1c-8d9e-c160f6ee5489	340
8	3de6c032-c9d2-4b1c-8d9e-c160f6ee5489	341
9	3de6c032-c9d2-4b1c-8d9e-c160f6ee5489	342
10	3de6c032-c9d2-4b1c-8d9e-c160f6ee5489	343
11	3de6c032-c9d2-4b1c-8d9e-c160f6ee5489	344
12	3f378d85-09e0-44d8-8fc6-b9b8795fb557	348
13	3f378d85-09e0-44d8-8fc6-b9b8795fb557	374
\.


--
-- Data for Name: discount_promotionruletranslation; Type: TABLE DATA; Schema: public; Owner: saleor
--

COPY public.discount_promotionruletranslation (id, language_code, name, description, promotion_rule_id) FROM stdin;
\.


--
-- Data for Name: discount_promotiontranslation; Type: TABLE DATA; Schema: public; Owner: saleor
--

COPY public.discount_promotiontranslation (id, language_code, name, description, promotion_id) FROM stdin;
\.


--
-- Data for Name: discount_voucher; Type: TABLE DATA; Schema: public; Owner: saleor
--

COPY public.discount_voucher (id, type, name, usage_limit, start_date, end_date, discount_value_type, apply_once_per_order, countries, min_checkout_items_quantity, apply_once_per_customer, only_for_staff, metadata, private_metadata, single_use) FROM stdin;
1	shipping	Free shipping	\N	2025-08-31 18:25:46.442023+00	\N	percentage	f		\N	f	f	{}	{}	f
2	entire_order	Big order discount	\N	2025-08-31 18:25:46.468568+00	\N	fixed	f		\N	f	f	{}	{}	f
3	entire_order	Percentage order discount	\N	2025-08-31 18:25:46.487724+00	\N	percentage	f		\N	f	f	{}	{}	f
\.


--
-- Data for Name: discount_voucher_categories; Type: TABLE DATA; Schema: public; Owner: saleor
--

COPY public.discount_voucher_categories (id, voucher_id, category_id) FROM stdin;
\.


--
-- Data for Name: discount_voucher_collections; Type: TABLE DATA; Schema: public; Owner: saleor
--

COPY public.discount_voucher_collections (id, voucher_id, collection_id) FROM stdin;
\.


--
-- Data for Name: discount_voucher_products; Type: TABLE DATA; Schema: public; Owner: saleor
--

COPY public.discount_voucher_products (id, voucher_id, product_id) FROM stdin;
\.


--
-- Data for Name: discount_voucher_variants; Type: TABLE DATA; Schema: public; Owner: saleor
--

COPY public.discount_voucher_variants (id, voucher_id, productvariant_id) FROM stdin;
\.


--
-- Data for Name: discount_voucherchannellisting; Type: TABLE DATA; Schema: public; Owner: saleor
--

COPY public.discount_voucherchannellisting (id, discount_value, currency, min_spent_amount, channel_id, voucher_id) FROM stdin;
1	100.000	PLN	\N	2	1
2	100.000	USD	\N	1	1
3	100.000	PLN	200.000	2	2
4	25.000	USD	200.000	1	2
5	5.000	PLN	\N	2	3
6	5.000	USD	\N	1	3
\.


--
-- Data for Name: discount_vouchercode; Type: TABLE DATA; Schema: public; Owner: saleor
--

COPY public.discount_vouchercode (id, code, used, is_active, created_at, voucher_id) FROM stdin;
9eeaa9c9-df56-4f50-84f7-9b0f826175b4	FREESHIPPING	0	t	2025-08-31 18:25:46.450748+00	1
ab3e7af3-eb1b-4059-8159-ede853439e3b	DISCOUNT	0	t	2025-08-31 18:25:46.474133+00	2
79cdbcea-0d0f-4847-9da2-4585f2cbfd85	VCO9KV98LC	0	t	2025-08-31 18:25:46.492936+00	3
\.


--
-- Data for Name: discount_vouchercustomer; Type: TABLE DATA; Schema: public; Owner: saleor
--

COPY public.discount_vouchercustomer (id, customer_email, voucher_code_id) FROM stdin;
\.


--
-- Data for Name: discount_vouchertranslation; Type: TABLE DATA; Schema: public; Owner: saleor
--

COPY public.discount_vouchertranslation (id, language_code, name, voucher_id) FROM stdin;
\.


--
-- Data for Name: django_celery_beat_clockedschedule; Type: TABLE DATA; Schema: public; Owner: saleor
--

COPY public.django_celery_beat_clockedschedule (id, clocked_time) FROM stdin;
\.


--
-- Data for Name: django_celery_beat_crontabschedule; Type: TABLE DATA; Schema: public; Owner: saleor
--

COPY public.django_celery_beat_crontabschedule (id, minute, hour, day_of_week, day_of_month, month_of_year, timezone) FROM stdin;
\.


--
-- Data for Name: django_celery_beat_intervalschedule; Type: TABLE DATA; Schema: public; Owner: saleor
--

COPY public.django_celery_beat_intervalschedule (id, every, period) FROM stdin;
\.


--
-- Data for Name: django_celery_beat_periodictask; Type: TABLE DATA; Schema: public; Owner: saleor
--

COPY public.django_celery_beat_periodictask (id, name, task, args, kwargs, queue, exchange, routing_key, expires, enabled, last_run_at, total_run_count, date_changed, description, crontab_id, interval_id, solar_id, one_off, start_time, priority, headers, clocked_id, expire_seconds) FROM stdin;
\.


--
-- Data for Name: django_celery_beat_periodictasks; Type: TABLE DATA; Schema: public; Owner: saleor
--

COPY public.django_celery_beat_periodictasks (ident, last_update) FROM stdin;
\.


--
-- Data for Name: django_celery_beat_solarschedule; Type: TABLE DATA; Schema: public; Owner: saleor
--

COPY public.django_celery_beat_solarschedule (id, event, latitude, longitude) FROM stdin;
\.


--
-- Data for Name: django_content_type; Type: TABLE DATA; Schema: public; Owner: saleor
--

COPY public.django_content_type (id, app_label, model) FROM stdin;
1	plugins	pluginconfiguration
2	discount	sale
3	discount	voucher
4	discount	vouchertranslation
5	discount	saletranslation
6	discount	vouchercustomer
7	discount	salechannellisting
8	discount	voucherchannellisting
9	discount	orderdiscount
10	discount	checkoutlinediscount
11	discount	promotion
12	discount	promotionrule
13	discount	orderlinediscount
14	discount	promotiontranslation
15	discount	promotionruletranslation
16	discount	promotionevent
17	contenttypes	contenttype
18	sites	site
19	django_celery_beat	crontabschedule
20	django_celery_beat	intervalschedule
21	django_celery_beat	periodictask
22	django_celery_beat	periodictasks
23	django_celery_beat	solarschedule
24	django_celery_beat	clockedschedule
25	permission	permission
26	plugins	emailtemplate
27	account	user
28	account	address
29	account	customernote
30	account	customerevent
31	account	staffnotificationrecipient
32	account	group
33	discount	vouchercode
34	discount	checkoutdiscount
35	discount	promotionrule_variants
36	giftcard	giftcard
37	giftcard	giftcardevent
38	giftcard	giftcardtag
39	product	category
40	product	product
41	product	productvariant
42	product	producttype
43	product	collectionproduct
44	product	collection
45	product	categorytranslation
46	product	collectiontranslation
47	product	producttranslation
48	product	productvarianttranslation
49	product	digitalcontent
50	product	digitalcontenturl
51	product	productvariantchannellisting
52	product	productchannellisting
53	product	collectionchannellisting
54	product	productmedia
55	product	variantmedia
56	product	variantchannellistingpromotionrule
57	attribute	assignedvariantattribute
58	attribute	attribute
59	attribute	attributevalue
60	attribute	attributevariant
61	attribute	attributeproduct
62	attribute	attributepage
63	attribute	attributevaluetranslation
64	attribute	attributetranslation
65	attribute	assignedproductattributevalue
66	attribute	assignedvariantattributevalue
67	attribute	assignedpageattributevalue
68	channel	channel
69	checkout	checkout
70	checkout	checkoutline
71	checkout	checkoutmetadata
72	core	eventdelivery
73	core	eventpayload
74	core	eventdeliveryattempt
75	csv	exportfile
76	csv	exportevent
77	menu	menu
78	menu	menuitem
79	menu	menuitemtranslation
80	order	order
81	order	orderline
82	order	fulfillment
83	order	fulfillmentline
84	order	orderevent
85	order	ordergrantedrefund
86	order	ordergrantedrefundline
87	invoice	invoice
88	invoice	invoiceevent
89	shipping	shippingmethod
90	shipping	shippingmethodtranslation
91	shipping	shippingzone
92	shipping	shippingmethodchannellisting
93	shipping	shippingmethodpostalcoderule
94	site	sitesettings
95	site	sitesettingstranslation
96	page	page
97	page	pagetranslation
98	page	pagetype
99	payment	transaction
100	payment	payment
101	payment	transactionitem
102	payment	transactionevent
103	tax	taxclass
104	tax	taxconfiguration
105	tax	taxclasscountryrate
106	tax	taxconfigurationpercountry
107	warehouse	warehouse
108	warehouse	stock
109	warehouse	allocation
110	warehouse	preorderallocation
111	warehouse	reservation
112	warehouse	preorderreservation
113	warehouse	channelwarehouse
114	webhook	webhook
115	webhook	webhookevent
116	app	app
117	app	apptoken
118	app	appinstallation
119	app	appextension
120	thumbnail	thumbnail
121	schedulers	customschedule
122	schedulers	customperiodictask
\.


--
-- Data for Name: django_migrations; Type: TABLE DATA; Schema: public; Owner: saleor
--

COPY public.django_migrations (id, app, name, applied) FROM stdin;
1	sites	0001_initial	2025-08-31 16:45:52.907243+00
2	sites	0002_alter_domain_unique	2025-08-31 16:45:52.943023+00
3	site	0001_initial	2025-08-31 16:45:52.954907+00
4	site	0002_add_default_data	2025-08-31 16:45:52.965413+00
5	site	0003_sitesettings_description	2025-08-31 16:45:52.97578+00
6	site	0004_auto_20170221_0426	2025-08-31 16:45:52.997346+00
7	site	0005_auto_20170906_0556	2025-08-31 16:45:53.003605+00
8	site	0006_auto_20171025_0454	2025-08-31 16:45:53.014167+00
9	site	0007_auto_20171027_0856	2025-08-31 16:45:53.032267+00
10	site	0008_auto_20171027_0856	2025-08-31 16:45:53.06193+00
11	site	0009_auto_20171109_0849	2025-08-31 16:45:53.070167+00
12	site	0010_auto_20171113_0958	2025-08-31 16:45:53.077847+00
13	site	0011_auto_20180108_0814	2025-08-31 16:45:53.091833+00
14	product	0001_initial	2025-08-31 16:45:53.228937+00
15	product	0002_auto_20150722_0545	2025-08-31 16:45:53.242687+00
16	product	0003_auto_20150820_2016	2025-08-31 16:45:53.25828+00
17	product	0003_auto_20150820_1955	2025-08-31 16:45:53.271338+00
18	product	0004_merge	2025-08-31 16:45:53.276243+00
19	product	0005_auto_20150825_1433	2025-08-31 16:45:53.316643+00
20	product	0006_product_updated_at	2025-08-31 16:45:53.330996+00
21	product	0007_auto_20160112_1025	2025-08-31 16:45:53.351724+00
22	product	0008_auto_20160114_0733	2025-08-31 16:45:53.381343+00
23	product	0009_discount_categories	2025-08-31 16:45:53.410069+00
24	product	0010_auto_20160129_0826	2025-08-31 16:45:53.437787+00
25	product	0011_stock_quantity_allocated	2025-08-31 16:45:53.451664+00
26	product	0012_auto_20160218_0812	2025-08-31 16:45:53.487371+00
27	product	0013_auto_20161207_0555	2025-08-31 16:45:53.508323+00
28	product	0014_auto_20161207_0840	2025-08-31 16:45:53.523749+00
29	product	0015_transfer_locations	2025-08-31 16:45:53.538726+00
30	product	0016_auto_20161207_0843	2025-08-31 16:45:53.5573+00
31	product	0017_remove_stock_location	2025-08-31 16:45:53.569672+00
32	product	0018_auto_20161207_0844	2025-08-31 16:45:53.593715+00
33	product	0019_auto_20161212_0230	2025-08-31 16:45:53.643413+00
34	product	0020_attribute_data_to_class	2025-08-31 16:45:53.660094+00
35	product	0021_add_hstore_extension	2025-08-31 16:45:53.696137+00
36	product	0022_auto_20161212_0301	2025-08-31 16:45:53.741615+00
37	product	0023_auto_20161211_1912	2025-08-31 16:45:53.757014+00
38	product	0024_migrate_json_data	2025-08-31 16:45:53.789566+00
39	product	0025_auto_20161219_0517	2025-08-31 16:45:53.799354+00
40	product	0026_auto_20161230_0347	2025-08-31 16:45:53.812482+00
41	product	0027_auto_20170113_0435	2025-08-31 16:45:53.846731+00
42	product	0013_auto_20161130_0608	2025-08-31 16:45:53.854762+00
43	product	0014_remove_productvariant_attributes	2025-08-31 16:45:53.86816+00
44	product	0015_productvariant_attributes	2025-08-31 16:45:53.88195+00
45	product	0016_auto_20161204_0311	2025-08-31 16:45:53.89534+00
46	product	0017_attributechoicevalue_slug	2025-08-31 16:45:53.91029+00
47	product	0018_auto_20161212_0725	2025-08-31 16:45:53.93001+00
48	product	0026_merge_20161221_0845	2025-08-31 16:45:53.936099+00
49	product	0028_merge_20170116_1016	2025-08-31 16:45:53.941775+00
50	product	0029_product_is_featured	2025-08-31 16:45:53.958097+00
51	product	0030_auto_20170206_0407	2025-08-31 16:45:54.118485+00
52	product	0031_auto_20170206_0601	2025-08-31 16:45:54.147942+00
53	product	0032_auto_20170216_0438	2025-08-31 16:45:54.161419+00
54	product	0033_auto_20170227_0757	2025-08-31 16:45:54.210131+00
55	product	0034_product_is_published	2025-08-31 16:45:54.226201+00
56	product	0035_auto_20170919_0846	2025-08-31 16:45:54.245635+00
57	product	0036_auto_20171115_0608	2025-08-31 16:45:54.260178+00
58	product	0037_auto_20171124_0847	2025-08-31 16:45:54.280732+00
59	product	0038_auto_20171129_0616	2025-08-31 16:45:54.317787+00
60	product	0037_auto_20171129_1004	2025-08-31 16:45:54.368273+00
61	product	0039_merge_20171130_0727	2025-08-31 16:45:54.374014+00
62	product	0040_auto_20171205_0428	2025-08-31 16:45:54.388695+00
63	product	0041_auto_20171205_0546	2025-08-31 16:45:54.404047+00
64	product	0042_auto_20171206_0501	2025-08-31 16:45:54.418968+00
65	product	0043_auto_20171207_0839	2025-08-31 16:45:54.434375+00
66	product	0044_auto_20180108_0814	2025-08-31 16:45:54.716718+00
67	product	0045_md_to_html	2025-08-31 16:45:54.736276+00
68	product	0046_product_category	2025-08-31 16:45:54.770982+00
69	product	0047_auto_20180117_0359	2025-08-31 16:45:54.808932+00
70	product	0048_product_class_to_type	2025-08-31 16:45:54.887705+00
71	product	0049_collection	2025-08-31 16:45:54.946272+00
72	product	0050_auto_20180131_0746	2025-08-31 16:45:54.962156+00
73	product	0051_auto_20180202_1106	2025-08-31 16:45:54.974133+00
74	product	0052_slug_field_length	2025-08-31 16:45:55.000997+00
75	page	0001_initial	2025-08-31 16:45:55.015887+00
76	menu	0001_initial	2025-08-31 16:45:55.066715+00
77	menu	0002_auto_20180319_0412	2025-08-31 16:45:55.096875+00
78	site	0012_auto_20180405_0757	2025-08-31 16:45:55.13656+00
79	menu	0003_auto_20180405_0854	2025-08-31 16:45:55.167502+00
80	site	0013_assign_default_menus	2025-08-31 16:45:55.217242+00
81	site	0014_handle_taxes	2025-08-31 16:45:55.242928+00
82	site	0015_sitesettings_handle_stock_by_default	2025-08-31 16:45:55.256322+00
83	site	0016_auto_20180719_0520	2025-08-31 16:45:55.266588+00
84	site	0017_auto_20180803_0528	2025-08-31 16:45:55.302022+00
85	product	0053_product_seo_description	2025-08-31 16:45:55.317837+00
86	product	0053_auto_20180305_1002	2025-08-31 16:45:55.339586+00
87	product	0054_merge_20180320_1108	2025-08-31 16:45:55.345681+00
88	product	0055_auto_20180321_0417	2025-08-31 16:45:55.393407+00
89	product	0056_auto_20180330_0321	2025-08-31 16:45:55.423268+00
90	product	0057_auto_20180403_0852	2025-08-31 16:45:55.4391+00
91	shipping	0001_initial	2025-08-31 16:45:55.462703+00
92	shipping	0002_auto_20160906_0741	2025-08-31 16:45:55.474286+00
93	shipping	0003_auto_20170116_0700	2025-08-31 16:45:55.482001+00
94	shipping	0004_auto_20170206_0407	2025-08-31 16:45:55.499028+00
95	shipping	0005_auto_20170906_0556	2025-08-31 16:45:55.507067+00
96	shipping	0006_auto_20171109_0908	2025-08-31 16:45:55.515131+00
97	shipping	0007_auto_20171129_1004	2025-08-31 16:45:55.525817+00
98	shipping	0008_auto_20180108_0814	2025-08-31 16:45:55.541931+00
99	contenttypes	0001_initial	2025-08-31 16:45:55.554553+00
100	contenttypes	0002_remove_content_type_name	2025-08-31 16:45:55.58323+00
101	auth	0001_initial	2025-08-31 16:45:55.624487+00
102	auth	0002_alter_permission_name_max_length	2025-08-31 16:45:55.634303+00
103	auth	0003_alter_user_email_max_length	2025-08-31 16:45:55.644704+00
104	auth	0004_alter_user_username_opts	2025-08-31 16:45:55.654673+00
105	auth	0005_alter_user_last_login_null	2025-08-31 16:45:55.665441+00
106	auth	0006_require_contenttypes_0002	2025-08-31 16:45:55.670378+00
107	userprofile	0001_initial	2025-08-31 16:45:55.751074+00
108	order	0001_initial	2025-08-31 16:45:55.993436+00
109	order	0002_auto_20150820_1955	2025-08-31 16:45:56.014562+00
110	order	0003_auto_20150825_1433	2025-08-31 16:45:56.045937+00
111	order	0004_order_total	2025-08-31 16:45:56.066949+00
112	order	0005_deliverygroup_last_updated	2025-08-31 16:45:56.089024+00
113	order	0006_deliverygroup_shipping_method	2025-08-31 16:45:56.116109+00
114	order	0007_deliverygroup_tracking_number	2025-08-31 16:45:56.135923+00
115	order	0008_auto_20151026_0820	2025-08-31 16:45:56.190959+00
116	order	0009_auto_20151201_0820	2025-08-31 16:45:56.247175+00
117	order	0010_auto_20160119_0541	2025-08-31 16:45:56.298609+00
118	discount	0001_initial	2025-08-31 16:45:56.35851+00
119	discount	0002_voucher	2025-08-31 16:45:56.413182+00
120	discount	0003_auto_20160207_0534	2025-08-31 16:45:56.827261+00
121	order	0011_auto_20160207_0534	2025-08-31 16:45:56.900372+00
122	order	0012_auto_20160216_1032	2025-08-31 16:45:56.943852+00
123	order	0013_auto_20160906_0741	2025-08-31 16:45:57.014428+00
124	order	0014_auto_20161028_0955	2025-08-31 16:45:57.035685+00
125	order	0015_auto_20170206_0407	2025-08-31 16:45:57.437883+00
126	order	0016_order_language_code	2025-08-31 16:45:57.460364+00
127	order	0017_auto_20170906_0556	2025-08-31 16:45:57.486497+00
128	order	0018_auto_20170919_0839	2025-08-31 16:45:57.514321+00
129	order	0019_auto_20171109_1423	2025-08-31 16:45:57.753252+00
130	order	0020_auto_20171123_0609	2025-08-31 16:45:57.807794+00
131	order	0021_auto_20171129_1004	2025-08-31 16:45:57.881888+00
132	order	0022_auto_20171205_0428	2025-08-31 16:45:57.916785+00
133	order	0023_auto_20171206_0506	2025-08-31 16:45:57.963415+00
134	order	0024_remove_order_status	2025-08-31 16:45:57.98703+00
135	order	0025_auto_20171214_1015	2025-08-31 16:45:58.018596+00
136	order	0026_auto_20171218_0428	2025-08-31 16:45:58.087496+00
137	order	0027_auto_20180108_0814	2025-08-31 16:45:59.135432+00
138	order	0028_status_fsm	2025-08-31 16:45:59.155847+00
139	order	0029_auto_20180111_0845	2025-08-31 16:45:59.212673+00
140	order	0030_auto_20180118_0605	2025-08-31 16:45:59.258353+00
141	order	0031_auto_20180119_0405	2025-08-31 16:45:59.325022+00
142	order	0032_orderline_is_shipping_required	2025-08-31 16:45:59.383807+00
143	order	0033_auto_20180123_0832	2025-08-31 16:45:59.411089+00
144	order	0034_auto_20180221_1056	2025-08-31 16:45:59.463698+00
145	order	0035_auto_20180221_1057	2025-08-31 16:45:59.500368+00
146	order	0036_remove_order_total_tax	2025-08-31 16:45:59.520138+00
147	order	0037_auto_20180228_0450	2025-08-31 16:45:59.583293+00
148	order	0038_auto_20180228_0451	2025-08-31 16:45:59.625355+00
149	order	0039_auto_20180312_1203	2025-08-31 16:45:59.663429+00
150	order	0040_auto_20180210_0422	2025-08-31 16:45:59.922655+00
151	order	0041_auto_20180222_0458	2025-08-31 16:45:59.960764+00
152	order	0042_auto_20180227_0436	2025-08-31 16:46:00.100399+00
153	order	0043_auto_20180322_0655	2025-08-31 16:46:00.141751+00
154	order	0044_auto_20180326_1055	2025-08-31 16:46:00.688219+00
155	order	0045_auto_20180329_0142	2025-08-31 16:46:00.854011+00
156	product	0058_auto_20180329_0142	2025-08-31 16:46:00.983297+00
157	product	0059_generate_variant_name_from_attrs	2025-08-31 16:46:01.019107+00
158	product	0060_collection_is_published	2025-08-31 16:46:01.038253+00
159	product	0061_product_taxes	2025-08-31 16:46:01.08066+00
160	product	0062_sortable_models	2025-08-31 16:46:01.206417+00
161	product	0063_required_attr_value_order	2025-08-31 16:46:01.218694+00
162	product	0064_productvariant_handle_stock	2025-08-31 16:46:01.240166+00
163	product	0065_auto_20180719_0520	2025-08-31 16:46:01.267946+00
164	product	0066_auto_20180803_0528	2025-08-31 16:46:01.545164+00
165	site	0018_sitesettings_homepage_collection	2025-08-31 16:46:01.61929+00
166	site	0019_sitesettings_default_weight_unit	2025-08-31 16:46:01.637322+00
167	site	0020_auto_20190301_0336	2025-08-31 16:46:01.651762+00
168	site	0021_auto_20190326_0521	2025-08-31 16:46:01.687605+00
169	order	0046_order_line_taxes	2025-08-31 16:46:01.729365+00
170	order	0047_order_line_name_length	2025-08-31 16:46:01.753069+00
171	order	0048_auto_20180629_1055	2025-08-31 16:46:01.805763+00
172	order	0049_auto_20180719_0520	2025-08-31 16:46:01.827104+00
173	order	0050_auto_20180803_0528	2025-08-31 16:46:01.870914+00
174	order	0050_auto_20180803_0337	2025-08-31 16:46:01.91477+00
175	order	0051_merge_20180807_0704	2025-08-31 16:46:01.920336+00
176	order	0052_auto_20180822_0720	2025-08-31 16:46:01.988186+00
177	order	0053_orderevent	2025-08-31 16:46:02.037673+00
178	order	0054_move_data_to_order_events	2025-08-31 16:46:02.107567+00
179	order	0055_remove_order_note_order_history_entry	2025-08-31 16:46:02.608162+00
180	order	0056_auto_20180911_1541	2025-08-31 16:46:02.637945+00
181	order	0057_orderevent_parameters_new	2025-08-31 16:46:02.69268+00
182	order	0058_remove_orderevent_parameters	2025-08-31 16:46:02.711984+00
183	order	0059_auto_20180913_0841	2025-08-31 16:46:02.734992+00
184	order	0060_auto_20180919_0731	2025-08-31 16:46:02.756966+00
185	order	0061_auto_20180920_0859	2025-08-31 16:46:02.77632+00
186	order	0062_auto_20180921_0949	2025-08-31 16:46:02.818475+00
187	order	0063_auto_20180926_0446	2025-08-31 16:46:02.837392+00
188	order	0064_auto_20181016_0819	2025-08-31 16:46:02.874352+00
189	cart	0001_initial	2025-08-31 16:46:02.979532+00
190	cart	0002_auto_20161014_1221	2025-08-31 16:46:03.020914+00
191	cart	fix_empty_data_in_lines	2025-08-31 16:46:03.065188+00
192	cart	0001_auto_20170113_0435	2025-08-31 16:46:03.104958+00
193	cart	0002_auto_20170206_0407	2025-08-31 16:46:03.261018+00
194	cart	0003_auto_20170906_0556	2025-08-31 16:46:03.284066+00
195	cart	0004_auto_20171129_1004	2025-08-31 16:46:03.312059+00
196	cart	0005_auto_20180108_0814	2025-08-31 16:46:03.582816+00
197	cart	0006_auto_20180221_0825	2025-08-31 16:46:03.606264+00
198	userprofile	0002_auto_20150907_0602	2025-08-31 16:46:03.644145+00
199	userprofile	0003_auto_20151104_1102	2025-08-31 16:46:03.690365+00
200	userprofile	0004_auto_20160114_0419	2025-08-31 16:46:03.734131+00
201	userprofile	0005_auto_20160205_0651	2025-08-31 16:46:03.810368+00
202	userprofile	0006_auto_20160829_0819	2025-08-31 16:46:03.844983+00
203	userprofile	0007_auto_20161115_0940	2025-08-31 16:46:04.250782+00
204	userprofile	0008_auto_20161115_1011	2025-08-31 16:46:04.275898+00
205	userprofile	0009_auto_20170206_0407	2025-08-31 16:46:04.353033+00
206	userprofile	0010_auto_20170919_0839	2025-08-31 16:46:04.374008+00
207	userprofile	0011_auto_20171110_0552	2025-08-31 16:46:04.393898+00
208	userprofile	0012_auto_20171117_0846	2025-08-31 16:46:04.415472+00
209	userprofile	0013_auto_20171120_0521	2025-08-31 16:46:04.496789+00
210	userprofile	0014_auto_20171129_1004	2025-08-31 16:46:04.530124+00
211	userprofile	0015_auto_20171213_0734	2025-08-31 16:46:04.572717+00
212	userprofile	0016_auto_20180108_0814	2025-08-31 16:46:05.111366+00
213	account	0017_auto_20180206_0957	2025-08-31 16:46:05.15047+00
214	account	0018_auto_20180426_0641	2025-08-31 16:46:05.261992+00
215	account	0019_auto_20180528_1205	2025-08-31 16:46:05.301761+00
216	checkout	0007_merge_cart_with_checkout	2025-08-31 16:46:06.027167+00
217	checkout	0008_rename_tables	2025-08-31 16:46:06.063319+00
218	checkout	0009_cart_translated_discount_name	2025-08-31 16:46:06.086879+00
219	checkout	0010_auto_20180822_0720	2025-08-31 16:46:06.136335+00
220	checkout	0011_auto_20180913_0817	2025-08-31 16:46:06.219202+00
221	checkout	0012_remove_cartline_data	2025-08-31 16:46:06.243207+00
222	checkout	0013_auto_20180913_0841	2025-08-31 16:46:06.282135+00
223	checkout	0014_auto_20180921_0751	2025-08-31 16:46:06.305035+00
224	checkout	0015_auto_20181017_1346	2025-08-31 16:46:06.32666+00
225	payment	0001_initial	2025-08-31 16:46:06.425507+00
226	payment	0002_transfer_payment_to_payment_method	2025-08-31 16:46:06.472181+00
227	order	0065_auto_20181017_1346	2025-08-31 16:46:06.622891+00
228	order	0066_auto_20181023_0319	2025-08-31 16:46:06.668309+00
229	order	0067_auto_20181102_1054	2025-08-31 16:46:06.693049+00
230	order	0068_order_checkout_token	2025-08-31 16:46:06.721889+00
231	order	0069_auto_20190225_2305	2025-08-31 16:46:06.73581+00
232	order	0070_drop_update_event_and_rename_events	2025-08-31 16:46:06.847983+00
233	account	0020_user_token	2025-08-31 16:46:06.87242+00
234	account	0021_unique_token	2025-08-31 16:46:06.931136+00
235	account	0022_auto_20180718_0956	2025-08-31 16:46:06.951623+00
236	account	0023_auto_20180719_0520	2025-08-31 16:46:06.9722+00
237	account	0024_auto_20181011_0737	2025-08-31 16:46:07.012596+00
238	account	0025_auto_20190314_0550	2025-08-31 16:46:07.029757+00
239	account	0026_user_avatar	2025-08-31 16:46:07.051708+00
240	account	0027_customerevent	2025-08-31 16:46:07.107517+00
241	site	0022_sitesettings_company_address	2025-08-31 16:46:07.156963+00
242	site	0023_auto_20191007_0835	2025-08-31 16:46:07.205519+00
243	site	0024_sitesettings_customer_set_password_url	2025-08-31 16:46:07.232166+00
244	site	0025_auto_20191024_0552	2025-08-31 16:46:07.275611+00
245	site	0026_remove_sitesettings_homepage_collection	2025-08-31 16:46:07.326914+00
246	site	0027_sitesettings_automatically_confirm_all_new_orders	2025-08-31 16:46:07.3516+00
247	site	0028_delete_authorizationkey	2025-08-31 16:46:07.361141+00
248	site	0029_auto_20210120_0934	2025-08-31 16:46:07.384703+00
249	site	0030_auto_20210722_1141	2025-08-31 16:46:07.42309+00
250	site	0030_alter_sitesettingstranslation_language_code	2025-08-31 16:46:07.439962+00
251	site	0031_merge_20210820_1454	2025-08-31 16:46:07.445793+00
252	site	0032_gift_card_settings	2025-08-31 16:46:07.533174+00
253	site	0033_sitesettings_reserve_stock_duration_minutes	2025-08-31 16:46:07.605241+00
254	site	0034_sitesettings_limit_quantity_per_checkout	2025-08-31 16:46:07.648083+00
255	shipping	0009_auto_20180629_1055	2025-08-31 16:46:07.666678+00
256	shipping	0010_auto_20180719_0520	2025-08-31 16:46:07.684582+00
257	shipping	0011_auto_20180802_1238	2025-08-31 16:46:07.70127+00
258	shipping	0012_remove_legacy_shipping_methods	2025-08-31 16:46:07.757494+00
259	shipping	0013_auto_20180822_0721	2025-08-31 16:46:08.461227+00
260	shipping	0014_auto_20180920_0956	2025-08-31 16:46:08.501469+00
261	shipping	0015_auto_20190305_0640	2025-08-31 16:46:08.521049+00
262	shipping	0016_shippingmethod_meta	2025-08-31 16:46:08.543358+00
263	shipping	0017_django_price_2	2025-08-31 16:46:08.601244+00
264	shipping	0018_default_zones_countries	2025-08-31 16:46:08.658164+00
265	shipping	0019_remove_shippingmethod_meta	2025-08-31 16:46:08.676918+00
266	shipping	0020_auto_20200902_1249	2025-08-31 16:46:08.745091+00
267	shipping	0021_auto_20201021_2158	2025-08-31 16:46:08.806738+00
268	product	0067_remove_product_is_featured	2025-08-31 16:46:08.832541+00
269	product	0068_auto_20180822_0720	2025-08-31 16:46:08.887864+00
270	product	0069_auto_20180912_0326	2025-08-31 16:46:08.910091+00
271	product	0070_auto_20180912_0329	2025-08-31 16:46:08.983219+00
272	product	0071_attributechoicevalue_value	2025-08-31 16:46:08.999894+00
273	product	0072_auto_20180925_1048	2025-08-31 16:46:09.332346+00
274	product	0073_auto_20181010_0729	2025-08-31 16:46:09.53745+00
275	product	0074_auto_20181010_0730	2025-08-31 16:46:09.675087+00
276	product	0075_auto_20181010_0842	2025-08-31 16:46:09.878123+00
277	product	0076_auto_20181012_1146	2025-08-31 16:46:09.892617+00
278	product	0077_generate_versatile_background_images	2025-08-31 16:46:09.898519+00
279	product	0078_auto_20181120_0437	2025-08-31 16:46:09.929128+00
280	product	0079_default_tax_rate_instead_of_empty_field	2025-08-31 16:46:09.981025+00
281	product	0080_collection_published_date	2025-08-31 16:46:10.000715+00
282	product	0080_auto_20181214_0440	2025-08-31 16:46:10.034412+00
283	product	0081_merge_20181215_1659	2025-08-31 16:46:10.040598+00
284	product	0081_auto_20181218_0024	2025-08-31 16:46:10.088908+00
285	product	0082_merge_20181219_1440	2025-08-31 16:46:10.095444+00
286	product	0083_auto_20190104_0443	2025-08-31 16:46:10.126929+00
287	product	0084_auto_20190122_0113	2025-08-31 16:46:10.178026+00
288	product	0085_auto_20190125_0025	2025-08-31 16:46:10.189143+00
289	product	0086_product_publication_date	2025-08-31 16:46:10.624333+00
290	product	0087_auto_20190208_0326	2025-08-31 16:46:10.649628+00
291	product	0088_auto_20190220_1928	2025-08-31 16:46:10.6707+00
292	product	0089_auto_20190225_0252	2025-08-31 16:46:10.798741+00
293	product	0090_auto_20190328_0608	2025-08-31 16:46:10.851393+00
294	product	0091_auto_20190402_0853	2025-08-31 16:46:10.962348+00
295	product	0092_auto_20190507_0309	2025-08-31 16:46:11.115455+00
296	product	0093_auto_20190521_0124	2025-08-31 16:46:11.285061+00
297	product	0094_auto_20190618_0430	2025-08-31 16:46:11.316075+00
298	product	0095_auto_20190618_0842	2025-08-31 16:46:11.395233+00
299	product	0096_auto_20190719_0339	2025-08-31 16:46:11.418278+00
300	product	0097_auto_20190719_0458	2025-08-31 16:46:11.486651+00
301	product	0098_auto_20190719_0733	2025-08-31 16:46:11.548532+00
302	product	0099_auto_20190719_0745	2025-08-31 16:46:11.605699+00
303	product	0096_raw_html_to_json	2025-08-31 16:46:11.756735+00
304	product	0100_merge_20190719_0803	2025-08-31 16:46:11.763693+00
305	product	0101_auto_20190719_0839	2025-08-31 16:46:11.89554+00
306	product	0102_migrate_data_enterprise_grade_attributes	2025-08-31 16:46:12.470124+00
307	product	0103_schema_data_enterprise_grade_attributes	2025-08-31 16:46:13.31289+00
308	product	0104_fix_invalid_attributes_map	2025-08-31 16:46:13.431416+00
309	product	0105_product_minimal_variant_price	2025-08-31 16:46:13.548368+00
310	product	0106_django_prices_2	2025-08-31 16:46:13.660568+00
311	product	0107_attributes_map_to_m2m	2025-08-31 16:46:14.45675+00
312	product	0108_auto_20191003_0422	2025-08-31 16:46:14.533728+00
313	product	0109_auto_20191006_1433	2025-08-31 16:46:14.590642+00
314	product	0110_auto_20191108_0340	2025-08-31 16:46:14.711597+00
315	auth	0007_alter_validators_add_error_messages	2025-08-31 16:46:14.726795+00
316	auth	0008_alter_user_username_max_length	2025-08-31 16:46:14.741182+00
317	auth	0009_alter_user_last_name_max_length	2025-08-31 16:46:14.755798+00
318	auth	0010_alter_group_name_max_length	2025-08-31 16:46:14.811749+00
319	auth	0011_update_proxy_permissions	2025-08-31 16:46:14.882097+00
320	account	0028_user_private_meta	2025-08-31 16:46:14.915693+00
321	account	0029_user_meta	2025-08-31 16:46:14.955646+00
322	account	0030_auto_20190719_0733	2025-08-31 16:46:14.982827+00
323	account	0031_auto_20190719_0745	2025-08-31 16:46:15.023839+00
324	account	0032_remove_user_token	2025-08-31 16:46:15.054936+00
325	account	0033_serviceaccount	2025-08-31 16:46:15.139888+00
326	account	0034_service_account_token	2025-08-31 16:46:15.296594+00
327	account	0035_staffnotificationrecipient	2025-08-31 16:46:15.384481+00
328	account	0036_auto_20191209_0407	2025-08-31 16:46:15.42141+00
329	account	0037_auto_20191219_0944	2025-08-31 16:46:15.454131+00
330	warehouse	0001_initial	2025-08-31 16:46:15.694678+00
331	product	0111_auto_20191209_0437	2025-08-31 16:46:15.753353+00
332	product	0112_auto_20200129_0050	2025-08-31 16:46:16.435723+00
333	product	0113_auto_20200129_0717	2025-08-31 16:46:16.909771+00
334	product	0114_auto_20200129_0815	2025-08-31 16:46:17.151798+00
335	product	0115_auto_20200221_0257	2025-08-31 16:46:17.843657+00
336	product	0116_auto_20200225_0237	2025-08-31 16:46:17.880363+00
337	product	0117_auto_20200423_0737	2025-08-31 16:46:18.344354+00
338	product	0118_populate_product_variant_price	2025-08-31 16:46:18.689379+00
339	warehouse	0002_auto_20200123_0036	2025-08-31 16:46:18.779109+00
340	warehouse	0003_warehouse_slug	2025-08-31 16:46:18.915711+00
341	warehouse	0004_auto_20200129_0717	2025-08-31 16:46:18.983813+00
342	warehouse	0005_auto_20200204_0722	2025-08-31 16:46:19.0846+00
343	warehouse	0006_auto_20200228_0519	2025-08-31 16:46:19.158771+00
344	giftcard	0001_initial	2025-08-31 16:46:19.228106+00
345	order	0071_order_gift_cards	2025-08-31 16:46:19.301728+00
346	order	0072_django_price_2	2025-08-31 16:46:19.547698+00
347	order	0073_auto_20190829_0249	2025-08-31 16:46:19.665947+00
348	order	0074_auto_20190930_0731	2025-08-31 16:46:19.756717+00
349	order	0075_auto_20191006_1433	2025-08-31 16:46:19.8042+00
350	order	0076_auto_20191018_0554	2025-08-31 16:46:19.863083+00
351	order	0077_auto_20191118_0606	2025-08-31 16:46:19.909471+00
352	order	0078_auto_20200221_0257	2025-08-31 16:46:20.02809+00
353	order	0079_auto_20200304_0752	2025-08-31 16:46:20.101396+00
354	order	0080_invoice	2025-08-31 16:46:20.547985+00
355	order	0081_auto_20200406_0456	2025-08-31 16:46:20.624713+00
356	warehouse	0007_auto_20200406_0341	2025-08-31 16:46:20.793172+00
357	order	0082_fulfillmentline_stock	2025-08-31 16:46:20.878527+00
358	order	0079_auto_20200225_0237	2025-08-31 16:46:20.908512+00
359	order	0081_merge_20200309_0952	2025-08-31 16:46:20.915951+00
360	order	0083_merge_20200421_0529	2025-08-31 16:46:20.924226+00
361	order	0084_auto_20200522_0522	2025-08-31 16:46:20.961279+00
362	discount	0004_auto_20170206_0407	2025-08-31 16:46:21.293933+00
363	discount	0005_auto_20170919_0839	2025-08-31 16:46:21.332921+00
364	discount	0006_auto_20171129_1004	2025-08-31 16:46:21.373199+00
365	discount	0007_auto_20180108_0814	2025-08-31 16:46:21.803004+00
366	discount	0008_sale_collections	2025-08-31 16:46:21.880345+00
367	discount	0009_auto_20180719_0520	2025-08-31 16:46:22.289717+00
368	discount	0010_auto_20180724_1251	2025-08-31 16:46:22.747583+00
369	discount	0011_auto_20180803_0528	2025-08-31 16:46:22.838769+00
370	discount	0012_auto_20190329_0836	2025-08-31 16:46:22.925309+00
371	discount	0013_auto_20190618_0733	2025-08-31 16:46:23.037879+00
372	discount	0014_auto_20190701_0402	2025-08-31 16:46:23.134133+00
373	discount	0015_voucher_min_quantity_of_products	2025-08-31 16:46:23.165902+00
374	discount	0016_auto_20190716_0330	2025-08-31 16:46:23.274167+00
375	discount	0017_django_price_2	2025-08-31 16:46:23.333831+00
376	discount	0018_auto_20190827_0315	2025-08-31 16:46:23.433162+00
377	discount	0019_auto_20200217_0350	2025-08-31 16:46:23.520923+00
378	payment	0003_rename_payment_method_to_payment	2025-08-31 16:46:24.12259+00
379	payment	0004_auto_20181206_0031	2025-08-31 16:46:24.164436+00
380	payment	0005_auto_20190104_0443	2025-08-31 16:46:24.203899+00
381	payment	0006_auto_20190109_0358	2025-08-31 16:46:24.223123+00
382	payment	0007_auto_20190206_0938	2025-08-31 16:46:24.238698+00
383	payment	0007_auto_20190125_0242	2025-08-31 16:46:24.273193+00
384	payment	0008_merge_20190214_0447	2025-08-31 16:46:24.280431+00
385	payment	0009_convert_to_partially_charged_and_partially_refunded	2025-08-31 16:46:24.351136+00
386	payment	0010_auto_20190220_2001	2025-08-31 16:46:24.384635+00
387	checkout	0016_auto_20190112_0506	2025-08-31 16:46:24.416664+00
388	checkout	0017_auto_20190130_0207	2025-08-31 16:46:24.451069+00
389	checkout	0018_auto_20190410_0132	2025-08-31 16:46:24.848944+00
390	checkout	0019_checkout_gift_cards	2025-08-31 16:46:24.930857+00
391	checkout	0020_auto_20190723_0722	2025-08-31 16:46:24.994968+00
392	checkout	0021_django_price_2	2025-08-31 16:46:25.038223+00
393	checkout	0022_auto_20191219_1137	2025-08-31 16:46:25.07322+00
394	checkout	0023_checkout_country	2025-08-31 16:46:25.113773+00
395	checkout	0024_auto_20200120_0154	2025-08-31 16:46:25.151955+00
396	checkout	0025_auto_20200221_0257	2025-08-31 16:46:25.226731+00
397	channel	0001_initial	2025-08-31 16:46:25.386805+00
398	shipping	0022_shipping_method_channel_listing	2025-08-31 16:46:25.610314+00
399	product	0119_auto_20200709_1102	2025-08-31 16:46:25.698582+00
400	product	0120_auto_20200714_0539	2025-08-31 16:46:26.385913+00
401	product	0121_auto_20200810_1415	2025-08-31 16:46:27.24231+00
402	product	0122_auto_20200828_1135	2025-08-31 16:46:27.792558+00
403	product	0123_auto_20200904_1251	2025-08-31 16:46:27.884801+00
404	product	0124_auto_20200909_0904	2025-08-31 16:46:28.109502+00
405	product	0125_auto_20200916_1511	2025-08-31 16:46:28.24739+00
406	product	0126_product_default_variant	2025-08-31 16:46:28.464757+00
407	product	0127_auto_20201001_0933	2025-08-31 16:46:28.541329+00
408	product	0128_update_publication_date	2025-08-31 16:46:28.679973+00
409	product	0129_add_product_types_and_attributes_perm	2025-08-31 16:46:28.774111+00
410	product	0130_create_product_description_search_vector	2025-08-31 16:46:28.940291+00
411	product	0131_update_ts_vector_existing_product_name	2025-08-31 16:46:28.951008+00
412	product	0130_migrate_from_draftjs_to_editorjs_format	2025-08-31 16:46:29.032754+00
413	product	0131_auto_20201112_0904	2025-08-31 16:46:29.629901+00
414	product	0132_product_rating	2025-08-31 16:46:29.667576+00
415	checkout	0026_auto_20200709_1102	2025-08-31 16:46:29.704965+00
416	checkout	0027_auto_20200810_1415	2025-08-31 16:46:29.841891+00
417	checkout	0028_auto_20200824_1019	2025-08-31 16:46:29.916256+00
418	checkout	0029_auto_20200904_0529	2025-08-31 16:46:29.958807+00
419	checkout	0030_checkout_channel_listing	2025-08-31 16:46:30.244708+00
420	product	0133_product_variant_channel_listing	2025-08-31 16:46:30.529388+00
421	product	0134_product_channel_listing	2025-08-31 16:46:30.887792+00
422	product	0135_collection_channel_listing	2025-08-31 16:46:31.092214+00
423	shipping	0023_shippingmethod_excluded_products	2025-08-31 16:46:31.53001+00
424	shipping	0024_shippingmethodzipcoderule	2025-08-31 16:46:31.618275+00
425	shipping	0025_auto_20201130_1122	2025-08-31 16:46:31.698039+00
426	shipping	0026_shippingzone_description	2025-08-31 16:46:31.717073+00
427	shipping	0027_auto_20210120_2201	2025-08-31 16:46:31.905203+00
428	shipping	0028_auto_20210308_1135	2025-08-31 16:46:32.010783+00
429	shipping	0029_shippingzone_channels	2025-08-31 16:46:32.175754+00
430	channel	0002_channel_default_country	2025-08-31 16:46:32.203794+00
431	channel	0003_alter_channel_default_country	2025-08-31 16:46:32.381527+00
432	channel	0004_create_default_channel	2025-08-31 16:46:32.468168+00
433	channel	0005_channel_allocation_strategy	2025-08-31 16:46:32.574854+00
434	channel	0006_order_settings_fields	2025-08-31 16:46:32.630409+00
435	channel	0007_order_settings_per_channel	2025-08-31 16:46:32.721132+00
436	channel	0008_update_null_order_settings	2025-08-31 16:46:32.809175+00
437	site	0035_sitesettings_separate_state_remove_order_settings	2025-08-31 16:46:32.980193+00
438	site	0036_remove_order_settings	2025-08-31 16:46:32.991366+00
439	site	0037_sitesettings_enable_account_confirmation_by_email	2025-08-31 16:46:33.02579+00
440	site	0038_auto_20230510_1107	2025-08-31 16:46:33.451958+00
441	auth	0012_alter_user_first_name_max_length	2025-08-31 16:46:33.47014+00
442	webhook	0001_initial	2025-08-31 16:46:33.640984+00
443	webhook	0002_webhook_name	2025-08-31 16:46:33.656622+00
444	account	0038_auto_20200123_0034	2025-08-31 16:46:33.739048+00
445	account	0039_auto_20200221_0257	2025-08-31 16:46:33.830823+00
446	core	0001_migrate_metadata	2025-08-31 16:46:34.737363+00
447	plugins	0001_initial	2025-08-31 16:46:34.756612+00
448	account	0040_auto_20200415_0443	2025-08-31 16:46:35.207065+00
449	account	0041_permissions_to_groups	2025-08-31 16:46:35.298093+00
450	account	0040_auto_20200225_0237	2025-08-31 16:46:35.361952+00
451	account	0041_merge_20200421_0529	2025-08-31 16:46:35.368852+00
452	account	0042_merge_20200422_0555	2025-08-31 16:46:35.375799+00
453	account	0043_rename_service_account_to_app	2025-08-31 16:46:35.696202+00
454	webhook	0003_unmount_service_account	2025-08-31 16:46:35.791837+00
455	account	0044_unmount_app_and_app_token	2025-08-31 16:46:35.872435+00
456	app	0001_initial	2025-08-31 16:46:36.229265+00
457	app	0002_auto_20200702_0945	2025-08-31 16:46:36.444327+00
458	app	0003_auto_20200810_1415	2025-08-31 16:46:36.475406+00
459	app	0004_auto_20210308_1135	2025-08-31 16:46:36.515899+00
460	app	0005_appextension	2025-08-31 16:46:36.628055+00
461	app	0006_convert_extension_enums_into_one	2025-08-31 16:46:36.724029+00
462	app	0007_auto_20220127_0942	2025-08-31 16:46:36.784571+00
463	app	0008_appextension_target	2025-08-31 16:46:36.805622+00
464	app	0009_apptoken_token_last_4	2025-08-31 16:46:36.832327+00
465	app	0010_update_app_tokens	2025-08-31 16:46:37.274066+00
466	app	0011_alter_apptoken_token_last_4	2025-08-31 16:46:37.291603+00
467	app	0012_rename_created_app_created_at	2025-08-31 16:46:37.312644+00
468	app	0013_alter_appextension_mount	2025-08-31 16:46:37.3339+00
469	app	0014_alter_app_options	2025-08-31 16:46:37.430171+00
470	app	0015_app_manifest_url	2025-08-31 16:46:37.451233+00
471	app	0016_alter_appextension_mount	2025-08-31 16:46:37.473463+00
472	app	0017_app_audience	2025-08-31 16:46:37.493854+00
473	webhook	0004_mount_app	2025-08-31 16:46:37.621464+00
474	plugins	0002_auto_20200417_0335	2025-08-31 16:46:37.79146+00
475	account	0045_auto_20200427_0425	2025-08-31 16:46:37.877527+00
476	webhook	0005_drop_manage_webhooks_permission	2025-08-31 16:46:37.973589+00
477	payment	0011_auto_20190516_0901	2025-08-31 16:46:37.994909+00
478	payment	0012_transaction_customer_id	2025-08-31 16:46:38.017066+00
479	payment	0013_auto_20190813_0735	2025-08-31 16:46:38.043681+00
480	payment	0014_django_price_2	2025-08-31 16:46:38.109821+00
481	payment	0015_auto_20200203_1116	2025-08-31 16:46:38.222688+00
482	payment	0016_auto_20200423_0314	2025-08-31 16:46:38.398182+00
483	payment	0017_payment_payment_method_type	2025-08-31 16:46:38.450645+00
484	payment	0018_auto_20200810_1415	2025-08-31 16:46:38.473996+00
485	payment	0019_auto_20200812_1101	2025-08-31 16:46:38.598866+00
486	payment	0020_auto_20200902_1249	2025-08-31 16:46:38.704128+00
487	payment	0021_transaction_searchable_key	2025-08-31 16:46:38.731272+00
488	payment	0022_auto_20201104_1458	2025-08-31 16:46:38.819176+00
489	payment	0023_auto_20201110_0834	2025-08-31 16:46:38.842269+00
490	payment	0024_auto_20210326_0837	2025-08-31 16:46:38.866199+00
491	payment	0025_auto_20210506_0750	2025-08-31 16:46:38.929319+00
492	payment	0026_payment_psp_reference	2025-08-31 16:46:38.986799+00
493	payment	0027_assign_psp_reference_values	2025-08-31 16:46:39.083828+00
494	payment	0028_drop_searchable_key	2025-08-31 16:46:39.108801+00
495	payment	0029_alter_payment_options	2025-08-31 16:46:39.233229+00
496	payment	0030_payment_partial	2025-08-31 16:46:39.283861+00
497	payment	0030_auto_20210908_1346	2025-08-31 16:46:39.499659+00
498	payment	0031_merge_0030_auto_20210908_1346_0030_payment_partial	2025-08-31 16:46:39.507713+00
499	page	0002_auto_20180321_0417	2025-08-31 16:46:39.910194+00
500	page	0003_auto_20180719_0520	2025-08-31 16:46:39.924108+00
501	page	0004_auto_20180803_0528	2025-08-31 16:46:40.043525+00
502	page	0005_auto_20190208_0456	2025-08-31 16:46:40.067744+00
503	page	0006_auto_20190220_1928	2025-08-31 16:46:40.082291+00
504	page	0007_auto_20190225_0252	2025-08-31 16:46:40.12574+00
505	page	0008_raw_html_to_json	2025-08-31 16:46:40.353992+00
506	page	0009_auto_20191108_0402	2025-08-31 16:46:40.37212+00
507	page	0010_auto_20200129_0717	2025-08-31 16:46:40.399985+00
508	page	0011_auto_20200217_0350	2025-08-31 16:46:40.414146+00
509	page	0012_auto_20200709_1102	2025-08-31 16:46:40.428083+00
510	page	0013_update_publication_date	2025-08-31 16:46:40.533308+00
511	page	0014_add_metadata	2025-08-31 16:46:40.572083+00
512	page	0015_migrate_from_draftjs_to_editorjs_format	2025-08-31 16:46:40.679847+00
513	page	0016_auto_20201112_0904	2025-08-31 16:46:40.704493+00
514	page	0017_pagetype	2025-08-31 16:46:41.057172+00
515	product	0136_add_attribute_type_and_page_to_attribute_relation	2025-08-31 16:46:42.024943+00
516	attribute	0001_initial	2025-08-31 16:46:43.913458+00
517	product	0137_drop_attribute_models	2025-08-31 16:46:46.178283+00
518	product	0138_migrate_description_json_into_description	2025-08-31 16:46:47.067723+00
519	product	0139_description_vector_search	2025-08-31 16:46:47.080683+00
520	product	0140_auto_20210125_0905	2025-08-31 16:46:47.216445+00
521	product	0141_update_descritpion_fields	2025-08-31 16:46:47.736542+00
522	product	0142_auto_20210308_1135	2025-08-31 16:46:48.090054+00
523	product	0143_rename_product_images_to_product_media	2025-08-31 16:46:49.590645+00
524	product	0144_auto_20210318_1155	2025-08-31 16:46:49.63526+00
525	product	0145_auto_20210511_1043	2025-08-31 16:46:49.702626+00
526	product	0146_auto_20210518_0945	2025-08-31 16:46:49.782874+00
527	product	0147_auto_20210817_1015	2025-08-31 16:46:49.916086+00
528	product	0148_producttype_type	2025-08-31 16:46:49.937796+00
529	order	0085_delete_invoice	2025-08-31 16:46:49.950361+00
530	order	0086_auto_20200716_1226	2025-08-31 16:46:50.001393+00
531	order	0087_auto_20200810_1415	2025-08-31 16:46:50.230912+00
532	order	0088_auto_20200812_1101	2025-08-31 16:46:50.284014+00
533	order	0089_auto_20200902_1249	2025-08-31 16:46:50.747725+00
534	order	0090_order_channel_listing	2025-08-31 16:46:51.78078+00
535	order	0091_order_redirect_url	2025-08-31 16:46:51.84+00
536	order	0092_order_unconfirmed	2025-08-31 16:46:51.93483+00
537	order	0093_auto_20201130_1406	2025-08-31 16:46:52.092949+00
538	order	0094_auto_20201221_1128	2025-08-31 16:46:52.346279+00
539	order	0095_auto_20201229_1014	2025-08-31 16:46:52.400753+00
540	order	0096_order_shipping_tax_rate	2025-08-31 16:46:52.465064+00
541	order	0097_auto_20210107_1148	2025-08-31 16:46:52.592587+00
542	discount	0020_auto_20200709_1102	2025-08-31 16:46:52.630677+00
543	discount	0021_auto_20200902_1249	2025-08-31 16:46:52.736429+00
544	discount	0022_sale_channel_listing	2025-08-31 16:46:52.977683+00
545	discount	0023_voucher_channel_listing	2025-08-31 16:46:53.645155+00
546	discount	0024_orderdiscount	2025-08-31 16:46:53.745843+00
547	order	0098_discounts_relation	2025-08-31 16:46:54.232625+00
548	order	0099_auto_20210209_0856	2025-08-31 16:46:54.417433+00
549	order	0100_auto_20210216_0914	2025-08-31 16:46:54.463628+00
550	order	0101_auto_20210308_1213	2025-08-31 16:46:54.665921+00
551	order	0102_auto_20210310_1552	2025-08-31 16:46:54.731313+00
552	order	0103_auto_20210401_1105	2025-08-31 16:46:54.858516+00
553	order	0104_auto_20210506_0835	2025-08-31 16:46:55.274087+00
554	order	0105_order_total_paid_amount	2025-08-31 16:46:55.425855+00
555	order	0106_origin_and_original	2025-08-31 16:46:55.582206+00
556	order	0107_set_origin_and_original_values	2025-08-31 16:46:55.682461+00
557	order	0108_origin_not_null	2025-08-31 16:46:55.744996+00
558	order	0109_undiscounted_prices	2025-08-31 16:46:56.116084+00
559	order	0110_auto_20210518_0918	2025-08-31 16:46:56.187411+00
560	order	0111_auto_20210518_1357	2025-08-31 16:46:56.289042+00
561	order	0112_auto_20210616_0548	2025-08-31 16:46:56.338003+00
562	order	0113_orderevent_app	2025-08-31 16:46:56.437577+00
563	order	0114_auto_20210722_1146	2025-08-31 16:46:56.518851+00
564	order	0114_alter_order_language_code	2025-08-31 16:46:56.583508+00
565	order	0115_merge_20210820_1454	2025-08-31 16:46:56.59091+00
566	warehouse	0008_auto_20200430_0239	2025-08-31 16:46:56.68546+00
567	warehouse	0009_remove_invalid_allocation	2025-08-31 16:46:56.783273+00
568	warehouse	0010_auto_20200709_1102	2025-08-31 16:46:56.825571+00
569	warehouse	0011_auto_20200714_0539	2025-08-31 16:46:56.865986+00
570	warehouse	0012_auto_20210115_1307	2025-08-31 16:46:56.947279+00
571	warehouse	0013_auto_20210308_1135	2025-08-31 16:46:57.026272+00
572	warehouse	0014_remove_warehouse_company_name	2025-08-31 16:46:57.54939+00
573	warehouse	0015_auto_20210713_0904	2025-08-31 16:46:57.674862+00
574	order	0114_auto_20210726_1116	2025-08-31 16:46:57.891294+00
575	order	0116_merge_20210824_1103	2025-08-31 16:46:57.897573+00
576	order	0115_alter_order_language_code	2025-08-31 16:46:57.96185+00
577	order	0117_merge_20210903_1013	2025-08-31 16:46:57.968842+00
578	order	0118_auto_20210913_0731	2025-08-31 16:46:58.069967+00
579	order	0119_orderline_is_gift_card	2025-08-31 16:46:58.40122+00
580	order	0120_orderline_optional_sku	2025-08-31 16:46:58.508123+00
581	order	0121_order_search_document	2025-08-31 16:46:58.781839+00
582	order	0116_auto_20211207_0705	2025-08-31 16:46:58.886619+00
583	order	0122_merge_20211220_1641	2025-08-31 16:46:58.89449+00
584	order	0123_update_order_search_document	2025-08-31 16:46:58.986182+00
585	order	0124_order_updated_at	2025-08-31 16:46:59.061042+00
586	order	0125_populate_order_updated_at	2025-08-31 16:46:59.075031+00
587	order	0126_alter_order_updated_at	2025-08-31 16:46:59.148165+00
588	order	0127_add_order_number_and_alter_order_token	2025-08-31 16:46:59.340607+00
589	order	0128_set_order_number	2025-08-31 16:46:59.789527+00
590	order	0129_alter_order_number	2025-08-31 16:46:59.94247+00
591	payment	0032_save_payment_order_token	2025-08-31 16:47:00.094372+00
592	order	0130_save_order_token_in_relation_models	2025-08-31 16:47:00.765467+00
593	invoice	0001_initial	2025-08-31 16:47:00.973654+00
594	invoice	0002_invoice_message	2025-08-31 16:47:01.018633+00
595	invoice	0003_auto_20200713_1311	2025-08-31 16:47:01.068457+00
596	invoice	0004_auto_20200810_1415	2025-08-31 16:47:01.188489+00
597	invoice	0005_auto_20210308_1135	2025-08-31 16:47:01.274002+00
598	invoice	0006_invoiceevent_app	2025-08-31 16:47:01.380149+00
599	invoice	0007_save_invoice_order_token	2025-08-31 16:47:02.059622+00
600	product	0148_producttype_product_type_search_gin	2025-08-31 16:47:02.081724+00
601	product	0149_auto_20211004_1636	2025-08-31 16:47:02.215479+00
602	product	0150_collection_collection_search_gin	2025-08-31 16:47:02.250941+00
603	discount	0025_auto_20210506_0831	2025-08-31 16:47:02.297982+00
604	discount	0026_voucher_only_for_staff	2025-08-31 16:47:02.336947+00
605	discount	0027_auto_20210719_2155	2025-08-31 16:47:02.465685+00
606	discount	0028_auto_20210817_1015	2025-08-31 16:47:02.507329+00
607	discount	0030_discount_variants	2025-08-31 16:47:02.714507+00
608	discount	0028_alter_voucher_code	2025-08-31 16:47:02.723001+00
609	discount	0029_merge_0028_alter_voucher_code_0028_auto_20210817_1015	2025-08-31 16:47:02.730509+00
610	discount	0031_merge_20211020_1019	2025-08-31 16:47:02.738773+00
611	discount	0029_alter_voucher_code	2025-08-31 16:47:02.7882+00
612	discount	0031_merge_0029_alter_voucher_code_0030_discount_variants	2025-08-31 16:47:02.795156+00
613	discount	0032_merge_20211109_1210	2025-08-31 16:47:02.802823+00
614	discount	0033_auto_20220209_1543	2025-08-31 16:47:02.881444+00
615	discount	0034_populate_sales_datetimes	2025-08-31 16:47:02.982513+00
616	discount	0035_auto_20220209_1544	2025-08-31 16:47:03.062416+00
617	discount	0036_save_discocunt_order_token	2025-08-31 16:47:03.203318+00
618	account	0046_user_jwt_token_key	2025-08-31 16:47:03.250918+00
619	account	0047_auto_20200810_1415	2025-08-31 16:47:03.368934+00
620	account	0048_auto_20210308_1135	2025-08-31 16:47:03.80326+00
621	account	0049_user_language_code	2025-08-31 16:47:03.845322+00
622	account	0050_auto_20210506_1058	2025-08-31 16:47:03.887146+00
623	account	0051_alter_customerevent_user	2025-08-31 16:47:03.99042+00
624	account	0052_customerevent_app	2025-08-31 16:47:04.102423+00
625	account	0053_auto_20210719_1048	2025-08-31 16:47:04.289791+00
626	account	0054_alter_user_language_code	2025-08-31 16:47:04.33037+00
627	account	0055_alter_user_options	2025-08-31 16:47:04.45928+00
628	account	0055_alter_user_language_code	2025-08-31 16:47:04.501473+00
629	account	0056_merge_20210903_0640	2025-08-31 16:47:04.508777+00
630	account	0057_user_search_document	2025-08-31 16:47:04.653116+00
631	account	0058_update_user_search_document	2025-08-31 16:47:04.746648+00
632	account	0057_clear_user_addresses	2025-08-31 16:47:04.850385+00
633	account	0059_merge_20220221_1025	2025-08-31 16:47:04.858448+00
634	account	0060_user_updated_at	2025-08-31 16:47:04.904726+00
635	account	0061_populate_user_updated_at	2025-08-31 16:47:04.998416+00
636	account	0062_alter_user_updated_at	2025-08-31 16:47:05.044678+00
637	account	0063_save_customerevent_order_token	2025-08-31 16:47:05.228029+00
638	order	0131_change_pk_to_uuid	2025-08-31 16:47:05.750489+00
639	account	0064_rewrite_customerevent_order_relation	2025-08-31 16:47:06.095321+00
640	account	0065_address_warehouse_address_search_gin	2025-08-31 16:47:06.129344+00
641	account	0066_alter_user_avatar	2025-08-31 16:47:06.170275+00
642	account	0066_alter_customerevent_type	2025-08-31 16:47:06.230532+00
643	account	0067_merge_20220715_1400	2025-08-31 16:47:06.238995+00
644	account	0068_user_uuid	2025-08-31 16:47:06.291925+00
645	account	0069_auto_20220823_0748	2025-08-31 16:47:06.410812+00
646	account	0070_alter_user_uuid	2025-08-31 16:47:06.459166+00
647	account	0071_user_external_reference	2025-08-31 16:47:06.506732+00
648	account	0072_group	2025-08-31 16:47:06.697196+00
649	permission	0001_initial	2025-08-31 16:47:06.903798+00
650	app	0018_auto_20221122_1148	2025-08-31 16:47:07.200394+00
651	account	0073_alter_group_permissions	2025-08-31 16:47:07.969154+00
652	account	0063_user_user_p_meta_jsonb_path_idx	2025-08-31 16:47:08.014088+00
653	account	0065_merge_20221227_1254	2025-08-31 16:47:08.022311+00
654	account	0066_merge_20221227_1315	2025-08-31 16:47:08.029387+00
655	account	0071_merge_0066_merge_20221227_1315_0070_alter_user_uuid	2025-08-31 16:47:08.035822+00
656	account	0072_merge_20221227_1353	2025-08-31 16:47:08.042346+00
657	account	0074_merge_20230102_0914	2025-08-31 16:47:08.049422+00
658	account	0075_add_address_metadata	2025-08-31 16:47:08.179733+00
659	account	0064_user_last_password_reset_request	2025-08-31 16:47:08.272305+00
660	account	0072_merge_20230221_0956	2025-08-31 16:47:08.282604+00
661	account	0076_merge_20230221_1002	2025-08-31 16:47:08.292133+00
662	account	0076_fill_empty_passwords	2025-08-31 16:47:08.439717+00
663	account	0077_merge_20230310_1107	2025-08-31 16:47:08.44711+00
664	account	0078_add_group_channels_conf	2025-08-31 16:47:08.60261+00
665	account	0079_full_channel_access_group_for_openid	2025-08-31 16:47:08.702888+00
666	account	0080_user_is_confirmed	2025-08-31 16:47:08.761925+00
667	account	0081_update_user_is_confirmed	2025-08-31 16:47:08.861441+00
668	account	0082_user_last_confirm_email_request	2025-08-31 16:47:08.90954+00
669	account	0082_auto_20231204_1419	2025-08-31 16:47:08.922234+00
670	account	0083_merge_20231205_1315	2025-08-31 16:47:08.928467+00
671	account	0083_confirm_active_user	2025-08-31 16:47:09.028177+00
672	account	0084_merge_20240229_1435	2025-08-31 16:47:09.03613+00
673	account	0085_address_validation_skipped	2025-08-31 16:47:09.070346+00
674	account	0086_auto_20240805_0851	2025-08-31 16:47:09.168236+00
675	payment	0033_rewrite_payment_order_relations	2025-08-31 16:47:09.960084+00
676	payment	0034_auto_20220414_1051	2025-08-31 16:47:10.091716+00
677	order	0132_rewrite_order_relations	2025-08-31 16:47:11.979804+00
678	order	0133_rename_order_token_id	2025-08-31 16:47:12.156895+00
679	order	0134_rewrite_order_gift_cards_relation	2025-08-31 16:47:12.170156+00
680	order	0135_alter_order_options	2025-08-31 16:47:12.24844+00
681	order	0136_auto_20220414_1025	2025-08-31 16:47:12.370209+00
682	order	0137_alter_orderevent_type	2025-08-31 16:47:12.427656+00
683	product	0149_alter_productvariant_sku	2025-08-31 16:47:12.532007+00
684	product	0150_auto_20211001_1004	2025-08-31 16:47:12.678223+00
685	product	0151_merge_20211004_1344	2025-08-31 16:47:12.68619+00
686	product	0152_merge_20211005_1324	2025-08-31 16:47:12.693717+00
687	product	0153_merge_20211006_0910	2025-08-31 16:47:12.700778+00
688	product	0154_productvariant_quantity_limit_per_customer	2025-08-31 16:47:12.741135+00
689	product	0151_productchannellisting_product_pro_discoun_3145f3_btree	2025-08-31 16:47:12.79637+00
690	product	0155_merge_20211208_1108	2025-08-31 16:47:12.803374+00
691	product	0156_product_search_document	2025-08-31 16:47:12.957409+00
692	product	0157_update_product_search_document	2025-08-31 16:47:12.96537+00
693	product	0158_auto_20220120_1633	2025-08-31 16:47:13.073246+00
694	product	0159_auto_20220209_1501	2025-08-31 16:47:13.677723+00
695	checkout	0031_auto_20210303_1045	2025-08-31 16:47:13.77796+00
696	checkout	0032_auto_20210308_1135	2025-08-31 16:47:13.884133+00
697	checkout	0033_checkout_language_code	2025-08-31 16:47:13.941264+00
698	checkout	0034_remove_checkout_quantity	2025-08-31 16:47:13.996999+00
699	checkout	0035_alter_checkout_language_code	2025-08-31 16:47:14.053085+00
700	checkout	0036_alter_checkout_language_code	2025-08-31 16:47:14.11069+00
701	checkout	0037_remove_empty_lines	2025-08-31 16:47:14.211746+00
702	checkout	0035_checkout_collection_point	2025-08-31 16:47:14.320801+00
703	checkout	0036_merge_20210824_1103	2025-08-31 16:47:14.327846+00
704	checkout	0037_merge_20210903_1013	2025-08-31 16:47:14.334437+00
705	checkout	0038_merge_20210903_1048	2025-08-31 16:47:14.341077+00
706	checkout	0039_alter_checkout_email	2025-08-31 16:47:14.402747+00
707	checkout	0040_add_handle_checkouts_permission	2025-08-31 16:47:14.546172+00
708	checkout	0041_checkoutline_price_override	2025-08-31 16:47:14.601866+00
709	checkout	0042_rename_created_checkout_created_at	2025-08-31 16:47:14.658889+00
710	payment	0035_auto_20220421_0615	2025-08-31 16:47:15.007848+00
711	payment	0036_auto_20220518_0732	2025-08-31 16:47:15.578728+00
712	payment	0037_alter_transaction_error	2025-08-31 16:47:15.605525+00
713	app	0019_fix_constraint_names_in_app_app_permisons	2025-08-31 16:47:15.61787+00
714	payment	0038_auto_20230223_0926	2025-08-31 16:47:16.849087+00
715	payment	0039_transactionevent_currency	2025-08-31 16:47:16.953655+00
716	payment	0040_migrate_renamed_fields	2025-08-31 16:47:17.437566+00
717	payment	0041_add_calculation_transaction_events	2025-08-31 16:47:17.565486+00
718	payment	0042_alter_transactionitem_available_actions	2025-08-31 16:47:17.672915+00
719	payment	0043_drop_from_state_renamed_fields	2025-08-31 16:47:18.250757+00
720	payment	0044_transactionevent_currency	2025-08-31 16:47:18.434466+00
721	payment	0045_alter_transactionevent_currency	2025-08-31 16:47:18.478942+00
722	payment	0046_alter_transactionevent_type	2025-08-31 16:47:18.521147+00
723	payment	0042_auto_20230320_1252	2025-08-31 16:47:18.652794+00
724	payment	0043_populate_transaction_item_token	2025-08-31 16:47:18.783811+00
725	payment	0047_merge_20230321_1456	2025-08-31 16:47:18.79112+00
726	payment	0048_populate_transaction_item_token	2025-08-31 16:47:18.892978+00
727	payment	0049_auto_20230322_0634	2025-08-31 16:47:19.012156+00
728	payment	0050_drop_unused_transaction_fields	2025-08-31 16:47:19.027446+00
729	payment	0051_alter_transactionitem_available_actions	2025-08-31 16:47:19.181709+00
730	payment	0052_transactionitem_last_refund_success	2025-08-31 16:47:19.626784+00
731	payment	0053_auto_20231211_0850	2025-08-31 16:47:19.721568+00
732	payment	0054_add_idempotency_key_indexes	2025-08-31 16:47:19.74429+00
733	payment	0055_add_constraints_from_indexes	2025-08-31 16:47:19.873253+00
734	app	0020_app_is_installed	2025-08-31 16:47:19.903835+00
735	app	0021_app_author	2025-08-31 16:47:19.932612+00
736	app	0022_auto_20230410_0859	2025-08-31 16:47:19.979519+00
737	app	0023_populate_app_and_app_installation_uuid	2025-08-31 16:47:20.085444+00
738	app	0024_auto_20230412_1343	2025-08-31 16:47:20.135369+00
739	app	0025_auto_20230420_1544	2025-08-31 16:47:20.180201+00
740	app	0026_app_removed_at	2025-08-31 16:47:20.20845+00
741	app	0027_set_identifier_when_missing	2025-08-31 16:47:20.656578+00
742	app	0028_set_identifier	2025-08-31 16:47:21.074373+00
743	app	0029_alter_app_identifier	2025-08-31 16:47:21.114467+00
744	page	0018_migrate_content_json_into_content	2025-08-31 16:47:21.969998+00
745	page	0019_auto_20210125_0905	2025-08-31 16:47:22.024601+00
746	page	0020_update_content_fields	2025-08-31 16:47:22.276181+00
747	page	0021_auto_20210308_1135	2025-08-31 16:47:22.344816+00
748	page	0022_alter_pagetranslation_title	2025-08-31 16:47:22.369665+00
749	page	0023_auto_20210526_0835	2025-08-31 16:47:22.40598+00
750	page	0024_alter_pagetranslation_language_code	2025-08-31 16:47:22.429585+00
751	page	0025_rename_created_page_created_at	2025-08-31 16:47:22.556973+00
752	page	0026_alter_page_publication_date	2025-08-31 16:47:22.826678+00
753	page	0027_alter_page_created_at	2025-08-31 16:47:22.94187+00
754	page	0028_add_default_page_type	2025-08-31 16:47:23.050669+00
755	webhook	0006_auto_20200731_1440	2025-08-31 16:47:23.076998+00
756	webhook	0007_auto_20210319_0945	2025-08-31 16:47:23.101816+00
757	webhook	0008_webhook_subscription_query	2025-08-31 16:47:23.124309+00
758	tax	0001_initial	2025-08-31 16:47:23.397727+00
759	plugins	0003_auto_20200429_0142	2025-08-31 16:47:23.521782+00
760	plugins	0004_drop_support_for_env_vatlayer_access_key	2025-08-31 16:47:23.639551+00
761	plugins	0005_auto_20200810_1415	2025-08-31 16:47:23.656901+00
762	plugins	0006_auto_20200909_1253	2025-08-31 16:47:23.672804+00
763	plugins	0007_add_user_emails_configuration	2025-08-31 16:47:24.399631+00
764	plugins	0008_pluginconfiguration_channel	2025-08-31 16:47:24.822799+00
765	plugins	0009_emailtemplate	2025-08-31 16:47:24.946297+00
766	plugins	0010_auto_20220104_1239	2025-08-31 16:47:25.070076+00
767	tax	0002_add_default_tax_configs	2025-08-31 16:47:25.300554+00
768	tax	0003_add_manage_taxes_permission	2025-08-31 16:47:25.416808+00
769	product	0160_populate_product_datetimes	2025-08-31 16:47:25.531579+00
770	product	0161_auto_20220209_1511	2025-08-31 16:47:26.32839+00
771	product	0162_auto_20220228_1233	2025-08-31 16:47:26.480406+00
772	product	0163_auto_20220414_1025	2025-08-31 16:47:26.709491+00
773	product	0164_auto_20220311_1430	2025-08-31 16:47:26.79162+00
774	product	0165_update_product_search_document	2025-08-31 16:47:26.798563+00
775	product	0166_update_publication_date_and_available_for_purchase	2025-08-31 16:47:27.204912+00
776	product	0167_digitalcontenturl_order_line_token	2025-08-31 16:47:27.231346+00
777	order	0138_add_orderline_token_old_id_created_at	2025-08-31 16:47:27.410457+00
778	order	0139_fulfil_orderline_token_old_id_created_at	2025-08-31 16:47:27.538297+00
779	order	0140_alter_orderline_old_id_and_created_at	2025-08-31 16:47:28.107144+00
780	product	0168_fulfil_digitalcontenturl_orderline_token	2025-08-31 16:47:28.118812+00
781	product	0169_alter_digitalcontenturl_line	2025-08-31 16:47:28.376141+00
782	warehouse	0015_alter_stock_quantity	2025-08-31 16:47:28.448121+00
783	warehouse	0016_merge_20210921_1036	2025-08-31 16:47:28.455704+00
784	warehouse	0017_preorderallocation	2025-08-31 16:47:28.595102+00
785	warehouse	0018_auto_20210323_2116	2025-08-31 16:47:28.75574+00
786	warehouse	0019_auto_20211019_1438	2025-08-31 16:47:28.938153+00
787	warehouse	0016_stock_quantity_allocated	2025-08-31 16:47:29.100936+00
788	warehouse	0020_merge_20220217_1316	2025-08-31 16:47:29.109547+00
789	warehouse	0021_allocation_order_line_token	2025-08-31 16:47:29.157094+00
790	warehouse	0022_fulfil_allocation_order_line_token	2025-08-31 16:47:29.171903+00
791	warehouse	0023_alter_orderline_relations	2025-08-31 16:47:29.410435+00
792	order	0141_fulfil_fulfillmentline_orderline_token	2025-08-31 16:47:29.420609+00
793	order	0142_alter_fulfillmentline_line	2025-08-31 16:47:29.545377+00
794	order	0143_update_orderline_pk	2025-08-31 16:47:29.777001+00
795	product	0170_rewrite_digitalcontenturl_orderline_relation	2025-08-31 16:47:30.64916+00
796	thumbnail	0001_initial	2025-08-31 16:47:30.791285+00
797	warehouse	0024_rewrite_order_line_relations	2025-08-31 16:47:31.512372+00
798	warehouse	0025_add_checkout_line_token	2025-08-31 16:47:31.562358+00
799	checkout	0043_add_token_old_id_created_at_to_checkout_line	2025-08-31 16:47:31.720835+00
800	checkout	0044_fulfill_checkout_line_new_fields	2025-08-31 16:47:32.225035+00
801	warehouse	0026_fulfill_checkout_line_token_fields	2025-08-31 16:47:32.240402+00
802	warehouse	0027_alter_reservation_models_checkout_line	2025-08-31 16:47:32.479971+00
803	checkout	0045_alter_checkoutline_created_at	2025-08-31 16:47:32.545015+00
804	checkout	0046_alter_checkout_line_pk	2025-08-31 16:47:32.771475+00
805	warehouse	0028_rewrite_checkouline_relations	2025-08-31 16:47:33.495747+00
806	warehouse	0029_warehouse_channels	2025-08-31 16:47:33.996048+00
807	warehouse	0030_add_channels_to_warehouses	2025-08-31 16:47:34.121042+00
808	warehouse	0031_create_default_warehouse	2025-08-31 16:47:34.244102+00
809	product	0171_product_search_index_dirty	2025-08-31 16:47:34.397402+00
810	product	0171_alter_versatile_images	2025-08-31 16:47:34.752235+00
811	product	0172_merge_20220802_0817	2025-08-31 16:47:34.759873+00
812	product	0173_create_default_category_and_product_type	2025-08-31 16:47:34.989058+00
813	product	0174_drop_media_to_remove	2025-08-31 16:47:35.114971+00
814	product	0175_alter_productmedia_product	2025-08-31 16:47:35.227883+00
815	product	0172_alter_product_search_index_dirty	2025-08-31 16:47:35.716131+00
816	product	0174_merge_20221007_1322	2025-08-31 16:47:35.725477+00
817	product	0176_merge_20221007_1324	2025-08-31 16:47:35.733026+00
818	product	0177_product_tax_class_producttype_tax_class	2025-08-31 16:47:35.969088+00
819	tax	0004_migrate_tax_classes	2025-08-31 16:47:36.198141+00
820	product	0178_product_external_reference	2025-08-31 16:47:36.255511+00
821	product	0179_productvariant_external_reference	2025-08-31 16:47:36.305085+00
822	product	0180_productmedia_metadata	2025-08-31 16:47:36.433281+00
823	product	0178_fix_description_plaintext_field	2025-08-31 16:47:36.573878+00
824	product	0180_merge_20230417_1143	2025-08-31 16:47:36.584013+00
825	product	0181_merge_20230417_1323	2025-08-31 16:47:36.592083+00
826	product	0182_productvariantchannellisting_discounted_price_amount	2025-08-31 16:47:36.657174+00
827	product	0183_calculate_discounted_prices	2025-08-31 16:47:36.786094+00
828	product	0184_product_product_gin	2025-08-31 16:47:36.839132+00
829	product	0185_unmount_product_charge_taxes	2025-08-31 16:47:37.000057+00
830	product	0186_remove_product_charge_taxes	2025-08-31 16:47:37.012385+00
831	attribute	0002_auto_20201030_1141	2025-08-31 16:47:37.598816+00
832	attribute	0003_auto_20201113_1149	2025-08-31 16:47:37.774358+00
833	attribute	0004_auto_20201204_1325	2025-08-31 16:47:37.820852+00
834	attribute	0005_add_assignedattributevalues	2025-08-31 16:47:39.884442+00
835	attribute	0006_auto_20210105_1031	2025-08-31 16:47:39.91024+00
836	attribute	0007_auto_20210308_1135	2025-08-31 16:47:39.950329+00
837	attribute	0008_auto_20210407_0632	2025-08-31 16:47:40.001118+00
838	attribute	0009_auto_20210421_0552	2025-08-31 16:47:40.135953+00
839	attribute	0010_auto_20210412_0736	2025-08-31 16:47:40.179913+00
840	attribute	0011_update_values_file_urls	2025-08-31 16:47:40.296969+00
841	attribute	0011_attributevalue_attribute_a_name_9f3448_gin	2025-08-31 16:47:40.32067+00
842	attribute	0012_merge_20210608_1034	2025-08-31 16:47:40.327615+00
843	attribute	0013_auto_20210609_2245	2025-08-31 16:47:40.395192+00
844	attribute	0014_auto_20210619_1836	2025-08-31 16:47:40.444169+00
845	attribute	0015_auto_20210817_1015	2025-08-31 16:47:40.487013+00
846	attribute	0016_auto_20210827_0938	2025-08-31 16:47:40.534797+00
847	attribute	0017_auto_20210811_0701	2025-08-31 16:47:40.698422+00
848	attribute	0018_attributevariant_variant_selection	2025-08-31 16:47:40.860291+00
849	attribute	0019_auto_20220214_1025	2025-08-31 16:47:41.102439+00
850	attribute	0020_auto_20220214_1027	2025-08-31 16:47:41.222522+00
851	attribute	0021_auto_20220406_1713	2025-08-31 16:47:41.719259+00
852	attribute	0022_plain_text_attribute	2025-08-31 16:47:41.796616+00
853	attribute	0023_lstrip_slash_from_value_file_url	2025-08-31 16:47:41.987083+00
854	attribute	0022_attribute_value_translations_propagate_names	2025-08-31 16:47:42.105031+00
855	attribute	0024_merge_20221018_1100	2025-08-31 16:47:42.112893+00
856	attribute	0025_attribute_value_translations_propagate_names	2025-08-31 16:47:42.229231+00
857	attribute	0023_extend_reference_attr_with_variant	2025-08-31 16:47:42.373461+00
858	attribute	0024_merge_20221018_0714	2025-08-31 16:47:42.380268+00
859	attribute	0026_merge_20221019_0937	2025-08-31 16:47:42.387212+00
860	attribute	0027_auto_20221205_1650	2025-08-31 16:47:42.46842+00
861	attribute	0028_attribute_attribute_gin	2025-08-31 16:47:42.494454+00
862	attribute	0029_alter_attribute_unit	2025-08-31 16:47:42.51716+00
863	attribute	0030_assignedproductattributevalue_product	2025-08-31 16:47:42.640522+00
864	attribute	0031_extend_attributr_value_fields_length	2025-08-31 16:47:42.7905+00
865	attribute	0032_assignedpageattributevalue_page_add_field	2025-08-31 16:47:42.912993+00
866	attribute	0033_assignedpageattributevalue_page_add_index	2025-08-31 16:47:42.944421+00
867	attribute	0034_assignedpageattributevalue_page_data_migration	2025-08-31 16:47:43.060894+00
868	attribute	0035_assignedproductattributevalue_product_add_index	2025-08-31 16:47:43.106688+00
869	attribute	0036_assignedproductattributevalue_product_data_migration	2025-08-31 16:47:43.590824+00
870	attribute	0037_remove_assignedpageattribute	2025-08-31 16:47:44.308647+00
871	attribute	0038_remove_assignedproductattribute	2025-08-31 16:47:45.42789+00
872	attribute	0029_attribute_max_sort_order	2025-08-31 16:47:45.453406+00
873	attribute	0030_merge_20231110_1243	2025-08-31 16:47:45.461067+00
874	attribute	0037_merge_20231113_1050	2025-08-31 16:47:45.469294+00
875	attribute	0039_merge_20231113_1132	2025-08-31 16:47:45.475924+00
876	attribute	0040_auto_20240508_0854	2025-08-31 16:47:45.531435+00
877	attribute	0041_auto_20240508_0855	2025-08-31 16:47:45.564948+00
878	attribute	0042_propagate_temporary_field	2025-08-31 16:47:45.996252+00
879	attribute	0040_clear_assignedattributes	2025-08-31 16:47:46.015231+00
880	attribute	0043_merge_20240606_1430	2025-08-31 16:47:46.023539+00
881	attribute	0044_reintroduce_attribute_value_constraints	2025-08-31 16:47:46.055154+00
882	attribute	0045_drop_temporary_fields	2025-08-31 16:47:46.107158+00
883	attribute	0046_auto_20240611_1143	2025-08-31 16:47:46.119717+00
884	auth	0013_auto_20221214_1224	2025-08-31 16:47:46.129822+00
885	channel	0009_channel_order_mark_as_paid_strategy	2025-08-31 16:47:46.174704+00
886	channel	0010_channel_default_transaction_flow_strategy	2025-08-31 16:47:46.217548+00
887	channel	0011_channel_expire_orders_after	2025-08-31 16:47:46.25479+00
888	channel	0012_channel_delete_expired_orders_after	2025-08-31 16:47:46.297292+00
889	channel	0013_auto_20230630_1039	2025-08-31 16:47:46.369012+00
890	channel	0014_channel_allow_to_create_order_without_payment	2025-08-31 16:47:46.410843+00
891	channel	0015_channel_use_legacy_error_flow_for_checkout	2025-08-31 16:47:46.451661+00
892	channel	0016_auto_20230816_1209	2025-08-31 16:47:46.532267+00
893	channel	0017_channel_include_draft_order_in_voucher_usage	2025-08-31 16:47:46.576547+00
894	channel	0018_channel_automatically_complete_paid_checkouts	2025-08-31 16:47:46.618311+00
895	channel	0019_channel_draft_order_line_price_freeze_period	2025-08-31 16:47:46.665077+00
896	channel	0020_channel_use_legacy_line_voucher_propagation_for_order	2025-08-31 16:47:46.708481+00
897	channel	0021_rename_use_legacy_line_voucher_propagation_for_order_channel_use_legacy_line_discount_propagation_fo	2025-08-31 16:47:46.824698+00
898	channel	0019_auto_20250625_1048	2025-08-31 16:47:46.93182+00
899	channel	0020_migrate_checkout_ttl_release_funds	2025-08-31 16:47:47.044406+00
900	channel	0022_merge_20250708_1220	2025-08-31 16:47:47.052681+00
901	tax	0005_migrate_vatlayer	2025-08-31 16:47:47.166358+00
902	tax	0006_alter_taxconfiguration_tax_calculation_strategy	2025-08-31 16:47:47.575639+00
903	tax	0007_auto_20230217_0837	2025-08-31 16:47:47.774147+00
904	tax	0008_auto_20240122_1353	2025-08-31 16:47:47.843341+00
905	product	0187_category_updated_at	2025-08-31 16:47:47.875641+00
906	product	0188_category_updated_at_idx	2025-08-31 16:47:47.906567+00
907	order	0144_rewrite_fulfillmentline_orderline_relation	2025-08-31 16:47:48.42719+00
908	order	0145_rewrite_order_events	2025-08-31 16:47:48.550037+00
909	order	0137_auto_20220427_0822	2025-08-31 16:47:48.678724+00
910	order	0138_orderline_base_price	2025-08-31 16:47:48.809923+00
911	order	0146_merge_20220512_1005	2025-08-31 16:47:48.817581+00
912	order	0147_alter_orderline_options	2025-08-31 16:47:48.880567+00
913	order	0148_auto_20220519_1118	2025-08-31 16:47:49.175138+00
914	order	0149_add_fields_for_authorize_and_charge	2025-08-31 16:47:49.299087+00
915	order	0150_update_authorize_and_charge_status	2025-08-31 16:47:49.784568+00
916	order	0151_auto_20220606_1431	2025-08-31 16:47:49.963459+00
917	order	0152_update_order_search_vector	2025-08-31 16:47:50.078723+00
918	order	0139_fix_undiscounted_total_on_lines	2025-08-31 16:47:50.194701+00
919	order	0151_merge_20220615_1224	2025-08-31 16:47:50.202715+00
920	order	0153_merge_20220615_1232	2025-08-31 16:47:50.210482+00
921	order	0154_auto_20220621_0850	2025-08-31 16:47:50.495215+00
922	order	0155_order_should_refresh_prices	2025-08-31 16:47:50.619112+00
923	order	0156_order_tax_exemption	2025-08-31 16:47:50.724523+00
924	order	0157_order_base_shipping_price_amount	2025-08-31 16:47:50.802126+00
925	order	0158_migrate_base_shipping_price_amount	2025-08-31 16:47:50.92661+00
926	order	0159_order_shipping_tax_class_and_more	2025-08-31 16:47:52.150005+00
927	order	0160_order_external_reference	2025-08-31 16:47:52.239168+00
928	order	0140_fix_order_undiscounted_total	2025-08-31 16:47:52.359012+00
929	order	0152_merge_20221215_1217	2025-08-31 16:47:52.366969+00
930	order	0155_merge_20221215_1223	2025-08-31 16:47:52.374076+00
931	order	0156_merge_20221215_1235	2025-08-31 16:47:52.382026+00
932	order	0159_merge_20221215_1244	2025-08-31 16:47:52.389664+00
933	order	0160_merge_20221215_1253	2025-08-31 16:47:52.396539+00
934	order	0161_merge_20221219_1838	2025-08-31 16:47:52.403421+00
935	order	0162_order_granted_refund	2025-08-31 16:47:52.756332+00
936	order	0163_order_events_rename_transaction_events	2025-08-31 16:47:52.875435+00
937	order	0164_auto_20230329_1200	2025-08-31 16:47:53.035983+00
938	order	0165_order_expired_at	2025-08-31 16:47:53.141958+00
939	order	0166_order_propagate_expired_at	2025-08-31 16:47:53.291789+00
940	order	0167_bulk_order_create_20230315_1312	2025-08-31 16:47:53.925634+00
941	order	0168_order_bulk_permission	2025-08-31 16:47:54.057375+00
942	order	0169_alter_order_options	2025-08-31 16:47:54.170331+00
943	order	0170_auto_20230529_1314	2025-08-31 16:47:54.404498+00
944	discount	0037_rewrite_discount_order_relations	2025-08-31 16:47:54.932027+00
945	discount	0038_alter_orderdiscount_options	2025-08-31 16:47:54.991961+00
946	discount	0039_rename_created_sale_created_at	2025-08-31 16:47:55.051533+00
947	discount	0040_orderdiscount_token_old_id_created_at	2025-08-31 16:47:55.223369+00
948	discount	0041_fulfill_orderdiscount_token_created_at_old_id	2025-08-31 16:47:55.498159+00
949	discount	0042_migrate_orderdiscount_id_to_uuid	2025-08-31 16:47:56.207449+00
950	discount	0043_sale_notification_sent_datetime	2025-08-31 16:47:56.268721+00
951	checkout	0043_alter_checkout_voucher_code	2025-08-31 16:47:56.348493+00
952	checkout	0047_merge_20220519_1029	2025-08-31 16:47:56.357162+00
953	checkout	0048_alter_checkoutline_options	2025-08-31 16:47:56.463163+00
954	checkout	0049_auto_20220621_0850	2025-08-31 16:47:56.759487+00
955	checkout	0050_auto_20220713_1057	2025-08-31 16:47:57.59608+00
956	checkout	0051_auto_20220713_1103	2025-08-31 16:47:57.931926+00
957	checkout	0052_alter_checkoutline_currency	2025-08-31 16:47:57.998976+00
958	checkout	0053_checkout_tax_exemption	2025-08-31 16:47:58.519823+00
959	checkout	0054_alter_checkout_options	2025-08-31 16:47:58.69373+00
960	checkout	0055_create_checkout_metadata_model	2025-08-31 16:47:58.906144+00
961	checkout	0056_move_checkout_metadata_to_separate_model	2025-08-31 16:47:59.023656+00
962	checkout	0057_remove_metadata_from_checkout_model_state	2025-08-31 16:47:59.255276+00
963	checkout	0055_add_last_change_idx	2025-08-31 16:47:59.326298+00
964	checkout	0058_merge_0055_add_last_change_idx	2025-08-31 16:47:59.334612+00
965	checkout	0058_auto_20230313_1602	2025-08-31 16:47:59.47461+00
966	checkout	0059_merge_0058	2025-08-31 16:47:59.481397+00
967	discount	0044_auto_20230421_1018	2025-08-31 16:47:59.99986+00
968	discount	0045_promotions	2025-08-31 16:48:01.389454+00
969	product	0187_auto_20230614_0838	2025-08-31 16:48:01.657556+00
970	product	0189_merge_20230929_0857	2025-08-31 16:48:01.665675+00
971	product	0186_alter_productmedia_alt	2025-08-31 16:48:01.793834+00
972	product	0190_merge_20231221_1356	2025-08-31 16:48:01.802195+00
973	product	0188_merge_20231221_1119	2025-08-31 16:48:01.809969+00
974	product	0187_merge_20231221_1030	2025-08-31 16:48:01.816639+00
975	product	0189_merge_20240405_1121	2025-08-31 16:48:01.822928+00
976	product	0191_merge_20240405_1125	2025-08-31 16:48:01.829731+00
977	product	0187_productvariantchannellisting_product_pro_price_a_fb6bd3_gin	2025-08-31 16:48:01.900538+00
978	product	0188_merge_20240513_1023	2025-08-31 16:48:01.90734+00
979	product	0190_merge_20240513_1042	2025-08-31 16:48:01.915787+00
980	product	0192_merge_20240513_1055	2025-08-31 16:48:01.922975+00
981	product	0191_productchannellisting_discounted_price_dirty	2025-08-31 16:48:01.98867+00
982	product	0192_merge_20240405_1154	2025-08-31 16:48:01.995854+00
983	product	0193_merge_20240513_1105	2025-08-31 16:48:02.003706+00
984	product	0194_auto_20240620_1404	2025-08-31 16:48:02.061806+00
985	checkout	0060_fix_charge_and_authorize_status_for_empty_checkouts	2025-08-31 16:48:02.57693+00
986	checkout	0061_checkout_last_transaction_modified_at_and_refundable	2025-08-31 16:48:02.714612+00
987	checkout	0062_update_checkout_last_transaction_modified_at_and_refundable	2025-08-31 16:48:02.952449+00
988	checkout	0063_checkout_base_total_and_subtotal	2025-08-31 16:48:03.09032+00
989	checkout	0064_checkoutline_is_gift	2025-08-31 16:48:03.158165+00
990	checkout	0065_checkout_tax_error	2025-08-31 16:48:03.225443+00
991	checkout	0063_auto_20240402_1114	2025-08-31 16:48:03.233572+00
992	checkout	0066_merge_0063_auto_20240402_1114_0065_checkout_tax_error	2025-08-31 16:48:03.240568+00
993	checkout	0067_auto_20240405_0756	2025-08-31 16:48:03.365663+00
994	checkout	0064_checkout_is_voucher_usage_increased	2025-08-31 16:48:03.437742+00
995	checkout	0068_merge_20240424_1209	2025-08-31 16:48:03.445668+00
996	checkout	0065_checkout_completing_started_at	2025-08-31 16:48:03.513934+00
997	checkout	0069_merge_20240514_1008	2025-08-31 16:48:03.521975+00
998	checkout	0070_checkoutline_undiscounted_unit_price_amount	2025-08-31 16:48:03.586557+00
999	checkout	0071_propagate_line_unidscounted_unit_price	2025-08-31 16:48:03.708951+00
1000	checkout	0072_propagate_line_undiscounted_unit_price	2025-08-31 16:48:03.716622+00
1001	checkout	0072_alter_checkoutline_undiscounted_unit_price_amount	2025-08-31 16:48:03.783892+00
1002	checkout	0073_merge_20241107_1646	2025-08-31 16:48:03.791433+00
1003	checkout	0074_checkoutline_prior_unit_price_amount	2025-08-31 16:48:03.854762+00
1004	checkout	0073_checkout_external_shipping_method_id_and_more	2025-08-31 16:48:04.060017+00
1005	checkout	0075_merge_20250210_1203	2025-08-31 16:48:04.068112+00
1006	checkout	0076_checkout_save_billing_address_and_more	2025-08-31 16:48:04.587085+00
1007	checkout	0074_alter_checkout_external_shipping_method_id	2025-08-31 16:48:04.659194+00
1008	checkout	0077_merge_20250303_0958	2025-08-31 16:48:04.666941+00
1009	checkout	0075_alter_checkout_base_subtotal_amount_and_more	2025-08-31 16:48:05.505578+00
1010	checkout	0078_merge_20250507_0613	2025-08-31 16:48:05.516028+00
1011	checkout	0079_alter_checkoutline_prior_unit_price_amount_and_more	2025-08-31 16:48:05.64052+00
1012	core	0002_initial	2025-08-31 16:48:05.817635+00
1013	core	0003_eventdeliveryattempt_response_status_code	2025-08-31 16:48:05.833019+00
1014	core	0004_delete_delivery_without_webhook	2025-08-31 16:48:05.957733+00
1015	core	0005_alter_eventdelivery_webhook	2025-08-31 16:48:06.526072+00
1016	core	0006_celerytask	2025-08-31 16:48:06.546818+00
1017	core	0007_delete_celerytask	2025-08-31 16:48:06.557527+00
1018	core	0008_drop_openexchangerates_table	2025-08-31 16:48:06.569101+00
1019	core	0009_add_temporary_vatlayer_tables	2025-08-31 16:48:06.587866+00
1020	core	0010_drop_vatlayer_tables	2025-08-31 16:48:06.603617+00
1021	core	0011_eventpayload_payload_file	2025-08-31 16:48:06.629752+00
1022	csv	0001_initial	2025-08-31 16:48:06.939691+00
1023	csv	0002_exportfile_message	2025-08-31 16:48:06.989811+00
1024	csv	0003_auto_20200810_1415	2025-08-31 16:48:07.039827+00
1025	csv	0004_auto_20210709_1043	2025-08-31 16:48:07.29127+00
1026	payment	0052_auto_20230816_1214	2025-08-31 16:48:07.367896+00
1027	payment	0053_auto_20230601_0818	2025-08-31 16:48:07.469611+00
1028	order	0171_auto_20230518_0854	2025-08-31 16:48:07.754703+00
1029	order	0172_auto_20230627_0816	2025-08-31 16:48:07.971739+00
1030	order	0173_auto_20230816_1245	2025-08-31 16:48:08.046621+00
1031	order	0174_order_idx_order_created_at	2025-08-31 16:48:08.636812+00
1032	order	0175_order_voucher_code	2025-08-31 16:48:08.732464+00
1033	order	0176_order_voucher_code_add_index	2025-08-31 16:48:08.844361+00
1034	discount	0046_promotion_discount_indexes	2025-08-31 16:48:09.023246+00
1035	discount	0047_migrate_sales_to_promotions	2025-08-31 16:48:09.275509+00
1036	discount	0048_old_sale_ids_sequence	2025-08-31 16:48:09.290008+00
1037	discount	0049_promotionevent	2025-08-31 16:48:09.437206+00
1038	discount	0048_remigrate_sales_to_promotions	2025-08-31 16:48:09.444114+00
1039	discount	0050_merge_20231004_1306	2025-08-31 16:48:09.45085+00
1040	discount	0051_detach_sale_from_permission	2025-08-31 16:48:09.621875+00
1041	discount	0052_drop_sales_constraints	2025-08-31 16:48:09.649863+00
1042	discount	0053_drop_sales_indexes	2025-08-31 16:48:09.758741+00
1043	discount	0054_drop_sales_models	2025-08-31 16:48:11.597911+00
1044	discount	0055_vouchercode	2025-08-31 16:48:11.745814+00
1045	discount	0056_voucher_code_indexes	2025-08-31 16:48:11.78422+00
1046	order	0177_set_order_voucher_code	2025-08-31 16:48:11.908028+00
1047	discount	0057_move_codes_to_new_model	2025-08-31 16:48:12.030002+00
1048	discount	0058_vouchercustomer_vouchercode	2025-08-31 16:48:12.172019+00
1049	discount	0059_vouchercustomer_voucher_code_index	2025-08-31 16:48:12.21642+00
1050	discount	0060_set_vouchercustomer_codes	2025-08-31 16:48:12.746902+00
1051	discount	0061_basediscount_add_voucher_code	2025-08-31 16:48:12.89273+00
1052	discount	0062_basediscount_voucher_code_add_index	2025-08-31 16:48:13.048238+00
1053	discount	0063_basediscount_voucher_code	2025-08-31 16:48:13.410917+00
1054	discount	0055_drop_sales_from_db	2025-08-31 16:48:13.4273+00
1055	discount	0064_merge_20231020_1334	2025-08-31 16:48:13.436843+00
1056	discount	0065_remove_voucher_code_index	2025-08-31 16:48:13.450961+00
1057	discount	0066_clear_voucher_and_vouchercustomer	2025-08-31 16:48:14.470723+00
1058	discount	0067_voucher_single_use	2025-08-31 16:48:14.527985+00
1059	discount	0064_alter_promotionrule_catalogue_predicate	2025-08-31 16:48:14.661051+00
1060	discount	0068_merge_20231106_1013	2025-08-31 16:48:14.668892+00
1061	discount	0065_vouchercode_created_at_check	2025-08-31 16:48:14.678301+00
1062	discount	0069_merge_20231117_0959	2025-08-31 16:48:14.68463+00
1063	discount	0066_promotionrule_variants	2025-08-31 16:48:14.825991+00
1064	discount	0067_fulfill_promotionrule_variants	2025-08-31 16:48:14.947253+00
1065	discount	0068_promotion_start_end_date_indexes	2025-08-31 16:48:14.985316+00
1066	discount	0070_merge_20231215_0911	2025-08-31 16:48:14.993524+00
1067	discount	0070_alter_promotion_options	2025-08-31 16:48:15.144957+00
1068	discount	0071_merge_20231215_0943	2025-08-31 16:48:15.15716+00
1069	discount	0072_auto_20231213_1413	2025-08-31 16:48:15.170484+00
1070	discount	0073_auto_20231213_1535	2025-08-31 16:48:15.181972+00
1071	discount	0074_auto_20240119_1029	2025-08-31 16:48:15.834332+00
1072	discount	0075_promotionrule_gifts	2025-08-31 16:48:16.539786+00
1073	discount	0076_promotionrule_variants_dirty	2025-08-31 16:48:16.548013+00
1074	discount	0069_promotionrule_variants	2025-08-31 16:48:16.799788+00
1075	discount	0070_alter_promotionrule_variants_id	2025-08-31 16:48:16.946121+00
1076	discount	0071_merge_20240307_1156	2025-08-31 16:48:16.954417+00
1077	discount	0077_merge_20240307_1217	2025-08-31 16:48:16.961613+00
1078	discount	0078_add_unique_type	2025-08-31 16:48:16.96854+00
1079	discount	0079_add_index_for_unique_type	2025-08-31 16:48:16.975216+00
1080	discount	0080_add_unique_type_constraint	2025-08-31 16:48:16.983263+00
1081	discount	0072_promotionrule_variants_dirty	2025-08-31 16:48:17.051255+00
1082	discount	0081_merge_20240422_1207	2025-08-31 16:48:17.059673+00
1083	discount	0073_add_unique_type	2025-08-31 16:48:17.161042+00
1084	discount	0074_add_index_for_unique_type	2025-08-31 16:48:17.184644+00
1085	discount	0075_add_unique_type_constraint	2025-08-31 16:48:17.28045+00
1086	discount	0082_merge_20240509_1550	2025-08-31 16:48:17.288357+00
1087	discount	0083_auto_20240510_0838	2025-08-31 16:48:17.390193+00
1088	discount	0084_set_missing_currency	2025-08-31 16:48:17.518226+00
1089	discount	0085_alter_checkoutdiscount_amount_value_and_more	2025-08-31 16:48:18.758298+00
1090	discount	0086_alter_voucher_countries	2025-08-31 16:48:18.842002+00
1091	django_celery_beat	0001_initial	2025-08-31 16:48:18.888486+00
1092	django_celery_beat	0002_auto_20161118_0346	2025-08-31 16:48:18.916046+00
1093	django_celery_beat	0003_auto_20161209_0049	2025-08-31 16:48:18.94116+00
1094	django_celery_beat	0004_auto_20170221_0000	2025-08-31 16:48:18.957847+00
1095	django_celery_beat	0005_add_solarschedule_events_choices	2025-08-31 16:48:18.973649+00
1096	django_celery_beat	0006_auto_20180322_0932	2025-08-31 16:48:19.038934+00
1097	django_celery_beat	0007_auto_20180521_0826	2025-08-31 16:48:19.073815+00
1098	django_celery_beat	0008_auto_20180914_1922	2025-08-31 16:48:19.137473+00
1099	django_celery_beat	0006_auto_20180210_1226	2025-08-31 16:48:19.181635+00
1100	django_celery_beat	0006_periodictask_priority	2025-08-31 16:48:19.202517+00
1101	django_celery_beat	0009_periodictask_headers	2025-08-31 16:48:19.223541+00
1102	django_celery_beat	0010_auto_20190429_0326	2025-08-31 16:48:19.585997+00
1103	django_celery_beat	0011_auto_20190508_0153	2025-08-31 16:48:19.61895+00
1104	django_celery_beat	0012_periodictask_expire_seconds	2025-08-31 16:48:19.642412+00
1105	django_celery_beat	0013_auto_20200609_0727	2025-08-31 16:48:19.666966+00
1106	django_celery_beat	0014_remove_clockedschedule_enabled	2025-08-31 16:48:19.683228+00
1107	django_celery_beat	0015_edit_solarschedule_events_choices	2025-08-31 16:48:19.699571+00
1108	django_celery_beat	0016_alter_crontabschedule_timezone	2025-08-31 16:48:19.724078+00
1109	django_celery_beat	0017_alter_crontabschedule_month_of_year	2025-08-31 16:48:19.743983+00
1110	django_celery_beat	0018_improve_crontab_helptext	2025-08-31 16:48:19.764667+00
1111	django_celery_beat	0019_alter_periodictasks_options	2025-08-31 16:48:19.778025+00
1112	giftcard	0002_auto_20190814_0413	2025-08-31 16:48:20.155834+00
1113	giftcard	0003_auto_20200217_0350	2025-08-31 16:48:20.222613+00
1114	giftcard	0004_auto_20200902_1249	2025-08-31 16:48:20.680844+00
1115	giftcard	0005_auto_20210719_1116	2025-08-31 16:48:22.861087+00
1116	giftcard	0006_auto_20210719_1117	2025-08-31 16:48:22.999275+00
1117	giftcard	0007_auto_20210719_1311	2025-08-31 16:48:23.606113+00
1118	giftcard	0008_auto_20210818_0633	2025-08-31 16:48:23.97343+00
1119	giftcard	0009_giftcard_fulfillment_line	2025-08-31 16:48:24.132298+00
1120	giftcard	0010_auto_20211007_0546	2025-08-31 16:48:24.485702+00
1121	giftcard	0011_auto_20211007_0547	2025-08-31 16:48:24.628746+00
1122	giftcard	0012_auto_20211007_0655	2025-08-31 16:48:24.754264+00
1123	giftcard	0013_giftcardevent_order	2025-08-31 16:48:24.897609+00
1124	giftcard	0014_set_giftcardevent_order_values	2025-08-31 16:48:25.428442+00
1125	giftcard	0015_rename_created_giftcard_created_at	2025-08-31 16:48:25.596564+00
1126	giftcard	0016_alter_giftcard_created_at	2025-08-31 16:48:25.766404+00
1127	giftcard	0017_alter_giftcard_code	2025-08-31 16:48:25.948515+00
1128	giftcard	0018_metadata_index	2025-08-31 16:48:26.12695+00
1129	giftcard	0019_auto_20230626_1315	2025-08-31 16:48:26.299488+00
1130	giftcard	0020_search_vector_index	2025-08-31 16:48:26.41028+00
1131	giftcard	0021_alter_giftcard_current_balance_amount_and_more	2025-08-31 16:48:26.750226+00
1132	invoice	0008_rewrite_invoice_order_relations	2025-08-31 16:48:28.536247+00
1133	invoice	0009_alter_invoice_options	2025-08-31 16:48:28.598191+00
1134	menu	0004_sort_order_index	2025-08-31 16:48:28.636848+00
1135	menu	0005_auto_20180719_0520	2025-08-31 16:48:28.655473+00
1136	menu	0006_auto_20180803_0528	2025-08-31 16:48:28.858009+00
1137	menu	0007_auto_20180807_0547	2025-08-31 16:48:29.083532+00
1138	menu	0008_menu_json_content_new	2025-08-31 16:48:29.275824+00
1139	menu	0009_remove_menu_json_content	2025-08-31 16:48:29.312511+00
1140	menu	0010_auto_20180913_0841	2025-08-31 16:48:29.345331+00
1141	menu	0011_auto_20181204_0004	2025-08-31 16:48:29.37946+00
1142	menu	0012_auto_20190104_0443	2025-08-31 16:48:29.407764+00
1143	menu	0013_auto_20190507_0309	2025-08-31 16:48:29.534949+00
1144	menu	0014_auto_20190523_0759	2025-08-31 16:48:29.5722+00
1145	menu	0015_auto_20190725_0811	2025-08-31 16:48:30.019806+00
1146	menu	0016_auto_20200217_0350	2025-08-31 16:48:30.042989+00
1147	menu	0017_remove_menu_json_content	2025-08-31 16:48:30.060497+00
1148	menu	0018_auto_20200709_1102	2025-08-31 16:48:30.105701+00
1149	menu	0019_menu_slug	2025-08-31 16:48:30.290063+00
1150	menu	0020_auto_20201223_0845	2025-08-31 16:48:30.376405+00
1151	menu	0021_auto_20210308_1135	2025-08-31 16:48:30.49554+00
1152	menu	0022_alter_menuitemtranslation_language_code	2025-08-31 16:48:30.522124+00
1153	order	0165_fix_order_charge_status_with_transactions	2025-08-31 16:48:30.718696+00
1154	order	0170_merge_20231030_0857	2025-08-31 16:48:30.728418+00
1155	order	0174_merge_20231030_1033	2025-08-31 16:48:30.736817+00
1156	order	0175_merge_20231030_1040	2025-08-31 16:48:30.744423+00
1157	order	0178_merge_20231030_1055	2025-08-31 16:48:30.752757+00
1158	order	0171_order_order_user_email_user_id_idx	2025-08-31 16:48:30.859202+00
1159	order	0175_merge_20231122_1040	2025-08-31 16:48:30.866139+00
1160	order	0176_merge_20231122_1346	2025-08-31 16:48:30.874106+00
1161	order	0179_merge_20231122_1348	2025-08-31 16:48:30.881158+00
1162	order	0180_auto_20231108_0908	2025-08-31 16:48:31.08724+00
1163	order	0181_order_subtotal_as_a_field	2025-08-31 16:48:31.234344+00
1164	order	0182_orderline_is_gift	2025-08-31 16:48:31.32221+00
1165	order	0183_order_tax_error	2025-08-31 16:48:31.42329+00
1166	order	0172_update_order_cc_addresses	2025-08-31 16:48:31.565236+00
1167	order	0176_merge_20240325_1315	2025-08-31 16:48:31.573439+00
1168	order	0177_merge_20240325_1329	2025-08-31 16:48:31.580739+00
1169	order	0180_merge_20240325_1333	2025-08-31 16:48:31.587902+00
1170	order	0182_merge_20240325_1338	2025-08-31 16:48:31.594975+00
1171	order	0184_merge_0182_merge_20240325_1338_0183_order_tax_error	2025-08-31 16:48:31.602299+00
1172	order	0173_alter_orderline_unit_discount_type_add_is_price_overridden	2025-08-31 16:48:31.749071+00
1173	order	0177_merge_20240606_1022	2025-08-31 16:48:31.757524+00
1174	order	0178_merge_20240606_1036	2025-08-31 16:48:31.764488+00
1175	order	0181_merge_20240606_1325	2025-08-31 16:48:31.773401+00
1176	order	0185_merge_20240607_1231	2025-08-31 16:48:31.78108+00
1177	order	0183_merge_20240607_1222	2025-08-31 16:48:31.788028+00
1178	order	0186_merge_20240607_1247	2025-08-31 16:48:31.795042+00
1179	order	0184_orderevent_order_order_type_37fa0c_idx	2025-08-31 16:48:31.870622+00
1180	order	0187_merge_20240624_1245	2025-08-31 16:48:31.87809+00
1181	order	0188_order_undiscounted_base_shipping_price_amount	2025-08-31 16:48:32.351175+00
1182	order	0189_set_undiscounted_base_shipping_price	2025-08-31 16:48:32.494443+00
1183	order	0190_set_undiscounted_base_shipping_price	2025-08-31 16:48:32.636989+00
1184	order	0174_order_checkout_token_btree_idx	2025-08-31 16:48:32.746161+00
1185	order	0178_merge_20240726_1425	2025-08-31 16:48:32.753274+00
1186	order	0179_merge_20240726_1438	2025-08-31 16:48:32.76011+00
1187	order	0182_merge_20240726_1442	2025-08-31 16:48:32.768436+00
1188	order	0185_merge_20240726_1445	2025-08-31 16:48:32.77679+00
1189	order	0191_merge_20240726_1508	2025-08-31 16:48:32.784396+00
1190	order	0192_set_undiscounted_base_shipping_price_on_draft_orders	2025-08-31 16:48:32.921956+00
1191	payment	0054_merge_20231122_0828	2025-08-31 16:48:32.930729+00
1192	payment	0055_merge_20231212_1610	2025-08-31 16:48:32.938835+00
1193	payment	0056_merge_20231213_0755	2025-08-31 16:48:32.946072+00
1194	order	0185_ordergrantedrefund_transaction_item	2025-08-31 16:48:33.156628+00
1195	order	0187_merge_20240617_1056	2025-08-31 16:48:33.163666+00
1196	order	0188_merge_20240624_1308	2025-08-31 16:48:33.172637+00
1197	order	0189_merge_20240708_0813	2025-08-31 16:48:33.179195+00
1198	order	0190_merge_20240708_0814	2025-08-31 16:48:33.187556+00
1199	order	0191_merge_20240725_0844	2025-08-31 16:48:33.194726+00
1200	order	0192_merge_20240726_1513	2025-08-31 16:48:33.201848+00
1201	order	0193_merge_20240805_0810	2025-08-31 16:48:33.208737+00
1202	order	0194_alter_orderevent_type	2025-08-31 16:48:33.281147+00
1203	order	0193_fix_subtotal_value_for_order_from_bulk	2025-08-31 16:48:33.421611+00
1204	order	0195_merge_20241014_0617	2025-08-31 16:48:33.429572+00
1205	order	0191_alter_order_undiscounted_base_shipping_price_amount	2025-08-31 16:48:33.533489+00
1206	order	0192_merge_20240725_0850	2025-08-31 16:48:33.543136+00
1207	order	0193_merge_20240726_1516	2025-08-31 16:48:33.551797+00
1208	order	0194_merge_20240805_0820	2025-08-31 16:48:33.559417+00
1209	order	0195_merge_20241004_0811	2025-08-31 16:48:33.566432+00
1210	order	0196_merge_20241014_0631	2025-08-31 16:48:33.573553+00
1211	order	0197_order_draft_save_billing_address_and_more	2025-08-31 16:48:33.759419+00
1212	order	0198_orderline_draft_base_price_expire_at	2025-08-31 16:48:33.834712+00
1213	order	0199_set_draft_base_price_expire_at	2025-08-31 16:48:34.408498+00
1214	order	0200_order_with_waiting_for_approval_fulfillments	2025-08-31 16:48:34.546916+00
1215	order	0196_alter_fulfillment_shipping_refund_amount_and_more	2025-08-31 16:48:37.014867+00
1216	order	0201_merge_20250507_0613	2025-08-31 16:48:37.027993+00
1217	order	0202_alter_order_undiscounted_base_shipping_price_amount	2025-08-31 16:48:37.15731+00
1218	order	0203_order_lines_count	2025-08-31 16:48:37.261123+00
1219	order	0204_set_order_lines_count	2025-08-31 16:48:37.399528+00
1220	order	0197_fix_negative_total_net_for_orders_using_gift_cards	2025-08-31 16:48:37.538104+00
1221	order	0205_merge_20250703_1438	2025-08-31 16:48:37.547006+00
1222	page	0029_add_page_translation_slug	2025-08-31 16:48:37.574408+00
1223	page	0030_slug_translation_unique_constraint	2025-08-31 16:48:37.603766+00
1224	payment	0056_fix_invalid_atobarai_payments	2025-08-31 16:48:37.836812+00
1225	payment	0057_transaction_token_idx	2025-08-31 16:48:37.879286+00
1226	payment	0057_merge_20240514_0825	2025-08-31 16:48:37.887005+00
1227	payment	0058_merge_20240802_1119	2025-08-31 16:48:37.894738+00
1228	payment	0057_transactionevent_related_granted_refund	2025-08-31 16:48:38.561474+00
1229	payment	0058_merge_20240514_1004	2025-08-31 16:48:38.568999+00
1230	payment	0059_merge_20240802_1125	2025-08-31 16:48:38.576447+00
1231	payment	0060_alter_payment_captured_amount_alter_payment_total_and_more	2025-08-31 16:48:39.38015+00
1232	payment	0061_transaction_legacy_adyen_plugin_payment_method_and_more	2025-08-31 16:48:39.431512+00
1233	permission	0002_alter_permission_content_type	2025-08-31 16:48:39.573791+00
1234	product	0195_add_slug_to_translations	2025-08-31 16:48:39.657185+00
1235	product	0196_slug_unique_constraint	2025-08-31 16:48:39.767541+00
1236	product	0197_productvariantchannellisting_prior_price_amount	2025-08-31 16:48:39.839771+00
1237	product	0195_alter_productchannellisting_discounted_price_amount_and_more	2025-08-31 16:48:40.792062+00
1238	product	0198_merge_20250507_0613	2025-08-31 16:48:40.800689+00
1239	product	0199_alter_productvariantchannellisting_prior_price_amount	2025-08-31 16:48:40.877224+00
1240	schedulers	0001_initial	2025-08-31 16:48:41.062109+00
1241	shipping	0030_auto_20210415_1001	2025-08-31 16:48:41.153129+00
1242	shipping	0031_alter_shippingmethodtranslation_language_code	2025-08-31 16:48:41.191376+00
1243	shipping	0032_shippingmethod_tax_class	2025-08-31 16:48:41.338053+00
1244	shipping	0033_add_default_shipping	2025-08-31 16:48:41.503549+00
1245	shipping	0034_shippingzone_countries_idx	2025-08-31 16:48:41.557512+00
1246	shipping	0035_alter_shippingmethodchannellisting_maximum_order_price_amount_and_more	2025-08-31 16:48:41.700254+00
1247	shipping	0036_alter_shippingzone_countries	2025-08-31 16:48:41.858084+00
1248	site	0039_auto_20230615_1754	2025-08-31 16:48:41.986814+00
1249	site	0040_sitesettings_allow_login_without_confirmation	2025-08-31 16:48:42.036597+00
1250	tax	0009_alter_taxclasscountryrate_rate	2025-08-31 16:48:42.065995+00
1251	tax	0010_taxconfiguration_use_weighted_tax_for_shipping_and_more	2025-08-31 16:48:42.139121+00
1252	thumbnail	0002_alter_thumbnail_format	2025-08-31 16:48:42.210487+00
1253	thumbnail	0003_auto_20230412_1943	2025-08-31 16:48:42.506923+00
1254	warehouse	0032_alter_channel_warehouse	2025-08-31 16:48:43.325988+00
1255	warehouse	0033_warehouse_external_reference	2025-08-31 16:48:43.388989+00
1256	warehouse	0034_warehouse_click_and_collect_option_idx	2025-08-31 16:48:43.448333+00
1257	webhook	0009_webhook_custom_headers	2025-08-31 16:48:43.484066+00
1258	webhook	0010_drop_transaction_request_action_event	2025-08-31 16:48:43.630222+00
1259	webhook	0011_webhook_filterable_channel_slugs	2025-08-31 16:48:43.667753+00
1260	webhook	0012_webhook_filterable_channel_slugs_idx	2025-08-31 16:48:43.706223+00
1261	account	0002_auto_20150907_0602	2025-08-31 16:48:43.733567+00
1262	account	0012_auto_20171117_0846	2025-08-31 16:48:43.7398+00
1263	account	0011_auto_20171110_0552	2025-08-31 16:48:43.74533+00
1264	account	0008_auto_20161115_1011	2025-08-31 16:48:43.751131+00
1265	account	0009_auto_20170206_0407	2025-08-31 16:48:43.756645+00
1266	account	0013_auto_20171120_0521	2025-08-31 16:48:43.762384+00
1267	account	0003_auto_20151104_1102	2025-08-31 16:48:43.768425+00
1268	account	0001_initial	2025-08-31 16:48:43.774152+00
1269	account	0006_auto_20160829_0819	2025-08-31 16:48:43.779736+00
1270	account	0004_auto_20160114_0419	2025-08-31 16:48:43.785218+00
1271	account	0005_auto_20160205_0651	2025-08-31 16:48:43.790883+00
1272	account	0016_auto_20180108_0814	2025-08-31 16:48:43.797996+00
1273	account	0014_auto_20171129_1004	2025-08-31 16:48:43.804006+00
1274	account	0007_auto_20161115_0940	2025-08-31 16:48:43.809332+00
1275	account	0010_auto_20170919_0839	2025-08-31 16:48:43.814963+00
1276	account	0015_auto_20171213_0734	2025-08-31 16:48:43.820574+00
1277	checkout	0004_auto_20171129_1004	2025-08-31 16:48:43.82617+00
1278	checkout	0002_auto_20170206_0407	2025-08-31 16:48:43.832059+00
1279	checkout	0002_auto_20161014_1221	2025-08-31 16:48:43.837845+00
1280	checkout	0001_initial	2025-08-31 16:48:43.843668+00
1281	checkout	fix_empty_data_in_lines	2025-08-31 16:48:43.849555+00
1282	checkout	0006_auto_20180221_0825	2025-08-31 16:48:43.855387+00
1283	checkout	0005_auto_20180108_0814	2025-08-31 16:48:43.861238+00
1284	checkout	0003_auto_20170906_0556	2025-08-31 16:48:43.866971+00
1285	checkout	0001_auto_20170113_0435	2025-08-31 16:48:43.872591+00
\.


--
-- Data for Name: django_site; Type: TABLE DATA; Schema: public; Owner: saleor
--

COPY public.django_site (id, domain, name) FROM stdin;
1	192.168.3.60:8000	Saleor e-commerce
\.


--
-- Data for Name: giftcard_giftcard; Type: TABLE DATA; Schema: public; Owner: saleor
--

COPY public.giftcard_giftcard (id, code, created_at, last_used_on, is_active, initial_balance_amount, current_balance_amount, currency, app_id, created_by_id, created_by_email, expiry_date, metadata, private_metadata, product_id, used_by_id, used_by_email, fulfillment_line_id, search_index_dirty, search_vector) FROM stdin;
1	Gift_card_1	2025-08-31 18:25:56.005393+00	\N	t	50.000	50.000	USD	\N	1	\N	\N	{}	{}	\N	\N	\N	\N	f	'1':3 'admin@vitecover.com':4 'card':2 'gift':1
2	Gift_card_11	2025-08-31 18:25:56.034323+00	\N	t	20.000	20.000	USD	\N	15	\N	\N	{}	{}	160	\N	\N	\N	f	'11':3 'card':2 'gift':1 'mark':5 'mark.wong@example.com':4 'wong':6
3	Gift_card_2	2025-08-31 18:25:56.063413+00	\N	t	50.000	50.000	USD	\N	1	\N	\N	{}	{}	\N	\N	\N	\N	f	'2':3 'admin@vitecover.com':4 'card':2 'gift':1
4	Gift_card_12	2025-08-31 18:25:56.085685+00	\N	t	20.000	20.000	USD	\N	8	\N	\N	{}	{}	160	\N	\N	\N	f	'12':3 'card':2 'deborah':5 'deborah.lee@example.com':4 'gift':1 'lee':6
5	Gift_card_3	2025-08-31 18:25:56.112321+00	\N	t	50.000	50.000	USD	\N	1	\N	\N	{}	{}	\N	\N	\N	\N	f	'3':3 'admin@vitecover.com':4 'card':2 'gift':1
6	Gift_card_13	2025-08-31 18:25:56.139039+00	\N	t	20.000	20.000	USD	\N	3	\N	\N	{}	{}	160	\N	\N	\N	f	'13':3 'card':2 'cook':6 'edward':5 'edward.cook@example.com':4 'gift':1
7	Gift_card_4	2025-08-31 18:25:56.166013+00	\N	t	50.000	50.000	USD	\N	1	\N	\N	{}	{}	\N	\N	\N	\N	f	'4':3 'admin@vitecover.com':4 'card':2 'gift':1
8	Gift_card_14	2025-08-31 18:25:56.188311+00	\N	t	20.000	20.000	USD	\N	3	\N	\N	{}	{}	160	\N	\N	\N	f	'14':3 'card':2 'cook':6 'edward':5 'edward.cook@example.com':4 'gift':1
9	Gift_card_5	2025-08-31 18:25:56.214927+00	\N	t	50.000	50.000	USD	\N	1	\N	\N	{}	{}	\N	\N	\N	\N	f	'5':3 'admin@vitecover.com':4 'card':2 'gift':1
10	Gift_card_15	2025-08-31 18:25:56.24584+00	\N	t	20.000	20.000	USD	\N	19	\N	\N	{}	{}	160	\N	\N	\N	f	'15':3 'card':2 'gift':1 'guerrero':6 'jade':5 'jade.guerrero@example.com':4
\.


--
-- Data for Name: giftcard_giftcard_tags; Type: TABLE DATA; Schema: public; Owner: saleor
--

COPY public.giftcard_giftcard_tags (id, giftcard_id, giftcardtag_id) FROM stdin;
1	1	1
2	3	1
3	5	1
4	7	1
5	9	1
\.


--
-- Data for Name: giftcard_giftcardevent; Type: TABLE DATA; Schema: public; Owner: saleor
--

COPY public.giftcard_giftcardevent (id, date, type, parameters, app_id, gift_card_id, user_id, order_id) FROM stdin;
1	2025-08-31 18:25:56.022014+00	issued	{"balance": {"currency": "USD", "current_balance": "50", "initial_balance": "50"}, "expiry_date": null}	\N	1	1	\N
2	2025-08-31 18:25:56.047893+00	bought	{"expiry_date": null}	\N	2	15	63bc0645-7e79-43d4-93a8-514fb92138d4
3	2025-08-31 18:25:56.074369+00	issued	{"balance": {"currency": "USD", "current_balance": "50", "initial_balance": "50"}, "expiry_date": null}	\N	3	1	\N
4	2025-08-31 18:25:56.096791+00	bought	{"expiry_date": null}	\N	4	8	a311544b-a0bf-4f1d-844f-87624b6dc2c2
5	2025-08-31 18:25:56.127144+00	issued	{"balance": {"currency": "USD", "current_balance": "50", "initial_balance": "50"}, "expiry_date": null}	\N	5	1	\N
6	2025-08-31 18:25:56.149706+00	bought	{"expiry_date": null}	\N	6	3	46d77c11-5b46-4c1d-8064-e64607ea2f88
7	2025-08-31 18:25:56.175741+00	issued	{"balance": {"currency": "USD", "current_balance": "50", "initial_balance": "50"}, "expiry_date": null}	\N	7	1	\N
8	2025-08-31 18:25:56.200518+00	bought	{"expiry_date": null}	\N	8	3	de1d7c10-ca67-4339-911c-72e05dca5135
9	2025-08-31 18:25:56.228738+00	issued	{"balance": {"currency": "USD", "current_balance": "50", "initial_balance": "50"}, "expiry_date": null}	\N	9	1	\N
10	2025-08-31 18:25:56.258228+00	bought	{"expiry_date": null}	\N	10	19	82c1d736-2434-4c70-afac-d8df7611409a
\.


--
-- Data for Name: giftcard_giftcardtag; Type: TABLE DATA; Schema: public; Owner: saleor
--

COPY public.giftcard_giftcardtag (id, name) FROM stdin;
1	issued-gift-cards
\.


--
-- Data for Name: invoice_invoice; Type: TABLE DATA; Schema: public; Owner: saleor
--

COPY public.invoice_invoice (id, private_metadata, metadata, status, created_at, updated_at, number, created, external_url, invoice_file, message, order_id) FROM stdin;
\.


--
-- Data for Name: invoice_invoiceevent; Type: TABLE DATA; Schema: public; Owner: saleor
--

COPY public.invoice_invoiceevent (id, date, type, parameters, invoice_id, user_id, app_id, order_id) FROM stdin;
\.


--
-- Data for Name: menu_menu; Type: TABLE DATA; Schema: public; Owner: saleor
--

COPY public.menu_menu (id, name, slug, metadata, private_metadata) FROM stdin;
1	navbar	navbar	{}	{}
2	footer	footer	{}	{}
\.


--
-- Data for Name: menu_menuitem; Type: TABLE DATA; Schema: public; Owner: saleor
--

COPY public.menu_menuitem (id, name, sort_order, url, lft, rght, tree_id, level, category_id, collection_id, menu_id, page_id, parent_id, metadata, private_metadata) FROM stdin;
220	Saleor	1	/	1	8	55	0	\N	\N	2	\N	\N	{}	{}
222	GraphQL API	2	http://localhost:8000/graphql/	4	5	55	1	\N	\N	2	\N	220	{}	{}
223	Accessories	1	\N	1	8	56	0	25	\N	1	\N	\N	{}	{}
224	Audiobooks	2	\N	2	3	56	1	26	\N	1	\N	223	{}	{}
225	Apparel	0	\N	1	28	57	0	27	\N	1	\N	\N	{}	{}
226	Sneakers	3	\N	2	3	57	1	28	\N	1	\N	225	{}	{}
227	Sweatshirts	4	\N	4	5	57	1	29	\N	1	\N	225	{}	{}
232	Headware	2	\N	14	21	57	1	33	\N	1	\N	225	{}	{}
233	Beanies	1	\N	19	20	57	2	35	\N	1	\N	232	{}	{}
234	Scarfs	2	\N	17	18	57	2	36	\N	1	\N	232	{}	{}
235	Sunglasses	3	\N	15	16	57	2	37	\N	1	\N	232	{}	{}
236	T-shirts	1	\N	25	26	57	2	39	\N	1	\N	238	{}	{}
237	Polo shirts	2	\N	23	24	57	2	40	\N	1	\N	238	{}	{}
238	Shirts	1	\N	22	27	57	1	38	\N	1	\N	225	{}	{}
239	About	1	\N	6	7	55	1	\N	\N	2	3	220	{}	{}
240	Homewares	1	\N	4	5	56	1	41	\N	1	\N	223	{}	{}
241	Groceries	2	\N	1	4	58	0	42	\N	1	\N	\N	{}	{}
242	Juices	\N	\N	2	3	58	1	43	\N	1	\N	241	{}	{}
243	Collections	2	\N	1	6	59	0	\N	4	2	\N	\N	{}	{}
244	Featured Products	1	\N	2	3	59	1	\N	4	2	\N	243	{}	{}
245	Summer Picks	2	\N	4	5	59	1	\N	5	2	\N	243	{}	{}
246	Gift cards	3	\N	6	7	56	1	44	\N	1	\N	223	{}	{}
\.


--
-- Data for Name: menu_menuitemtranslation; Type: TABLE DATA; Schema: public; Owner: saleor
--

COPY public.menu_menuitemtranslation (id, language_code, name, menu_item_id) FROM stdin;
\.


--
-- Data for Name: order_fulfillment; Type: TABLE DATA; Schema: public; Owner: saleor
--

COPY public.order_fulfillment (id, tracking_number, created_at, fulfillment_order, status, metadata, private_metadata, shipping_refund_amount, total_refund_amount, order_id) FROM stdin;
1		2025-08-31 18:25:50.825598+00	1	fulfilled	{}	{}	\N	\N	fde8fae2-c865-4617-9556-e85898917d99
2		2025-08-31 18:25:51.056879+00	1	fulfilled	{}	{}	\N	\N	d26671a4-74ce-4f9a-b4a8-ee7b1b283fa2
3		2025-08-31 18:25:51.309925+00	1	fulfilled	{}	{}	\N	\N	a36f5fdf-7077-4c1e-9b42-dbea456182c5
4		2025-08-31 18:25:51.517948+00	1	fulfilled	{}	{}	\N	\N	9569d0b7-3afa-4c9e-bb13-085256aa8599
5		2025-08-31 18:25:52.014714+00	1	fulfilled	{}	{}	\N	\N	70b9d3e2-cc19-45ef-b366-adae2c383f6e
6		2025-08-31 18:25:52.363929+00	1	fulfilled	{}	{}	\N	\N	48080a0b-d902-472c-8a74-cc80acd74748
7		2025-08-31 18:25:52.919146+00	1	fulfilled	{}	{}	\N	\N	de1d7c10-ca67-4339-911c-72e05dca5135
8		2025-08-31 18:25:54.058155+00	1	fulfilled	{}	{}	\N	\N	46d77c11-5b46-4c1d-8064-e64607ea2f88
9		2025-08-31 18:25:54.467703+00	1	fulfilled	{}	{}	\N	\N	5651f5d1-b3cf-451b-8f3d-7ec277aae379
10		2025-08-31 18:25:55.039635+00	1	fulfilled	{}	{}	\N	\N	862e17da-11ed-4e10-bafa-acb1dcb16d3d
11		2025-08-31 18:25:55.290774+00	1	fulfilled	{}	{}	\N	\N	d4829eb3-e0f0-4a09-b478-6f2be0c4c080
\.


--
-- Data for Name: order_fulfillmentline; Type: TABLE DATA; Schema: public; Owner: saleor
--

COPY public.order_fulfillmentline (id, quantity, fulfillment_id, stock_id, order_line_id) FROM stdin;
1	1	1	263	4762140d-ec25-4dd8-a48c-9331e65e3048
2	1	2	375	4840c26d-e0af-4e16-bb2f-4799894daf92
3	2	3	234	8b5c148a-8110-40dd-b001-243427e061fe
4	4	3	338	381a841e-f6ce-47d7-82bb-b77d326c1e8e
5	2	4	449	14950306-f1e9-450e-a272-bc1918e2a7a8
6	1	5	71	2fe4aaf4-f7b5-4976-8898-7f90a4f0be0a
7	1	5	583	067c6275-98a7-4d5b-bf9c-bdcf3a50d6f6
8	1	6	95	47c52e24-fa3b-4381-a4ca-c1135a416718
9	2	7	407	70d5e9dd-13e9-42ae-b4fa-6d612455cd67
10	1	7	7	9a4048cb-f69e-4b83-99ef-807973df1b0a
11	3	8	498	b8dd0b37-895f-4b74-85fb-7501b7627bd5
12	3	8	466	3716cbf3-45aa-42d6-b336-7bf78d68c2f4
13	1	9	294	8c008166-dc70-4fbb-8496-fad1dff958fc
14	2	9	454	e80ec255-abc2-4090-93f2-777348da2a1f
15	1	9	334	53b9fe36-492c-46ab-bbb8-2dc969dd0b70
16	2	10	174	8763da83-a6d1-464d-9664-80262c50f361
17	1	11	519	669515eb-5670-4690-8637-f507bab46ef7
\.


--
-- Data for Name: order_order; Type: TABLE DATA; Schema: public; Owner: saleor
--

COPY public.order_order (created_at, tracking_client_id, user_email, id, billing_address_id, shipping_address_id, user_id, total_net_amount, voucher_id, language_code, shipping_price_gross_amount, total_gross_amount, shipping_price_net_amount, status, shipping_method_name, shipping_method_id, display_gross_prices, customer_note, weight, checkout_token, currency, metadata, private_metadata, channel_id, redirect_url, shipping_tax_rate, undiscounted_total_gross_amount, undiscounted_total_net_amount, total_charged_amount, origin, collection_point_id, collection_point_name, search_document, updated_at, use_old_id, number, original_id, total_authorized_amount, authorize_status, charge_status, search_vector, should_refresh_prices, tax_exemption, base_shipping_price_amount, shipping_tax_class_id, shipping_tax_class_metadata, shipping_tax_class_name, shipping_tax_class_private_metadata, external_reference, expired_at, voucher_code, subtotal_gross_amount, subtotal_net_amount, tax_error, undiscounted_base_shipping_price_amount, draft_save_billing_address, draft_save_shipping_address, lines_count) FROM stdin;
2025-08-31 18:25:51.558876+00		lindsay.jones@example.com	0885a973-6554-4a06-9dfd-320a1ded0aac	13	13	\N	136.390	\N	en	40.420	136.390	40.420	unconfirmed	FedEx	15	t		2100		USD	{}	{}	1	\N	0.0000	136.390	136.390	0.000		\N	\N		2025-08-31 18:25:51.718305+00	f	7	\N	136.390	full	none	'013':5B,18B '118223583':36C '328223583':32C '41':41C '420':40C '7':1A '96942':15B,28B 'america':11B,24B 'apple':29C 'balance':39C 'billi':6B,19B 'bridg':7B,20B 'fm':13B,26B 'jone':4B,17B 'juice':30C 'lindsay':3B,16B 'lindsay.jones@example.com':2A 'monospace':33C 'paul':37C 'riveraburgh':14B,27B 's':38C 'state':9B,22B 'tee':34C 'uhjvzhvjdfzhcmlhbnq6mzg0':31C 'unit':8B,21B 'us':12B,25B 'xl':35C	f	f	40.420	\N	{}	\N	{}	\N	\N	\N	95.970	95.970	\N	40.420	\N	\N	3
2025-08-31 18:25:50.394759+00		christopher.young@example.com	82c1d736-2434-4c70-afac-d8df7611409a	30	30	\N	809.390	\N	en	79.390	809.390	79.390	unfulfilled	FedEx	15	t		2000		PLN	{}	{}	2	\N	\N	0.000	0.000	0.000		\N	\N		2025-08-31 18:25:50.608205+00	f	2	\N	809.390	full	none	'02811':16B,30B '02821':5B,19B '111223581':31C '2':1A 'a':42C 'america':11B,25B 'christoph':3B,17B 'christopher.young@example.com':2A 'courtneyberg':15B,29B 'darko':32C 'grey':45C 'headless':36C,39C 'headless-omnichannel-mp3':35C 'hoodie':46C 'in':41C 'm':34C 'mp3':38C,44C 'new':14B,28B 'omnichannel':37C,40C 'pennington':6B,20B 'pill':43C 'polo':33C 'rapid':7B,21B 'ri':13B,27B 'state':9B,23B 'uhjvzhvjdfzhcmlhbnq6mzq1':47C 'unit':8B,22B 'us':12B,26B 'young':4B,18B	t	f	79.390	\N	{}	\N	{}	\N	\N	\N	0.000	0.000	\N	79.390	\N	\N	3
2025-08-31 18:25:50.656327+00		anthony.randolph@example.com	fde8fae2-c865-4617-9556-e85898917d99	31	31	\N	85.970	\N	en	0.000	85.970	0.000	partially fulfilled	Default	1	t		1100		USD	{}	{}	1	\N	\N	0.000	0.000	0.000		\N	\N		2025-08-31 18:25:50.856754+00	f	3	\N	85.970	full	none	'01553':16B,30B '128223583':34C '1542':5B,19B '3':1A 'america':11B,25B 'anthoni':3B,17B 'anthony.randolph@example.com':2A 'apple':31C 'juice':32C 'karen':15B,29B 'knoll':7B,21B 'lake':14B,28B 'ma':13B,27B 'randolph':4B,18B 'shirt':36C 'state':9B,23B 'team':35C 'uhjvzhvjdfzhcmlhbnq6mzg0':33C 'unit':8B,22B 'us':12B,26B 'xl':37C 'young':6B,20B	t	f	0.000	\N	{}	\N	{}	\N	\N	\N	0.000	0.000	\N	0.000	\N	\N	2
2025-08-31 18:25:50.874119+00		alexis.moreno@example.com	d26671a4-74ce-4f9a-b4a8-ee7b1b283fa2	32	32	\N	645.940	\N	en	80.940	645.940	80.940	partially fulfilled	EMS	16	t		1000		PLN	{}	{}	2	\N	\N	0.000	0.000	0.000		\N	\N		2025-08-31 18:25:51.085706+00	f	4	\N	645.940	full	none	'4':1A '40143':17B,32B '49182235822':42C '616':9B,24B '708':5B,20B '9018223582':33C 'alexi':3B,18B 'alexis.moreno@example.com':2A 'america':13B,28B 'at':37C 'battle':35C 'battle-tested':34C 'brands':38C 'camp':7B,22B 'cubes':43C 'dvd':41C 'fountain':44C 'ky':15B,30B 'l':46C 'like':39C 'lush':40C 'moreno':4B,19B 'state':11B,26B 'suit':8B,23B 'tee':45C 'tested':36C 'tylertown':16B,31B 'unit':10B,25B 'us':14B,29B 'villa':6B,21B	t	f	80.940	\N	{}	\N	{}	\N	\N	\N	0.000	0.000	\N	80.940	\N	\N	2
2025-08-31 18:25:51.10504+00		wanda.gill@example.com	a36f5fdf-7077-4c1e-9b42-dbea456182c5	33	33	\N	1981.470	\N	en	61.470	1981.470	61.470	partially fulfilled	Registered priority	4	t		3000		PLN	{}	{}	2	\N	\N	0.000	0.000	0.000		\N	\N		2025-08-31 18:25:51.354341+00	f	5	\N	1981.470	full	none	'112223582':43C '128223580':35C '225':9B,25B '33415':18B,34B '40':42C '4319':5B,21B '5':1A '818223582':39C 'america':13B,29B 'ballard':6B,22B 'blue':40C 'dark':44C 'fl':15B,31B 'garden':7B,23B 'gill':4B,20B 'l':47C 'lisashir':17B,33B 'new':16B,32B 'plimsolls':41C 'polygon':45C 's':38C 'shirt':37C 'state':11B,27B 'suit':8B,24B 'team':36C 'tee':46C 'unit':10B,26B 'us':14B,30B 'wanda':3B,19B 'wanda.gill@example.com':2A	t	f	61.470	\N	{}	\N	{}	\N	\N	\N	0.000	0.000	\N	61.470	\N	\N	3
2025-08-31 18:25:51.373847+00		marcus.patton@example.com	9569d0b7-3afa-4c9e-bb13-085256aa8599	34	34	\N	75.480	\N	en	43.080	75.480	43.080	partially fulfilled	Oceania Air Mail	8	t		0		USD	{}	{}	1	\N	\N	0.000	0.000	0.000		\N	\N		2025-08-31 18:25:51.540915+00	f	6	\N	75.480	full	none	'02907':5B,21B '493':9B,25B '6':1A '96940':18B,34B 'america':13B,29B 'branch':7B,23B 'cushion':37C 'dash':36C 'marcus':3B,19B 'marcus.patton@example.com':2A 'matthew':6B,22B 'new':16B,32B 'patton':4B,20B 'pw':15B,31B 'sharonview':17B,33B 'state':11B,27B 'suit':8B,24B 'the':35C 'uhjvzhvjdfzhcmlhbnq6mzgz':38C 'unit':10B,26B 'us':14B,30B	t	f	43.080	\N	{}	\N	{}	\N	\N	\N	0.000	0.000	\N	43.080	\N	\N	1
2025-08-31 18:25:51.755644+00		bethany.david@example.com	70b9d3e2-cc19-45ef-b366-adae2c383f6e	35	35	\N	394.550	\N	en	59.590	394.550	59.590	partially fulfilled	UPS	14	t		1000		USD	{}	{}	1	\N	\N	0.000	0.000	394.550		\N	\N		2025-08-31 18:25:52.068177+00	f	8	\N	0.000	full	full	'05401':17B,32B '113223583':37C '41':36C '4440':5B,20B '488':9B,24B '50':55C '8':1A '818223583':33C '9018223584':44C 'america':13B,28B 'at':48C 'battle':46C 'battle-tested':45C 'bethani':3B,18B 'bethany.david@example.com':2A 'blue':34C 'brands':49C 'card':54C 'cloud':39C 'david':4B,19B 'dvd':43C 'enterprise':38C 'gift':53C 'like':50C 'lush':51C 'mp3':52C 'on':41C 'on-premises':40C 'osborn':6B,21B 'plimsolls':35C 'premises':42C 'state':11B,26B 'suit':8B,23B 'tested':47C 'uhjvzhvjdfzhcmlhbnq6ndax':56C 'unit':10B,25B 'us':14B,29B 'veronicaborough':16B,31B 'viaduct':7B,22B 'vt':15B,30B	t	f	59.590	\N	{}	\N	{}	\N	\N	\N	0.000	0.000	\N	59.590	\N	\N	4
2025-08-31 18:25:52.088696+00		megan.brady@example.com	48080a0b-d902-472c-8a74-cc80acd74748	36	36	\N	636.170	\N	en	66.190	636.170	66.190	partially fulfilled	DHL	13	t		3000		USD	{}	{}	1	\N	\N	0.000	0.000	0.000		\N	\N		2025-08-31 18:25:52.394425+00	f	9	\N	636.170	full	none	'113223585':41C '328223580':37C '39':36C '41':32C '618223581':33C '618223583':29C '9':1A '965':5B,18B '99686':15B,28B 'ak':13B,26B 'america':11B,24B 'bradi':4B,17B 'cd':47C 'cloud':43C 'dash':30C,34C 'enterprise':42C 'fieldsburi':14B,27B 'force':31C,35C 'herring':6B,19B 'megan':3B,16B 'megan.brady@example.com':2A 'monospace':38C 'on':45C 'on-premises':44C 'point':7B,20B 'premises':46C 's':40C 'state':9B,22B 'tee':39C 'unit':8B,21B 'us':12B,25B	t	f	66.190	\N	{}	\N	{}	\N	\N	\N	0.000	0.000	\N	66.190	\N	\N	4
2025-08-31 18:25:52.414318+00		melissa.sanders@example.com	3a0fa36c-6e2c-4a89-bbc7-03fe4953dad5	9	9	\N	155.710	\N	en	75.710	155.710	75.710	unfulfilled	EMS	12	t		1000		USD	{}	{}	1	\N	\N	0.000	0.000	155.710		\N	\N		2025-08-31 18:25:52.642618+00	f	10	\N	0.000	full	full	'10':1A '328223581':29C '47142':5B,18B '85422':15B,28B 'america':11B,24B 'az':13B,26B 'drive':7B,20B 'm':32C 'melissa':3B,16B 'melissa.sanders@example.com':2A 'melissaton':14B,27B 'monospace':30C 'sander':4B,17B 'state':9B,22B 'tee':31C 'unit':8B,21B 'us':12B,25B 'wilson':6B,19B	t	f	75.710	\N	{}	\N	{}	\N	\N	\N	0.000	0.000	\N	75.710	\N	\N	1
2025-08-31 18:25:55.676704+00		lauren.hess@example.com	c7985563-9b10-4524-947e-52880c1fcd87	41	41	\N	884.750	\N	en	55.930	884.750	55.930	unconfirmed	DB Schenker	5	t		3000		PLN	{}	{}	2	\N	0.0000	976.840	976.840	0.000		\N	\N		2025-08-31 18:25:55.970376+00	f	20	\N	0.000	none	none	'03189':15B,28B '118223584':40C '118223585':29C '20':1A '243':5B,18B '42':45C '420':33C,44C '45':34C '9182235821':35C 'america':11B,24B 'balance':32C,43C 'hess':4B,17B 'kimberlyhaven':14B,27B 'lauren':3B,16B 'lauren.hess@example.com':2A 'monotype':37C 'murphi':6B,19B 'nh':13B,26B 'paul':30C,41C 'reversed':36C 's':31C,42C 'state':9B,22B 'station':7B,20B 'tee':38C 'unit':8B,21B 'us':12B,25B 'xxl':39C	f	f	55.930	\N	{}	\N	{}	\N	\N	\N	828.820	828.820	\N	55.930	\N	\N	3
2025-08-31 18:25:52.678535+00		courtney.crawford@example.com	de1d7c10-ca67-4339-911c-72e05dca5135	37	37	\N	360.910	\N	en	80.940	360.910	80.940	partially fulfilled	EMS	16	t		1000		PLN	{}	{}	2	\N	\N	0.000	0.000	0.000		\N	\N		2025-08-31 18:25:52.993029+00	f	11	\N	360.910	full	none	'10823':16B,30B '11':1A '113223583':31C '218223580':48C '342':5B,19B 'a':45C 'america':11B,25B 'blue':49C 'cloud':33C 'courtney':3B,17B 'courtney.crawford@example.com':2A 'crawford':4B,18B 'dvd':37C 'enterprise':32C 'headless':39C,42C 'headless-omnichannel-mp3':38C 'in':44C 'jennif':15B,29B 'lake':14B,28B 'm':52C 'miller':6B,20B 'mission':7B,21B 'mp3':41C,47C 'ny':13B,27B 'omnichannel':40C,43C 'on':35C 'on-premises':34C 'pill':46C 'polygon':50C 'premises':36C 'shirt':51C 'state':9B,23B 'unit':8B,22B 'us':12B,26B	t	f	80.940	\N	{}	\N	{}	\N	\N	\N	0.000	0.000	\N	80.940	\N	\N	3
2025-08-31 18:25:53.479016+00		robert.garcia@example.com	52447dff-946d-42fe-a3e2-2e043b40cdde	16	16	\N	100.420	\N	en	40.420	100.420	40.420	unconfirmed	FedEx	15	t		2000		USD	{}	{}	1	\N	0.0000	140.420	140.420	140.420		\N	\N		2025-08-31 18:25:53.741082+00	f	13	\N	0.000	full	full	'076':5B,18B '112223582':29C '13':1A '48145':15B,28B 'america':11B,24B 'beanie':36C 'dark':30C 'garcia':4B,17B 'jenniferland':14B,27B 'johnson':6B,19B 'l':33C 'mi':13B,26B 'pirate':34C 'polygon':31C 'robert':3B,16B 'robert.garcia@example.com':2A 's':35C 'state':9B,22B 'tee':32C 'uhjvzhvjdfzhcmlhbnq6mzy4':37C 'unit':8B,21B 'us':12B,25B 'way':7B,20B	f	f	40.420	\N	{}	\N	{}	\N	\N	\N	60.000	60.000	\N	40.420	\N	\N	2
2025-08-31 18:25:53.034454+00		scott.brown@example.com	e3c35377-59f3-4fd7-bf2e-de0b3fde5fb8	38	38	\N	1221.130	\N	en	81.150	1221.130	81.150	unfulfilled	FedEx Express	7	t		2000		PLN	{}	{}	2	\N	\N	0.000	0.000	0.000		\N	\N		2025-08-31 18:25:53.383971+00	f	12	\N	1221.130	full	none	'12':1A '25727':17B,32B '43':36C '45':43C '618223585':33C '644':5B,20B '918223588':40C '951':9B,24B 'america':13B,28B 'anthonytown':16B,31B 'brown':4B,19B 'dash':34C 'force':35C 'macia':6B,21B 'mighty':37C 'mug':38C 'plimsolls':42C 'scott':3B,18B 'scott.brown@example.com':2A 'state':11B,26B 'suit':8B,23B 'trail':7B,22B 'uhjvzhvjdfzhcmlhbnq6mzgy':39C 'unit':10B,25B 'us':14B,29B 'white':41C 'wv':15B,30B	t	f	81.150	\N	{}	\N	{}	\N	\N	\N	0.000	0.000	\N	81.150	\N	\N	3
2025-08-31 18:25:53.76691+00		heidi.carson@example.com	46d77c11-5b46-4c1d-8064-e64607ea2f88	39	39	\N	278.160	\N	en	27.190	278.160	27.190	partially fulfilled	UPS	3	t		3100		USD	{}	{}	1	\N	\N	0.000	0.000	0.000		\N	\N		2025-08-31 18:25:54.113257+00	f	14	\N	278.160	full	none	'14':1A '35146':18B,34B '41':50C '42':46C '618223584':43C '820':9B,25B '9182235820':35C '918223584':47C '9294':5B,21B 'al':15B,31B 'america':13B,29B 'bean':40C 'carson':4B,20B 'dash':44C 'force':45C 'heidi':3B,19B 'heidi.carson@example.com':2A 'juice':41C 'lock':7B,23B 'michellestad':17B,33B 'monotype':37C 'new':16B,32B 'plimsolls':49C 'reversed':36C 'short':6B,22B 'state':11B,27B 'suit':8B,24B 'tee':38C 'uhjvzhvjdfzhcmlhbnq6mzg1':42C 'unit':10B,26B 'us':14B,30B 'white':48C 'xl':39C	t	f	27.190	\N	{}	\N	{}	\N	\N	\N	0.000	0.000	\N	27.190	\N	\N	4
2025-08-31 18:25:54.138478+00		dustin.gonzalez@example.com	5651f5d1-b3cf-451b-8f3d-7ec277aae379	12	12	\N	328.930	\N	en	82.330	328.930	82.330	partially fulfilled	China Post	9	t		2000		USD	{}	{}	1	\N	\N	0.000	0.000	0.000		\N	\N		2025-08-31 18:25:54.531583+00	f	15	\N	328.930	full	none	'111223582':33C '112223581':41C '15':1A '58625':17B,32B '8219':5B,20B '875':9B,24B 'america':13B,28B 'boltonborough':16B,31B 'cushion':39C 'dark':42C 'darko':34C 'dash':38C 'dustin':3B,18B 'dustin.gonzalez@example.com':2A 'gonzalez':4B,19B 'hernandez':6B,21B 'lodg':7B,22B 'm':45C 'nd':15B,30B 'polo':35C 'polygon':43C 'state':11B,26B 'suit':8B,23B 'tee':44C 'the':37C 'uhjvzhvjdfzhcmlhbnq6mzgz':40C 'unit':10B,25B 'us':14B,29B 'xxl':36C	t	f	82.330	\N	{}	\N	{}	\N	\N	\N	0.000	0.000	\N	82.330	\N	\N	3
2025-08-31 18:25:54.550911+00		bradley.hebert@example.com	1b7837ce-659b-4377-9e8a-d58869940d7a	40	40	\N	283.830	\N	en	43.870	283.830	43.870	unfulfilled	UPS	3	t		1000		PLN	{}	{}	2	\N	\N	0.000	0.000	283.830		\N	\N		2025-08-31 18:25:54.753859+00	f	16	\N	0.000	full	full	'113223584':32C '16':1A '20009':15B,28B '6246':5B,18B 'america':11B,24B 'bradley':3B,16B 'bradley.hebert@example.com':2A 'caitlin':6B,19B 'cloud':34C 'dc':13B,26B 'enterprise':33C 'hebert':4B,17B 'hoodie':30C 'itunes':38C 'lodg':7B,20B 'on':36C 'on-premises':35C 'premises':37C 'state':9B,22B 'uhjvzhvjdfzhcmlhbnq6mzq3':31C 'unit':8B,21B 'us':12B,25B 'white':29C 'williamburgh':14B,27B	t	f	43.870	\N	{}	\N	{}	\N	\N	\N	0.000	0.000	\N	43.870	\N	\N	2
2025-08-31 18:25:54.784354+00		james.phillips@example.com	862e17da-11ed-4e10-bafa-acb1dcb16d3d	25	25	\N	496.870	\N	en	28.870	496.870	28.870	partially fulfilled	TNT	10	t		3000		USD	{}	{}	1	\N	\N	0.000	0.000	496.870		\N	\N		2025-08-31 18:25:55.072842+00	f	17	\N	0.000	full	full	'17':1A '328223580':36C '42':43C '618223584':40C '912':9B,24B '978':5B,20B '99351':17B,32B 'america':13B,28B 'apt':8B,23B 'brook':7B,22B 'dash':41C 'force':42C 'grey':33C 'hoodie':34C 'jame':3B,18B 'james.phillips@example.com':2A 'monospace':37C 'nelson':6B,21B 'phillip':4B,19B 's':39C 'state':11B,26B 'tee':38C 'uhjvzhvjdfzhcmlhbnq6mzq1':35C 'unit':10B,25B 'us':14B,29B 'wa':15B,30B 'wrightport':16B,31B	t	f	28.870	\N	{}	\N	{}	\N	\N	\N	0.000	0.000	\N	28.870	\N	\N	3
2025-08-31 18:25:55.094373+00		mark.wong@example.com	d4829eb3-e0f0-4a09-b478-6f2be0c4c080	22	22	\N	466.190	\N	en	66.190	466.190	66.190	partially fulfilled	DHL	13	t		0		USD	{}	{}	1	\N	\N	0.000	0.000	466.190		\N	\N		2025-08-31 18:25:55.318464+00	f	18	\N	0.000	full	full	'100':35C '18':1A '667':9B,24B '72852':5B,20B '89863':17B,32B 'america':13B,28B 'blairborough':16B,31B 'card':34C 'gift':33C 'mark':3B,18B 'mark.wong@example.com':2A 'mill':7B,22B 'nv':15B,30B 'rene':6B,21B 'state':11B,26B 'suit':8B,23B 'uhjvzhvjdfzhcmlhbnq6mzkz':36C 'unit':10B,25B 'us':14B,29B 'wong':4B,19B	t	f	66.190	\N	{}	\N	{}	\N	\N	\N	0.000	0.000	\N	66.190	\N	\N	1
2025-08-31 18:25:55.34062+00		dustin.gonzalez@example.com	63bc0645-7e79-43d4-93a8-514fb92138d4	12	12	\N	1358.120	\N	en	18.120	1358.120	18.120	unfulfilled	ACE	18	t		3000		PLN	{}	{}	2	\N	\N	0.000	0.000	1358.120		\N	\N		2025-08-31 18:25:55.636913+00	f	19	\N	0.000	full	full	'128223584':42C '19':1A '40':36C '58625':17B,32B '618223582':33C '8219':5B,20B '875':9B,24B '9182235820':37C 'america':13B,28B 'boltonborough':16B,31B 'dash':34C 'dustin':3B,18B 'dustin.gonzalez@example.com':2A 'force':35C 'gonzalez':4B,19B 'hernandez':6B,21B 'lodg':7B,22B 'monotype':39C 'nd':15B,30B 'reversed':38C 'shirt':44C 'state':11B,26B 'suit':8B,23B 'team':43C 'tee':40C 'unit':10B,25B 'us':14B,29B 'xl':41C 'xxl':45C	t	f	18.120	\N	{}	\N	{}	\N	\N	\N	0.000	0.000	\N	18.120	\N	\N	3
2025-08-31 18:25:50.079255+00		douglas.collins@example.com	a311544b-a0bf-4f1d-844f-87624b6dc2c2	29	29	\N	1416.870	\N	en	88.470	1416.870	88.470	unconfirmed	Royale International	\N	t		2000		PLN	{}	{}	2	\N	0.0000	1564.470	1564.470	0.000		\N	\N		2025-08-31 18:25:50.372879+00	f	1	\N	1564.470	full	none	'091':9B,24B '1':1A '128223581':33C '328223580':41C '36029':17B,32B '660':5B,20B 'al':15B,30B 'america':13B,28B 'collin':4B,19B 'cushion':39C 'dougla':3B,18B 'douglas.collins@example.com':2A 'finleyburgh':16B,31B 'm':36C 'macdonald':6B,21B 'monospace':42C 'parrot':38C 'place':7B,22B 's':44C 'shirt':35C 'state':11B,26B 'suit':8B,23B 'team':34C 'tee':43C 'uhjvzhvjdfzhcmlhbnq6mzk5':40C 'unit':10B,25B 'us':14B,29B 'white':37C	t	f	88.470	\N	{}	\N	{}	\N	\N	\N	1328.400	1328.400	\N	88.470	\N	\N	3
\.


--
-- Data for Name: order_order_gift_cards; Type: TABLE DATA; Schema: public; Owner: saleor
--

COPY public.order_order_gift_cards (id, giftcard_id, order_id) FROM stdin;
\.


--
-- Data for Name: order_orderevent; Type: TABLE DATA; Schema: public; Owner: saleor
--

COPY public.order_orderevent (id, date, type, user_id, parameters, app_id, order_id, related_id) FROM stdin;
\.


--
-- Data for Name: order_ordergrantedrefund; Type: TABLE DATA; Schema: public; Owner: saleor
--

COPY public.order_ordergrantedrefund (id, created_at, updated_at, amount_value, currency, reason, app_id, order_id, user_id, shipping_costs_included, transaction_item_id, status) FROM stdin;
\.


--
-- Data for Name: order_ordergrantedrefundline; Type: TABLE DATA; Schema: public; Owner: saleor
--

COPY public.order_ordergrantedrefundline (id, quantity, granted_refund_id, order_line_id, reason) FROM stdin;
\.


--
-- Data for Name: order_orderline; Type: TABLE DATA; Schema: public; Owner: saleor
--

COPY public.order_orderline (product_name, product_sku, quantity, unit_price_net_amount, unit_price_gross_amount, is_shipping_required, quantity_fulfilled, variant_id, tax_rate, translated_product_name, currency, translated_variant_name, variant_name, total_price_gross_amount, total_price_net_amount, unit_discount_amount, unit_discount_value, unit_discount_reason, unit_discount_type, undiscounted_total_price_gross_amount, undiscounted_total_price_net_amount, undiscounted_unit_price_gross_amount, undiscounted_unit_price_net_amount, is_gift_card, product_variant_id, sale_id, voucher_code, order_id, id, old_id, created_at, base_unit_price_amount, undiscounted_base_unit_price_amount, metadata, private_metadata, tax_class_id, tax_class_metadata, tax_class_name, tax_class_private_metadata, is_gift, is_price_overridden, draft_base_price_expire_at) FROM stdin;
Darko Polo	111223581	3	150.000	150.000	t	0	359	0.0000		PLN		M	450.000	450.000	0.000	0.000	\N	\N	450.000	450.000	150.000	150.000	f	UHJvZHVjdFZhcmlhbnQ6MzU5	\N	\N	82c1d736-2434-4c70-afac-d8df7611409a	20dfedc4-16b1-4abc-b809-abf419144d0c	\N	2025-08-31 18:25:50.432171+00	150.000	150.000	{}	{}	\N	{}	\N	{}	f	\N	\N
Headless + Omnichannel in a pill	headless-omnichannel-mp3	2	40.000	40.000	f	0	324	0.0000		PLN		MP3	80.000	80.000	0.000	0.000	\N	\N	80.000	80.000	40.000	40.000	f	UHJvZHVjdFZhcmlhbnQ6MzI0	\N	\N	82c1d736-2434-4c70-afac-d8df7611409a	70946a63-6951-4e14-8d1d-722b273c19a8	\N	2025-08-31 18:25:50.432283+00	40.000	40.000	{}	{}	\N	{}	\N	{}	f	\N	\N
Grey Hoodie	\N	2	100.000	100.000	t	0	345	0.0000		PLN		UHJvZHVjdFZhcmlhbnQ6MzQ1	200.000	200.000	0.000	0.000	\N	\N	200.000	200.000	100.000	100.000	f	UHJvZHVjdFZhcmlhbnQ6MzQ1	\N	\N	82c1d736-2434-4c70-afac-d8df7611409a	acc729a6-8a7e-4152-a03e-07ed094603c2	\N	2025-08-31 18:25:50.432355+00	100.000	100.000	{}	{}	\N	{}	\N	{}	f	\N	\N
Apple Juice	\N	3	1.990	1.990	t	0	384	0.0000		USD		UHJvZHVjdFZhcmlhbnQ6Mzg0	5.970	5.970	0.000	0.000	\N	\N	5.970	5.970	1.990	1.990	f	UHJvZHVjdFZhcmlhbnQ6Mzg0	\N	\N	fde8fae2-c865-4617-9556-e85898917d99	d51cd230-4b50-489f-bdab-f270dc082325	\N	2025-08-31 18:25:50.675248+00	1.990	1.990	{}	{}	\N	{}	\N	{}	f	\N	\N
Blue Plimsolls	818223583	3	75.000	75.000	t	1	332	0.0000		USD		41	225.000	225.000	0.000	0.000	\N	\N	225.000	225.000	75.000	75.000	f	UHJvZHVjdFZhcmlhbnQ6MzMy	\N	\N	70b9d3e2-cc19-45ef-b366-adae2c383f6e	2fe4aaf4-f7b5-4976-8898-7f90a4f0be0a	\N	2025-08-31 18:25:51.775798+00	75.000	75.000	{}	{}	\N	{}	\N	{}	f	\N	\N
Team Shirt	128223583	2	40.000	40.000	t	1	356	0.0000		USD		XL	80.000	80.000	0.000	0.000	\N	\N	80.000	80.000	40.000	40.000	f	UHJvZHVjdFZhcmlhbnQ6MzU2	\N	\N	fde8fae2-c865-4617-9556-e85898917d99	4762140d-ec25-4dd8-a48c-9331e65e3048	\N	2025-08-31 18:25:50.675354+00	40.000	40.000	{}	{}	\N	{}	\N	{}	f	\N	\N
The Dash Cushion	\N	3	10.800	10.800	f	2	383	0.0000		USD		UHJvZHVjdFZhcmlhbnQ6Mzgz	32.400	32.400	0.000	0.000	\N	\N	32.400	32.400	10.800	10.800	f	UHJvZHVjdFZhcmlhbnQ6Mzgz	\N	\N	9569d0b7-3afa-4c9e-bb13-085256aa8599	14950306-f1e9-450e-a272-bc1918e2a7a8	\N	2025-08-31 18:25:51.406523+00	10.800	10.800	{}	{}	\N	{}	\N	{}	f	\N	\N
Cubes Fountain Tee	49182235822	4	130.000	130.000	t	0	396	0.0000		PLN		L	520.000	520.000	0.000	0.000	\N	\N	520.000	520.000	130.000	130.000	f	UHJvZHVjdFZhcmlhbnQ6Mzk2	\N	\N	d26671a4-74ce-4f9a-b4a8-ee7b1b283fa2	9c2b5272-fc28-4c12-be71-9e1c4213f9b2	\N	2025-08-31 18:25:50.892507+00	130.000	130.000	{}	{}	\N	{}	\N	{}	f	\N	\N
Battle-tested at brands like Lush	9018223582	1	45.000	45.000	f	1	372	0.0000		PLN		DVD	45.000	45.000	0.000	0.000	\N	\N	45.000	45.000	45.000	45.000	f	UHJvZHVjdFZhcmlhbnQ6Mzcy	\N	\N	d26671a4-74ce-4f9a-b4a8-ee7b1b283fa2	4840c26d-e0af-4e16-bb2f-4799894daf92	\N	2025-08-31 18:25:50.892384+00	45.000	45.000	{}	{}	\N	{}	\N	{}	f	\N	\N
Blue Plimsolls	818223582	4	230.000	230.000	t	0	333	0.0000		PLN		40	920.000	920.000	0.000	0.000	\N	\N	920.000	920.000	230.000	230.000	f	UHJvZHVjdFZhcmlhbnQ6MzMz	\N	\N	a36f5fdf-7077-4c1e-9b42-dbea456182c5	cd170281-cc47-49f2-b2f4-1a8ed5ccb120	\N	2025-08-31 18:25:51.127853+00	230.000	230.000	{}	{}	\N	{}	\N	{}	f	\N	\N
Team Shirt	128223580	2	200.000	200.000	t	2	353	0.0000		PLN		S	400.000	400.000	0.000	0.000	\N	\N	400.000	400.000	200.000	200.000	f	UHJvZHVjdFZhcmlhbnQ6MzUz	\N	\N	a36f5fdf-7077-4c1e-9b42-dbea456182c5	8b5c148a-8110-40dd-b001-243427e061fe	\N	2025-08-31 18:25:51.127746+00	200.000	200.000	{}	{}	\N	{}	\N	{}	f	\N	\N
Dark Polygon Tee	112223582	4	150.000	150.000	t	4	366	0.0000		PLN		L	600.000	600.000	0.000	0.000	\N	\N	600.000	600.000	150.000	150.000	f	UHJvZHVjdFZhcmlhbnQ6MzY2	\N	\N	a36f5fdf-7077-4c1e-9b42-dbea456182c5	381a841e-f6ce-47d7-82bb-b77d326c1e8e	\N	2025-08-31 18:25:51.127924+00	150.000	150.000	{}	{}	\N	{}	\N	{}	f	\N	\N
Team Shirt	128223581	4	180.000	180.000	t	0	354	0.0000		PLN		M	720.000	720.000	0.000	0.000	\N	\N	800.000	800.000	200.000	200.000	f	UHJvZHVjdFZhcmlhbnQ6MzU0	\N	\N	a311544b-a0bf-4f1d-844f-87624b6dc2c2	6142a79c-6ef3-429f-9cf3-763bf090a2f2	\N	2025-08-31 18:25:50.114024+00	200.000	200.000	{}	{}	\N	{}	\N	{}	f	\N	\N
White Parrot Cushion	\N	2	207.000	207.000	f	0	399	0.0000		PLN		UHJvZHVjdFZhcmlhbnQ6Mzk5	414.000	414.000	0.000	0.000	\N	\N	460.000	460.000	230.000	230.000	f	UHJvZHVjdFZhcmlhbnQ6Mzk5	\N	\N	a311544b-a0bf-4f1d-844f-87624b6dc2c2	e5013a3f-78cf-41f7-89e0-61059123e391	\N	2025-08-31 18:25:50.114215+00	230.000	230.000	{}	{}	\N	{}	\N	{}	f	\N	\N
Monospace Tee	328223580	4	48.600	48.600	t	0	348	0.0000		PLN		S	194.400	194.400	0.000	0.000	\N	\N	216.000	216.000	54.000	54.000	f	UHJvZHVjdFZhcmlhbnQ6MzQ4	\N	\N	a311544b-a0bf-4f1d-844f-87624b6dc2c2	448b25c8-50bc-46ed-b156-3fdd9f2f6076	\N	2025-08-31 18:25:50.114303+00	54.000	54.000	{}	{}	\N	{}	\N	{}	f	\N	\N
Dash Force	618223581	2	90.000	90.000	t	1	335	0.0000		USD		39	180.000	180.000	0.000	0.000	\N	\N	180.000	180.000	90.000	90.000	f	UHJvZHVjdFZhcmlhbnQ6MzM1	\N	\N	48080a0b-d902-472c-8a74-cc80acd74748	47c52e24-fa3b-4381-a4ca-c1135a416718	\N	2025-08-31 18:25:52.116207+00	90.000	90.000	{}	{}	\N	{}	\N	{}	f	\N	\N
Enterprise Cloud + On-premises	113223583	4	8.990	8.990	f	0	376	0.0000		USD		DVD	35.960	35.960	0.000	0.000	\N	\N	35.960	35.960	8.990	8.990	f	UHJvZHVjdFZhcmlhbnQ6Mzc2	\N	\N	70b9d3e2-cc19-45ef-b366-adae2c383f6e	9b26e498-e914-4629-8b75-70671e7e5883	\N	2025-08-31 18:25:51.7759+00	8.990	8.990	{}	{}	\N	{}	\N	{}	f	\N	\N
Battle-tested at brands like Lush	9018223584	4	6.000	6.000	f	0	374	0.0000		USD		MP3	24.000	24.000	0.000	0.000	\N	\N	24.000	24.000	6.000	6.000	f	UHJvZHVjdFZhcmlhbnQ6Mzc0	\N	\N	70b9d3e2-cc19-45ef-b366-adae2c383f6e	0a9cc73f-4eb4-4edb-89c6-7b9d2bc591b0	\N	2025-08-31 18:25:51.775966+00	6.000	6.000	{}	{}	\N	{}	\N	{}	f	\N	\N
Gift card 50	\N	1	50.000	50.000	f	1	401	0.0000		USD		UHJvZHVjdFZhcmlhbnQ6NDAx	50.000	50.000	0.000	0.000	\N	\N	50.000	50.000	50.000	50.000	t	UHJvZHVjdFZhcmlhbnQ6NDAx	\N	\N	70b9d3e2-cc19-45ef-b366-adae2c383f6e	067c6275-98a7-4d5b-bf9c-bdcf3a50d6f6	\N	2025-08-31 18:25:51.77603+00	50.000	50.000	{}	{}	\N	{}	\N	{}	f	\N	\N
Dash Force	618223583	4	90.000	90.000	t	0	337	0.0000		USD		41	360.000	360.000	0.000	0.000	\N	\N	360.000	360.000	90.000	90.000	f	UHJvZHVjdFZhcmlhbnQ6MzM3	\N	\N	48080a0b-d902-472c-8a74-cc80acd74748	1a6cda2f-32d5-4204-861d-ffcc972e227a	\N	2025-08-31 18:25:52.116049+00	90.000	90.000	{}	{}	\N	{}	\N	{}	f	\N	\N
Headless + Omnichannel in a pill	headless-omnichannel-mp3	1	40.000	40.000	f	1	324	0.0000		PLN		MP3	40.000	40.000	0.000	0.000	\N	\N	40.000	40.000	40.000	40.000	f	UHJvZHVjdFZhcmlhbnQ6MzI0	\N	\N	de1d7c10-ca67-4339-911c-72e05dca5135	9a4048cb-f69e-4b83-99ef-807973df1b0a	\N	2025-08-31 18:25:52.702932+00	40.000	40.000	{}	{}	\N	{}	\N	{}	f	\N	\N
Monospace Tee	328223580	1	12.000	12.000	t	0	348	0.0000		USD		S	12.000	12.000	0.000	0.000	\N	\N	12.000	12.000	12.000	12.000	f	UHJvZHVjdFZhcmlhbnQ6MzQ4	\N	\N	48080a0b-d902-472c-8a74-cc80acd74748	1f86f9ba-e36f-44f8-9afe-9072311fa41e	\N	2025-08-31 18:25:52.116313+00	12.000	12.000	{}	{}	\N	{}	\N	{}	f	\N	\N
Enterprise Cloud + On-premises	113223585	2	8.990	8.990	f	0	378	0.0000		USD		CD	17.980	17.980	0.000	0.000	\N	\N	17.980	17.980	8.990	8.990	f	UHJvZHVjdFZhcmlhbnQ6Mzc4	\N	\N	48080a0b-d902-472c-8a74-cc80acd74748	d648d9bd-d0f9-4eb4-86e2-504c65733277	\N	2025-08-31 18:25:52.116416+00	8.990	8.990	{}	{}	\N	{}	\N	{}	f	\N	\N
Monospace Tee	328223581	4	20.000	20.000	t	0	349	0.0000		USD		M	80.000	80.000	0.000	0.000	\N	\N	80.000	80.000	20.000	20.000	f	UHJvZHVjdFZhcmlhbnQ6MzQ5	\N	\N	3a0fa36c-6e2c-4a89-bbc7-03fe4953dad5	5163cbc3-cb15-4ddd-9b12-077571dc211c	\N	2025-08-31 18:25:52.43389+00	20.000	20.000	{}	{}	\N	{}	\N	{}	f	\N	\N
Blue Polygon Shirt	218223580	1	150.000	150.000	t	0	361	0.0000		PLN		M	150.000	150.000	0.000	0.000	\N	\N	150.000	150.000	150.000	150.000	f	UHJvZHVjdFZhcmlhbnQ6MzYx	\N	\N	de1d7c10-ca67-4339-911c-72e05dca5135	169ec02a-e836-4627-ac5b-9d48779f22cf	\N	2025-08-31 18:25:52.703031+00	150.000	150.000	{}	{}	\N	{}	\N	{}	f	\N	\N
Enterprise Cloud + On-premises	113223583	3	29.990	29.990	f	2	376	0.0000		PLN		DVD	89.970	89.970	0.000	0.000	\N	\N	89.970	89.970	29.990	29.990	f	UHJvZHVjdFZhcmlhbnQ6Mzc2	\N	\N	de1d7c10-ca67-4339-911c-72e05dca5135	70d5e9dd-13e9-42ae-b4fa-6d612455cd67	\N	2025-08-31 18:25:52.702799+00	29.990	29.990	{}	{}	\N	{}	\N	{}	f	\N	\N
Apple Juice	\N	3	1.990	1.990	t	0	384	0.0000		USD		UHJvZHVjdFZhcmlhbnQ6Mzg0	5.970	5.970	0.000	0.000	\N	\N	5.970	5.970	1.990	1.990	f	UHJvZHVjdFZhcmlhbnQ6Mzg0	\N	\N	0885a973-6554-4a06-9dfd-320a1ded0aac	241429fb-1e8e-4c63-a923-24d51cf95a07	\N	2025-08-31 18:25:51.576412+00	1.990	1.990	{}	{}	\N	{}	\N	{}	f	\N	\N
Monospace Tee	328223583	1	20.000	20.000	t	0	351	0.0000		USD		XL	20.000	20.000	0.000	0.000	\N	\N	20.000	20.000	20.000	20.000	f	UHJvZHVjdFZhcmlhbnQ6MzUx	\N	\N	0885a973-6554-4a06-9dfd-320a1ded0aac	cff687db-92fe-4895-aa32-b309d55586d2	\N	2025-08-31 18:25:51.576514+00	20.000	20.000	{}	{}	\N	{}	\N	{}	f	\N	\N
Paul's Balance 420	118223583	2	35.000	35.000	t	0	342	0.0000		USD		41	70.000	70.000	0.000	0.000	\N	\N	70.000	70.000	35.000	35.000	f	UHJvZHVjdFZhcmlhbnQ6MzQy	\N	\N	0885a973-6554-4a06-9dfd-320a1ded0aac	ca5807a2-41f6-48be-b037-d721a6f07144	\N	2025-08-31 18:25:51.57658+00	35.000	35.000	{}	{}	\N	{}	\N	{}	f	\N	\N
Dash Force	618223585	2	420.000	420.000	t	0	339	0.0000		PLN		43	840.000	840.000	0.000	0.000	\N	\N	840.000	840.000	420.000	420.000	f	UHJvZHVjdFZhcmlhbnQ6MzM5	\N	\N	e3c35377-59f3-4fd7-bf2e-de0b3fde5fb8	667fa3c8-b0d1-41d5-8822-f5a869b8b509	\N	2025-08-31 18:25:53.069516+00	420.000	420.000	{}	{}	\N	{}	\N	{}	f	\N	\N
Mighty Mug	\N	2	29.990	29.990	f	0	382	0.0000		PLN		UHJvZHVjdFZhcmlhbnQ6Mzgy	59.980	59.980	0.000	0.000	\N	\N	59.980	59.980	29.990	29.990	f	UHJvZHVjdFZhcmlhbnQ6Mzgy	\N	\N	e3c35377-59f3-4fd7-bf2e-de0b3fde5fb8	7ecbdf43-dcaf-4e21-a94c-638a7b88110f	\N	2025-08-31 18:25:53.069674+00	29.990	29.990	{}	{}	\N	{}	\N	{}	f	\N	\N
White Plimsolls	918223588	1	240.000	240.000	t	0	331	0.0000		PLN		45	240.000	240.000	0.000	0.000	\N	\N	240.000	240.000	240.000	240.000	f	UHJvZHVjdFZhcmlhbnQ6MzMx	\N	\N	e3c35377-59f3-4fd7-bf2e-de0b3fde5fb8	2440256e-2000-46fb-9e30-ea654a32009f	\N	2025-08-31 18:25:53.069795+00	240.000	240.000	{}	{}	\N	{}	\N	{}	f	\N	\N
Dash Force	618223584	1	90.000	90.000	t	0	338	0.0000		USD		42	90.000	90.000	0.000	0.000	\N	\N	90.000	90.000	90.000	90.000	f	UHJvZHVjdFZhcmlhbnQ6MzM4	\N	\N	46d77c11-5b46-4c1d-8064-e64607ea2f88	27495920-b766-4c30-b75e-de94f186e8ec	\N	2025-08-31 18:25:53.79711+00	90.000	90.000	{}	{}	\N	{}	\N	{}	f	\N	\N
White Plimsolls	918223584	1	80.000	80.000	t	0	327	0.0000		USD		41	80.000	80.000	0.000	0.000	\N	\N	80.000	80.000	80.000	80.000	f	UHJvZHVjdFZhcmlhbnQ6MzI3	\N	\N	46d77c11-5b46-4c1d-8064-e64607ea2f88	a04bca83-e683-4a5e-b69a-ce45386d694d	\N	2025-08-31 18:25:53.797411+00	80.000	80.000	{}	{}	\N	{}	\N	{}	f	\N	\N
Reversed Monotype Tee	9182235820	3	25.000	25.000	t	3	389	0.0000		USD		XL	75.000	75.000	0.000	0.000	\N	\N	75.000	75.000	25.000	25.000	f	UHJvZHVjdFZhcmlhbnQ6Mzg5	\N	\N	46d77c11-5b46-4c1d-8064-e64607ea2f88	b8dd0b37-895f-4b74-85fb-7501b7627bd5	\N	2025-08-31 18:25:53.796838+00	25.000	25.000	{}	{}	\N	{}	\N	{}	f	\N	\N
Bean Juice	\N	3	1.990	1.990	t	3	385	0.0000		USD		UHJvZHVjdFZhcmlhbnQ6Mzg1	5.970	5.970	0.000	0.000	\N	\N	5.970	5.970	1.990	1.990	f	UHJvZHVjdFZhcmlhbnQ6Mzg1	\N	\N	46d77c11-5b46-4c1d-8064-e64607ea2f88	3716cbf3-45aa-42d6-b336-7bf78d68c2f4	\N	2025-08-31 18:25:53.796999+00	1.990	1.990	{}	{}	\N	{}	\N	{}	f	\N	\N
Monospace Tee	328223580	4	12.000	12.000	t	0	348	0.0000		USD		S	48.000	48.000	0.000	0.000	\N	\N	48.000	48.000	12.000	12.000	f	UHJvZHVjdFZhcmlhbnQ6MzQ4	\N	\N	862e17da-11ed-4e10-bafa-acb1dcb16d3d	d7783ba9-88b6-4bb0-a20c-ca139ce3f563	\N	2025-08-31 18:25:54.807349+00	12.000	12.000	{}	{}	\N	{}	\N	{}	f	\N	\N
Darko Polo	111223582	3	45.000	45.000	t	1	360	0.0000		USD		XXL	135.000	135.000	0.000	0.000	\N	\N	135.000	135.000	45.000	45.000	f	UHJvZHVjdFZhcmlhbnQ6MzYw	\N	\N	5651f5d1-b3cf-451b-8f3d-7ec277aae379	8c008166-dc70-4fbb-8496-fad1dff958fc	\N	2025-08-31 18:25:54.167913+00	45.000	45.000	{}	{}	\N	{}	\N	{}	f	\N	\N
The Dash Cushion	\N	2	10.800	10.800	f	2	383	0.0000		USD		UHJvZHVjdFZhcmlhbnQ6Mzgz	21.600	21.600	0.000	0.000	\N	\N	21.600	21.600	10.800	10.800	f	UHJvZHVjdFZhcmlhbnQ6Mzgz	\N	\N	5651f5d1-b3cf-451b-8f3d-7ec277aae379	e80ec255-abc2-4090-93f2-777348da2a1f	\N	2025-08-31 18:25:54.168114+00	10.800	10.800	{}	{}	\N	{}	\N	{}	f	\N	\N
Dark Polygon Tee	112223581	2	45.000	45.000	t	1	365	0.0000		USD		M	90.000	90.000	0.000	0.000	\N	\N	90.000	90.000	45.000	45.000	f	UHJvZHVjdFZhcmlhbnQ6MzY1	\N	\N	5651f5d1-b3cf-451b-8f3d-7ec277aae379	53b9fe36-492c-46ab-bbb8-2dc969dd0b70	\N	2025-08-31 18:25:54.168242+00	45.000	45.000	{}	{}	\N	{}	\N	{}	f	\N	\N
White Hoodie	\N	1	120.000	120.000	t	0	347	0.0000		PLN		UHJvZHVjdFZhcmlhbnQ6MzQ3	120.000	120.000	0.000	0.000	\N	\N	120.000	120.000	120.000	120.000	f	UHJvZHVjdFZhcmlhbnQ6MzQ3	\N	\N	1b7837ce-659b-4377-9e8a-d58869940d7a	8c2a819a-3624-40ce-be49-c9ee5f070111	\N	2025-08-31 18:25:54.570571+00	120.000	120.000	{}	{}	\N	{}	\N	{}	f	\N	\N
Enterprise Cloud + On-premises	113223584	4	29.990	29.990	f	0	377	0.0000		PLN		iTunes	119.960	119.960	0.000	0.000	\N	\N	119.960	119.960	29.990	29.990	f	UHJvZHVjdFZhcmlhbnQ6Mzc3	\N	\N	1b7837ce-659b-4377-9e8a-d58869940d7a	8404b82d-48d8-456b-bd6b-3040e1e0f694	\N	2025-08-31 18:25:54.570708+00	29.990	29.990	{}	{}	\N	{}	\N	{}	f	\N	\N
Dash Force	618223584	4	90.000	90.000	t	0	338	0.0000		USD		42	360.000	360.000	0.000	0.000	\N	\N	360.000	360.000	90.000	90.000	f	UHJvZHVjdFZhcmlhbnQ6MzM4	\N	\N	862e17da-11ed-4e10-bafa-acb1dcb16d3d	a3f74004-e16d-4dd3-b054-a080e6964e7b	\N	2025-08-31 18:25:54.807421+00	90.000	90.000	{}	{}	\N	{}	\N	{}	f	\N	\N
Grey Hoodie	\N	2	30.000	30.000	t	2	345	0.0000		USD		UHJvZHVjdFZhcmlhbnQ6MzQ1	60.000	60.000	0.000	0.000	\N	\N	60.000	60.000	30.000	30.000	f	UHJvZHVjdFZhcmlhbnQ6MzQ1	\N	\N	862e17da-11ed-4e10-bafa-acb1dcb16d3d	8763da83-a6d1-464d-9664-80262c50f361	\N	2025-08-31 18:25:54.807236+00	30.000	30.000	{}	{}	\N	{}	\N	{}	f	\N	\N
Gift card 100	\N	4	100.000	100.000	f	1	393	0.0000		USD		UHJvZHVjdFZhcmlhbnQ6Mzkz	400.000	400.000	0.000	0.000	\N	\N	400.000	400.000	100.000	100.000	t	UHJvZHVjdFZhcmlhbnQ6Mzkz	\N	\N	d4829eb3-e0f0-4a09-b478-6f2be0c4c080	669515eb-5670-4690-8637-f507bab46ef7	\N	2025-08-31 18:25:55.117972+00	100.000	100.000	{}	{}	\N	{}	\N	{}	f	\N	\N
Dash Force	618223582	1	420.000	420.000	t	0	336	0.0000		PLN		40	420.000	420.000	0.000	0.000	\N	\N	420.000	420.000	420.000	420.000	f	UHJvZHVjdFZhcmlhbnQ6MzM2	\N	\N	63bc0645-7e79-43d4-93a8-514fb92138d4	4e68d6fc-3e67-4ac8-b3f2-8a4c6b470420	\N	2025-08-31 18:25:55.363057+00	420.000	420.000	{}	{}	\N	{}	\N	{}	f	\N	\N
Reversed Monotype Tee	9182235820	1	120.000	120.000	t	0	389	0.0000		PLN		XL	120.000	120.000	0.000	0.000	\N	\N	120.000	120.000	120.000	120.000	f	UHJvZHVjdFZhcmlhbnQ6Mzg5	\N	\N	63bc0645-7e79-43d4-93a8-514fb92138d4	279e3af9-f43a-41cf-8bd0-43beb3bff1f9	\N	2025-08-31 18:25:55.363188+00	120.000	120.000	{}	{}	\N	{}	\N	{}	f	\N	\N
Team Shirt	128223584	4	200.000	200.000	t	0	357	0.0000		PLN		XXL	800.000	800.000	0.000	0.000	\N	\N	800.000	800.000	200.000	200.000	f	UHJvZHVjdFZhcmlhbnQ6MzU3	\N	\N	63bc0645-7e79-43d4-93a8-514fb92138d4	d7447f27-67c9-405d-8509-83441f73c6f9	\N	2025-08-31 18:25:55.363278+00	200.000	200.000	{}	{}	\N	{}	\N	{}	f	\N	\N
Dark Polygon Tee	112223582	2	27.000	27.000	t	0	366	0.0000		USD		L	54.000	54.000	0.000	0.000	\N	\N	90.000	90.000	45.000	45.000	f	UHJvZHVjdFZhcmlhbnQ6MzY2	\N	\N	52447dff-946d-42fe-a3e2-2e043b40cdde	08767c6b-2e55-4cdc-8e30-1774014d5151	\N	2025-08-31 18:25:53.509624+00	45.000	45.000	{}	{}	\N	{}	\N	{}	f	\N	\N
Pirate's Beanie	\N	1	6.000	6.000	t	0	368	0.0000		USD		UHJvZHVjdFZhcmlhbnQ6MzY4	6.000	6.000	0.000	0.000	\N	\N	10.000	10.000	10.000	10.000	f	UHJvZHVjdFZhcmlhbnQ6MzY4	\N	\N	52447dff-946d-42fe-a3e2-2e043b40cdde	47ae45b1-7d8f-477c-8c8f-827a86739fee	\N	2025-08-31 18:25:53.509871+00	10.000	10.000	{}	{}	\N	{}	\N	{}	f	\N	\N
Paul's Balance 420	118223585	2	132.280	132.280	t	0	344	0.0000		PLN		45	264.550	264.550	0.000	0.000	\N	\N	293.940	293.940	146.970	146.970	f	UHJvZHVjdFZhcmlhbnQ6MzQ0	\N	\N	c7985563-9b10-4524-947e-52880c1fcd87	336980f8-004f-444b-994c-4369acd0f56b	\N	2025-08-31 18:25:55.704852+00	146.970	146.970	{}	{}	\N	{}	\N	{}	f	\N	\N
Reversed Monotype Tee	9182235821	4	108.000	108.000	t	0	390	0.0000		PLN		XXL	432.000	432.000	0.000	0.000	\N	\N	480.000	480.000	120.000	120.000	f	UHJvZHVjdFZhcmlhbnQ6Mzkw	\N	\N	c7985563-9b10-4524-947e-52880c1fcd87	1aa2a2fa-2981-4e64-a128-c856b55d27b4	\N	2025-08-31 18:25:55.705032+00	120.000	120.000	{}	{}	\N	{}	\N	{}	f	\N	\N
Paul's Balance 420	118223584	1	132.270	132.270	t	0	343	0.0000		PLN		42	132.270	132.270	0.000	0.000	\N	\N	146.970	146.970	146.970	146.970	f	UHJvZHVjdFZhcmlhbnQ6MzQz	\N	\N	c7985563-9b10-4524-947e-52880c1fcd87	ba64c45f-f521-40a1-840b-8afca3272aca	\N	2025-08-31 18:25:55.70524+00	146.970	146.970	{}	{}	\N	{}	\N	{}	f	\N	\N
\.


--
-- Data for Name: page_page; Type: TABLE DATA; Schema: public; Owner: saleor
--

COPY public.page_page (id, slug, title, content, created_at, is_published, published_at, seo_description, seo_title, metadata, private_metadata, page_type_id) FROM stdin;
3	about	About	{"time": 1652791943847, "blocks": [{"id": "1rqw8KEYBR", "data": {"text": "1 Saleor is a rapidly growing all-out commerce API. Saleor is <b>fully open-source, and 100% focused on the GraphQL</b>&nbsp;interface. Our mission is to provide unparalleled extensibility."}, "type": "paragraph"}, {"id": "Is0DQGyb93", "data": {"text": "2 We make it easy for front-end teams to <b>prototype fast, experiment, and build wonderful, unrestricted storefront experiences</b>."}, "type": "paragraph"}, {"id": "IwwtFzGF2A", "data": {"text": "3 We enable developers to <a href=\\"https://docs.saleor.io/developer/extending/apps/overview\\">extend Saleor</a> easily via [Saleor Apps](https://github.com/saleor/saleor-app-template), a robust tally of async/sync webhooks, and a composable Dashboard. "}, "type": "paragraph"}, {"id": "lJNRLN33D3", "data": {"text": "4 We allow brands to own their data and go fast while staying fully flexible with <a href=\\"https://cloud.saleor.io\\">Saleor Cloud</a>."}, "type": "paragraph"}], "version": "2.22.2"}	2025-08-31 18:25:38.20567+00	t	2022-05-13 00:00:00+00			{}	{}	4
\.


--
-- Data for Name: page_pagetranslation; Type: TABLE DATA; Schema: public; Owner: saleor
--

COPY public.page_pagetranslation (id, seo_title, seo_description, language_code, title, content, page_id, slug) FROM stdin;
\.


--
-- Data for Name: page_pagetype; Type: TABLE DATA; Schema: public; Owner: saleor
--

COPY public.page_pagetype (id, private_metadata, metadata, name, slug) FROM stdin;
1	{}	{}	Default Type	default-type
4	{}	{}	Simple	default-page
\.


--
-- Data for Name: payment_payment; Type: TABLE DATA; Schema: public; Owner: saleor
--

COPY public.payment_payment (id, gateway, is_active, created_at, modified_at, charge_status, billing_first_name, billing_last_name, billing_company_name, billing_address_1, billing_address_2, billing_city, billing_city_area, billing_postal_code, billing_country_code, billing_country_area, billing_email, customer_ip_address, cc_brand, cc_exp_month, cc_exp_year, cc_first_digits, cc_last_digits, extra_data, token, currency, total, captured_amount, checkout_id, to_confirm, payment_method_type, return_url, psp_reference, partial, metadata, private_metadata, store_payment_method, order_id) FROM stdin;
1	mirumee.payments.dummy	t	2025-08-31 18:25:50.315612+00	2025-08-31 18:25:50.315635+00	not-charged	Douglas	Collins		660 Macdonald Place Suite 091		Finleyburgh		36029	US	AL	douglas.collins@example.com	73.123.149.42	dummy_visa	12	2222		1234	{}	0d8efc5a-2cc5-4fb8-a5ee-7a2a4fd195fa	PLN	1564.470	0.000	\N	f	card	\N		f	{}	{}	none	a311544b-a0bf-4f1d-844f-87624b6dc2c2
2	mirumee.payments.dummy	t	2025-08-31 18:25:50.568+00	2025-08-31 18:25:50.568022+00	not-charged	Christopher	Young		02821 Pennington Rapid		New Courtneyberg		02811	US	RI	christopher.young@example.com	123.3.27.173	dummy_visa	12	2222		1234	{}	db8396e3-6d05-4d41-8306-0bf06cfc003f	PLN	809.390	0.000	\N	f	card	\N		f	{}	{}	none	82c1d736-2434-4c70-afac-d8df7611409a
3	mirumee.payments.dummy	t	2025-08-31 18:25:50.775975+00	2025-08-31 18:25:50.775996+00	not-charged	Anthony	Randolph		1542 Young Knolls		Lake Karen		01553	US	MA	anthony.randolph@example.com	166.72.15.220	dummy_visa	12	2222		1234	{}	2d6a6de9-5049-47f1-a080-bc87d6e0ab7d	USD	85.970	0.000	\N	f	card	\N		f	{}	{}	none	fde8fae2-c865-4617-9556-e85898917d99
4	mirumee.payments.dummy	t	2025-08-31 18:25:51.007733+00	2025-08-31 18:25:51.00775+00	not-charged	Alexis	Moreno		708 Villa Camp Suite 616		Tylertown		40143	US	KY	alexis.moreno@example.com	122.81.118.234	dummy_visa	12	2222		1234	{}	9932c3c2-46ab-44fc-b1c4-0d0ad097bc96	PLN	645.940	0.000	\N	f	card	\N		f	{}	{}	none	d26671a4-74ce-4f9a-b4a8-ee7b1b283fa2
5	mirumee.payments.dummy	t	2025-08-31 18:25:51.261902+00	2025-08-31 18:25:51.261921+00	not-charged	Wanda	Gill		4319 Ballard Gardens Suite 225		New Lisashire		33415	US	FL	wanda.gill@example.com	50.199.118.127	dummy_visa	12	2222		1234	{}	d5882fff-449f-4ca7-900f-b345adb733ca	PLN	1981.470	0.000	\N	f	card	\N		f	{}	{}	none	a36f5fdf-7077-4c1e-9b42-dbea456182c5
6	mirumee.payments.dummy	t	2025-08-31 18:25:51.473336+00	2025-08-31 18:25:51.473352+00	not-charged	Marcus	Patton		02907 Matthew Branch Suite 493		New Sharonview		96940	US	PW	marcus.patton@example.com	9.3.57.49	dummy_visa	12	2222		1234	{}	36c72360-7a28-4984-906e-048d11e57974	USD	75.480	0.000	\N	f	card	\N		f	{}	{}	none	9569d0b7-3afa-4c9e-bb13-085256aa8599
7	mirumee.payments.dummy	f	2025-08-31 18:25:51.68477+00	2025-08-31 18:25:51.737963+00	not-charged	Lindsay	Jones		013 Billy Bridge		Riveraburgh		96942	US	FM	lindsay.jones@example.com	138.18.222.243	dummy_visa	12	2222		1234	{}	25b13d7d-9673-4a4c-915f-16c7b6ad74d7	USD	136.390	0.000	\N	f	card	\N		f	{}	{}	none	0885a973-6554-4a06-9dfd-320a1ded0aac
10	mirumee.payments.dummy	t	2025-08-31 18:25:52.543041+00	2025-08-31 18:25:52.623728+00	fully-charged	Melissa	Sanders		47142 Wilson Drives		Melissaton		85422	US	AZ	melissa.sanders@example.com	150.175.176.68	dummy_visa	12	2222		1234	{}	6c886cfc-acd8-426a-b502-689383d188a8	USD	155.710	155.710	\N	f	card	\N		f	{}	{}	none	3a0fa36c-6e2c-4a89-bbc7-03fe4953dad5
8	mirumee.payments.dummy	t	2025-08-31 18:25:51.906781+00	2025-08-31 18:25:51.978511+00	fully-charged	Bethany	David		4440 Osborne Viaduct Suite 488		Veronicaborough		05401	US	VT	bethany.david@example.com	20.136.221.157	dummy_visa	12	2222		1234	{}	02d83a0f-a69e-4738-9aab-5a9aa3c9914b	USD	394.550	394.550	\N	f	card	\N		f	{}	{}	none	70b9d3e2-cc19-45ef-b366-adae2c383f6e
11	mirumee.payments.dummy	t	2025-08-31 18:25:52.859469+00	2025-08-31 18:25:52.859487+00	not-charged	Courtney	Crawford		342 Miller Mission		Lake Jennifer		10823	US	NY	courtney.crawford@example.com	202.84.55.130	dummy_visa	12	2222		1234	{}	4c4f6671-dcd3-410d-ae0e-1b9bfac3a4da	PLN	360.910	0.000	\N	f	card	\N		f	{}	{}	none	de1d7c10-ca67-4339-911c-72e05dca5135
9	mirumee.payments.dummy	f	2025-08-31 18:25:52.2706+00	2025-08-31 18:25:52.352217+00	not-charged	Megan	Brady		965 Herring Points		Fieldsbury		99686	US	AK	megan.brady@example.com	10.137.72.180	dummy_visa	12	2222		1234	{}	8db4e019-a84c-4ff8-b67c-09ccf0e67c72	USD	636.170	0.000	\N	f	card	\N		f	{}	{}	none	48080a0b-d902-472c-8a74-cc80acd74748
18	mirumee.payments.dummy	t	2025-08-31 18:25:55.198279+00	2025-08-31 18:25:55.267547+00	fully-charged	Mark	Wong		72852 Renee Mills Suite 667		Blairborough		89863	US	NV	mark.wong@example.com	175.25.30.43	dummy_visa	12	2222		1234	{}	58192b66-4eb0-4bc2-a2b0-cc0bc1d5087e	USD	466.190	466.190	\N	f	card	\N		f	{}	{}	none	d4829eb3-e0f0-4a09-b478-6f2be0c4c080
15	mirumee.payments.dummy	f	2025-08-31 18:25:54.364259+00	2025-08-31 18:25:54.456449+00	not-charged	Dustin	Gonzalez		8219 Hernandez Lodge Suite 875		Boltonborough		58625	US	ND	dustin.gonzalez@example.com	158.38.138.10	dummy_visa	12	2222		1234	{}	5b300d59-daa3-43b3-968e-c51c7ddfb740	USD	328.930	0.000	\N	f	card	\N		f	{}	{}	none	5651f5d1-b3cf-451b-8f3d-7ec277aae379
12	mirumee.payments.dummy	f	2025-08-31 18:25:53.296142+00	2025-08-31 18:25:53.431995+00	not-charged	Scott	Brown		644 Macias Trail Suite 951		Anthonytown		25727	US	WV	scott.brown@example.com	103.151.114.177	dummy_visa	12	2222		1234	{}	1574b3eb-2e45-4462-a805-7077d2e3b2d0	PLN	1221.130	0.000	\N	f	card	\N		f	{}	{}	none	e3c35377-59f3-4fd7-bf2e-de0b3fde5fb8
17	mirumee.payments.dummy	t	2025-08-31 18:25:54.944439+00	2025-08-31 18:25:55.012521+00	fully-charged	James	Phillips		978 Nelson Brook Apt. 912		Wrightport		99351	US	WA	james.phillips@example.com	177.100.29.193	dummy_visa	12	2222		1234	{}	5a9e3755-e753-4c50-8e84-a9e7e0ec605d	USD	496.870	496.870	\N	f	card	\N		f	{}	{}	none	862e17da-11ed-4e10-bafa-acb1dcb16d3d
13	mirumee.payments.dummy	t	2025-08-31 18:25:53.649439+00	2025-08-31 18:25:53.725301+00	fully-charged	Robert	Garcia		076 Johnson Way		Jenniferland		48145	US	MI	robert.garcia@example.com	56.233.170.186	dummy_visa	12	2222		1234	{}	2daa1416-8916-4fb7-93b7-d1d151043ad2	USD	140.420	140.420	\N	f	card	\N		f	{}	{}	none	52447dff-946d-42fe-a3e2-2e043b40cdde
14	mirumee.payments.dummy	t	2025-08-31 18:25:53.990674+00	2025-08-31 18:25:53.990696+00	not-charged	Heidi	Carson		9294 Short Locks Suite 820		New Michellestad		35146	US	AL	heidi.carson@example.com	96.226.240.180	dummy_visa	12	2222		1234	{}	bdac4221-6941-45d4-a186-89354f38aa31	USD	278.160	0.000	\N	f	card	\N		f	{}	{}	none	46d77c11-5b46-4c1d-8064-e64607ea2f88
16	mirumee.payments.dummy	t	2025-08-31 18:25:54.672528+00	2025-08-31 18:25:54.736805+00	fully-charged	Bradley	Hebert		6246 Caitlin Lodge		Williamburgh		20009	US	DC	bradley.hebert@example.com	209.126.173.219	dummy_visa	12	2222		1234	{}	c841d9d9-c5b9-412f-92f0-35cecb7abb22	PLN	283.830	283.830	\N	f	card	\N		f	{}	{}	none	1b7837ce-659b-4377-9e8a-d58869940d7a
19	mirumee.payments.dummy	t	2025-08-31 18:25:55.523722+00	2025-08-31 18:25:55.602843+00	fully-charged	Dustin	Gonzalez		8219 Hernandez Lodge Suite 875		Boltonborough		58625	US	ND	dustin.gonzalez@example.com	201.96.248.154	dummy_visa	12	2222		1234	{}	1454312f-807f-4218-8311-039b62fe5895	PLN	1358.120	1358.120	\N	f	card	\N		f	{}	{}	none	63bc0645-7e79-43d4-93a8-514fb92138d4
20	mirumee.payments.dummy	f	2025-08-31 18:25:55.847931+00	2025-08-31 18:25:55.956629+00	fully-refunded	Lauren	Hess		243 Murphy Station		Kimberlyhaven		03189	US	NH	lauren.hess@example.com	190.92.198.45	dummy_visa	12	2222		1234	{}	e81b59bc-6d7d-4010-a86a-c084927980bd	PLN	976.840	0.000	\N	f	card	\N		f	{}	{}	none	c7985563-9b10-4524-947e-52880c1fcd87
\.


--
-- Data for Name: payment_transaction; Type: TABLE DATA; Schema: public; Owner: saleor
--

COPY public.payment_transaction (id, created_at, token, kind, is_success, error, currency, amount, gateway_response, payment_id, customer_id, action_required, action_required_data, already_processed, legacy_adyen_plugin_payment_method, legacy_adyen_plugin_result_code) FROM stdin;
1	2025-08-31 18:25:50.351962+00	0d8efc5a-2cc5-4fb8-a5ee-7a2a4fd195fa	auth	t	\N	PLN	1564.470	{}	1	\N	f	{}	t	\N	\N
2	2025-08-31 18:25:50.595139+00	db8396e3-6d05-4d41-8306-0bf06cfc003f	auth	t	\N	PLN	809.390	{}	2	\N	f	{}	t	\N	\N
3	2025-08-31 18:25:50.803767+00	2d6a6de9-5049-47f1-a080-bc87d6e0ab7d	auth	t	\N	USD	85.970	{}	3	\N	f	{}	t	\N	\N
4	2025-08-31 18:25:51.03484+00	9932c3c2-46ab-44fc-b1c4-0d0ad097bc96	auth	t	\N	PLN	645.940	{}	4	\N	f	{}	t	\N	\N
5	2025-08-31 18:25:51.288576+00	d5882fff-449f-4ca7-900f-b345adb733ca	auth	t	\N	PLN	1981.470	{}	5	\N	f	{}	t	\N	\N
6	2025-08-31 18:25:51.49887+00	36c72360-7a28-4984-906e-048d11e57974	auth	t	\N	USD	75.480	{}	6	\N	f	{}	t	\N	\N
7	2025-08-31 18:25:51.70789+00	25b13d7d-9673-4a4c-915f-16c7b6ad74d7	auth	t	\N	USD	136.390	{}	7	\N	f	{}	t	\N	\N
8	2025-08-31 18:25:51.736034+00	25b13d7d-9673-4a4c-915f-16c7b6ad74d7	void	t	\N	USD	136.390	{}	7	\N	f	{}	t	\N	\N
9	2025-08-31 18:25:51.929359+00	02d83a0f-a69e-4738-9aab-5a9aa3c9914b	auth	t	\N	USD	394.550	{}	8	\N	f	{}	t	\N	\N
10	2025-08-31 18:25:51.975123+00	02d83a0f-a69e-4738-9aab-5a9aa3c9914b	capture	t	\N	USD	394.550	{}	8	\N	f	{}	t	\N	\N
11	2025-08-31 18:25:52.297939+00	8db4e019-a84c-4ff8-b67c-09ccf0e67c72	auth	t	\N	USD	636.170	{}	9	\N	f	{}	t	\N	\N
12	2025-08-31 18:25:52.349347+00	8db4e019-a84c-4ff8-b67c-09ccf0e67c72	void	t	\N	USD	636.170	{}	9	\N	f	{}	t	\N	\N
13	2025-08-31 18:25:52.578055+00	6c886cfc-acd8-426a-b502-689383d188a8	auth	t	\N	USD	155.710	{}	10	\N	f	{}	t	\N	\N
14	2025-08-31 18:25:52.620447+00	6c886cfc-acd8-426a-b502-689383d188a8	capture	t	\N	USD	155.710	{}	10	\N	f	{}	t	\N	\N
15	2025-08-31 18:25:52.889827+00	4c4f6671-dcd3-410d-ae0e-1b9bfac3a4da	auth	t	\N	PLN	360.910	{}	11	\N	f	{}	t	\N	\N
16	2025-08-31 18:25:53.348459+00	1574b3eb-2e45-4462-a805-7077d2e3b2d0	auth	t	\N	PLN	1221.130	{}	12	\N	f	{}	t	\N	\N
17	2025-08-31 18:25:53.428579+00	1574b3eb-2e45-4462-a805-7077d2e3b2d0	void	t	\N	PLN	1221.130	{}	12	\N	f	{}	t	\N	\N
18	2025-08-31 18:25:53.679885+00	2daa1416-8916-4fb7-93b7-d1d151043ad2	auth	t	\N	USD	140.420	{}	13	\N	f	{}	t	\N	\N
19	2025-08-31 18:25:53.722573+00	2daa1416-8916-4fb7-93b7-d1d151043ad2	capture	t	\N	USD	140.420	{}	13	\N	f	{}	t	\N	\N
20	2025-08-31 18:25:54.027801+00	bdac4221-6941-45d4-a186-89354f38aa31	auth	t	\N	USD	278.160	{}	14	\N	f	{}	t	\N	\N
21	2025-08-31 18:25:54.412929+00	5b300d59-daa3-43b3-968e-c51c7ddfb740	auth	t	\N	USD	328.930	{}	15	\N	f	{}	t	\N	\N
22	2025-08-31 18:25:54.453673+00	5b300d59-daa3-43b3-968e-c51c7ddfb740	void	t	\N	USD	328.930	{}	15	\N	f	{}	t	\N	\N
23	2025-08-31 18:25:54.700444+00	c841d9d9-c5b9-412f-92f0-35cecb7abb22	auth	t	\N	PLN	283.830	{}	16	\N	f	{}	t	\N	\N
24	2025-08-31 18:25:54.735235+00	c841d9d9-c5b9-412f-92f0-35cecb7abb22	capture	t	\N	PLN	283.830	{}	16	\N	f	{}	t	\N	\N
25	2025-08-31 18:25:54.972703+00	5a9e3755-e753-4c50-8e84-a9e7e0ec605d	auth	t	\N	USD	496.870	{}	17	\N	f	{}	t	\N	\N
26	2025-08-31 18:25:55.010405+00	5a9e3755-e753-4c50-8e84-a9e7e0ec605d	capture	t	\N	USD	496.870	{}	17	\N	f	{}	t	\N	\N
27	2025-08-31 18:25:55.227+00	58192b66-4eb0-4bc2-a2b0-cc0bc1d5087e	auth	t	\N	USD	466.190	{}	18	\N	f	{}	t	\N	\N
28	2025-08-31 18:25:55.265266+00	58192b66-4eb0-4bc2-a2b0-cc0bc1d5087e	capture	t	\N	USD	466.190	{}	18	\N	f	{}	t	\N	\N
29	2025-08-31 18:25:55.553574+00	1454312f-807f-4218-8311-039b62fe5895	auth	t	\N	PLN	1358.120	{}	19	\N	f	{}	t	\N	\N
30	2025-08-31 18:25:55.59895+00	1454312f-807f-4218-8311-039b62fe5895	capture	t	\N	PLN	1358.120	{}	19	\N	f	{}	t	\N	\N
31	2025-08-31 18:25:55.874791+00	e81b59bc-6d7d-4010-a86a-c084927980bd	auth	t	\N	PLN	976.840	{}	20	\N	f	{}	t	\N	\N
32	2025-08-31 18:25:55.913613+00	e81b59bc-6d7d-4010-a86a-c084927980bd	capture	t	\N	PLN	976.840	{}	20	\N	f	{}	t	\N	\N
33	2025-08-31 18:25:55.954456+00	e81b59bc-6d7d-4010-a86a-c084927980bd	refund	t	\N	PLN	976.840	{}	20	\N	f	{}	t	\N	\N
\.


--
-- Data for Name: payment_transactionevent; Type: TABLE DATA; Schema: public; Owner: saleor
--

COPY public.payment_transactionevent (id, created_at, status, transaction_id, amount_value, app_id, app_identifier, currency, external_url, include_in_calculations, message, psp_reference, type, user_id, idempotency_key, related_granted_refund_id) FROM stdin;
\.


--
-- Data for Name: payment_transactionitem; Type: TABLE DATA; Schema: public; Owner: saleor
--

COPY public.payment_transactionitem (id, private_metadata, metadata, created_at, modified_at, status, available_actions, currency, charged_value, authorized_value, refunded_value, checkout_id, order_id, app_id, app_identifier, authorize_pending_value, cancel_pending_value, canceled_value, charge_pending_value, external_url, message, name, psp_reference, refund_pending_value, user_id, token, use_old_id, last_refund_success, idempotency_key) FROM stdin;
\.


--
-- Data for Name: permission_permission; Type: TABLE DATA; Schema: public; Owner: saleor
--

COPY public.permission_permission (id, name, content_type_id, codename) FROM stdin;
1	Can add plugin configuration	1	add_pluginconfiguration
2	Can change plugin configuration	1	change_pluginconfiguration
3	Can delete plugin configuration	1	delete_pluginconfiguration
4	Can view plugin configuration	1	view_pluginconfiguration
5	Manage plugins	1	manage_plugins
6	Can add sale	2	add_sale
7	Can change sale	2	change_sale
8	Can delete sale	2	delete_sale
9	Can view sale	2	view_sale
11	Can add voucher	3	add_voucher
12	Can change voucher	3	change_voucher
13	Can delete voucher	3	delete_voucher
14	Can view voucher	3	view_voucher
15	Can add voucher translation	4	add_vouchertranslation
16	Can change voucher translation	4	change_vouchertranslation
17	Can delete voucher translation	4	delete_vouchertranslation
18	Can view voucher translation	4	view_vouchertranslation
19	Can add sale translation	5	add_saletranslation
20	Can change sale translation	5	change_saletranslation
21	Can delete sale translation	5	delete_saletranslation
22	Can view sale translation	5	view_saletranslation
23	Can add voucher customer	6	add_vouchercustomer
24	Can change voucher customer	6	change_vouchercustomer
25	Can delete voucher customer	6	delete_vouchercustomer
26	Can view voucher customer	6	view_vouchercustomer
27	Can add sale channel listing	7	add_salechannellisting
28	Can change sale channel listing	7	change_salechannellisting
29	Can delete sale channel listing	7	delete_salechannellisting
30	Can view sale channel listing	7	view_salechannellisting
31	Can add voucher channel listing	8	add_voucherchannellisting
32	Can change voucher channel listing	8	change_voucherchannellisting
33	Can delete voucher channel listing	8	delete_voucherchannellisting
34	Can view voucher channel listing	8	view_voucherchannellisting
35	Can add order discount	9	add_orderdiscount
36	Can change order discount	9	change_orderdiscount
37	Can delete order discount	9	delete_orderdiscount
38	Can view order discount	9	view_orderdiscount
39	Can add checkout line discount	10	add_checkoutlinediscount
40	Can change checkout line discount	10	change_checkoutlinediscount
41	Can delete checkout line discount	10	delete_checkoutlinediscount
42	Can view checkout line discount	10	view_checkoutlinediscount
43	Can add promotion	11	add_promotion
44	Can change promotion	11	change_promotion
45	Can delete promotion	11	delete_promotion
46	Can view promotion	11	view_promotion
47	Can add promotion rule	12	add_promotionrule
48	Can change promotion rule	12	change_promotionrule
49	Can delete promotion rule	12	delete_promotionrule
50	Can view promotion rule	12	view_promotionrule
51	Can add order line discount	13	add_orderlinediscount
52	Can change order line discount	13	change_orderlinediscount
53	Can delete order line discount	13	delete_orderlinediscount
54	Can view order line discount	13	view_orderlinediscount
55	Can add promotion translation	14	add_promotiontranslation
56	Can change promotion translation	14	change_promotiontranslation
57	Can delete promotion translation	14	delete_promotiontranslation
58	Can view promotion translation	14	view_promotiontranslation
59	Can add promotion rule translation	15	add_promotionruletranslation
60	Can change promotion rule translation	15	change_promotionruletranslation
61	Can delete promotion rule translation	15	delete_promotionruletranslation
62	Can view promotion rule translation	15	view_promotionruletranslation
63	Can add promotion event	16	add_promotionevent
64	Can change promotion event	16	change_promotionevent
65	Can delete promotion event	16	delete_promotionevent
66	Can view promotion event	16	view_promotionevent
10	Manage promotions and vouchers.	11	manage_discounts
67	Can add content type	17	add_contenttype
68	Can change content type	17	change_contenttype
69	Can delete content type	17	delete_contenttype
70	Can view content type	17	view_contenttype
71	Can add site	18	add_site
72	Can change site	18	change_site
73	Can delete site	18	delete_site
74	Can view site	18	view_site
75	Can add crontab	19	add_crontabschedule
76	Can change crontab	19	change_crontabschedule
77	Can delete crontab	19	delete_crontabschedule
78	Can view crontab	19	view_crontabschedule
79	Can add interval	20	add_intervalschedule
80	Can change interval	20	change_intervalschedule
81	Can delete interval	20	delete_intervalschedule
82	Can view interval	20	view_intervalschedule
83	Can add periodic task	21	add_periodictask
84	Can change periodic task	21	change_periodictask
85	Can delete periodic task	21	delete_periodictask
86	Can view periodic task	21	view_periodictask
87	Can add periodic task track	22	add_periodictasks
88	Can change periodic task track	22	change_periodictasks
89	Can delete periodic task track	22	delete_periodictasks
90	Can view periodic task track	22	view_periodictasks
91	Can add solar event	23	add_solarschedule
92	Can change solar event	23	change_solarschedule
93	Can delete solar event	23	delete_solarschedule
94	Can view solar event	23	view_solarschedule
95	Can add clocked	24	add_clockedschedule
96	Can change clocked	24	change_clockedschedule
97	Can delete clocked	24	delete_clockedschedule
98	Can view clocked	24	view_clockedschedule
99	Can add permission	25	add_permission
100	Can change permission	25	change_permission
101	Can delete permission	25	delete_permission
102	Can view permission	25	view_permission
103	Can add email template	26	add_emailtemplate
104	Can change email template	26	change_emailtemplate
105	Can delete email template	26	delete_emailtemplate
106	Can view email template	26	view_emailtemplate
107	Can add user	27	add_user
108	Can change user	27	change_user
109	Can delete user	27	delete_user
110	Can view user	27	view_user
111	Manage customers.	27	manage_users
112	Manage staff.	27	manage_staff
113	Impersonate user.	27	impersonate_user
114	Can add address	28	add_address
115	Can change address	28	change_address
116	Can delete address	28	delete_address
117	Can view address	28	view_address
118	Can add customer note	29	add_customernote
119	Can change customer note	29	change_customernote
120	Can delete customer note	29	delete_customernote
121	Can view customer note	29	view_customernote
122	Can add customer event	30	add_customerevent
123	Can change customer event	30	change_customerevent
124	Can delete customer event	30	delete_customerevent
125	Can view customer event	30	view_customerevent
126	Can add staff notification recipient	31	add_staffnotificationrecipient
127	Can change staff notification recipient	31	change_staffnotificationrecipient
128	Can delete staff notification recipient	31	delete_staffnotificationrecipient
129	Can view staff notification recipient	31	view_staffnotificationrecipient
130	Can add group	32	add_group
131	Can change group	32	change_group
132	Can delete group	32	delete_group
133	Can view group	32	view_group
134	Can add voucher code	33	add_vouchercode
135	Can change voucher code	33	change_vouchercode
136	Can delete voucher code	33	delete_vouchercode
137	Can view voucher code	33	view_vouchercode
138	Can add checkout discount	34	add_checkoutdiscount
139	Can change checkout discount	34	change_checkoutdiscount
140	Can delete checkout discount	34	delete_checkoutdiscount
141	Can view checkout discount	34	view_checkoutdiscount
142	Can add promotion rule_ variants	35	add_promotionrule_variants
143	Can change promotion rule_ variants	35	change_promotionrule_variants
144	Can delete promotion rule_ variants	35	delete_promotionrule_variants
145	Can view promotion rule_ variants	35	view_promotionrule_variants
146	Can add gift card	36	add_giftcard
147	Can change gift card	36	change_giftcard
148	Can delete gift card	36	delete_giftcard
149	Can view gift card	36	view_giftcard
150	Manage gift cards.	36	manage_gift_card
151	Can add gift card event	37	add_giftcardevent
152	Can change gift card event	37	change_giftcardevent
153	Can delete gift card event	37	delete_giftcardevent
154	Can view gift card event	37	view_giftcardevent
155	Can add gift card tag	38	add_giftcardtag
156	Can change gift card tag	38	change_giftcardtag
157	Can delete gift card tag	38	delete_giftcardtag
158	Can view gift card tag	38	view_giftcardtag
159	Can add category	39	add_category
160	Can change category	39	change_category
161	Can delete category	39	delete_category
162	Can view category	39	view_category
163	Can add product	40	add_product
164	Can change product	40	change_product
165	Can delete product	40	delete_product
166	Can view product	40	view_product
167	Manage products.	40	manage_products
168	Can add product variant	41	add_productvariant
169	Can change product variant	41	change_productvariant
170	Can delete product variant	41	delete_productvariant
171	Can view product variant	41	view_productvariant
172	Can add product type	42	add_producttype
173	Can change product type	42	change_producttype
174	Can delete product type	42	delete_producttype
175	Can view product type	42	view_producttype
176	Manage product types and attributes.	42	manage_product_types_and_attributes
177	Can add collection product	43	add_collectionproduct
178	Can change collection product	43	change_collectionproduct
179	Can delete collection product	43	delete_collectionproduct
180	Can view collection product	43	view_collectionproduct
181	Can add collection	44	add_collection
182	Can change collection	44	change_collection
183	Can delete collection	44	delete_collection
184	Can view collection	44	view_collection
185	Can add category translation	45	add_categorytranslation
186	Can change category translation	45	change_categorytranslation
187	Can delete category translation	45	delete_categorytranslation
188	Can view category translation	45	view_categorytranslation
189	Can add collection translation	46	add_collectiontranslation
190	Can change collection translation	46	change_collectiontranslation
191	Can delete collection translation	46	delete_collectiontranslation
192	Can view collection translation	46	view_collectiontranslation
193	Can add product translation	47	add_producttranslation
194	Can change product translation	47	change_producttranslation
195	Can delete product translation	47	delete_producttranslation
196	Can view product translation	47	view_producttranslation
197	Can add product variant translation	48	add_productvarianttranslation
198	Can change product variant translation	48	change_productvarianttranslation
199	Can delete product variant translation	48	delete_productvarianttranslation
200	Can view product variant translation	48	view_productvarianttranslation
201	Can add digital content	49	add_digitalcontent
202	Can change digital content	49	change_digitalcontent
203	Can delete digital content	49	delete_digitalcontent
204	Can view digital content	49	view_digitalcontent
205	Can add digital content url	50	add_digitalcontenturl
206	Can change digital content url	50	change_digitalcontenturl
207	Can delete digital content url	50	delete_digitalcontenturl
208	Can view digital content url	50	view_digitalcontenturl
209	Can add product variant channel listing	51	add_productvariantchannellisting
210	Can change product variant channel listing	51	change_productvariantchannellisting
211	Can delete product variant channel listing	51	delete_productvariantchannellisting
212	Can view product variant channel listing	51	view_productvariantchannellisting
213	Can add product channel listing	52	add_productchannellisting
214	Can change product channel listing	52	change_productchannellisting
215	Can delete product channel listing	52	delete_productchannellisting
216	Can view product channel listing	52	view_productchannellisting
217	Can add collection channel listing	53	add_collectionchannellisting
218	Can change collection channel listing	53	change_collectionchannellisting
219	Can delete collection channel listing	53	delete_collectionchannellisting
220	Can view collection channel listing	53	view_collectionchannellisting
221	Can add product media	54	add_productmedia
222	Can change product media	54	change_productmedia
223	Can delete product media	54	delete_productmedia
224	Can view product media	54	view_productmedia
225	Can add variant media	55	add_variantmedia
226	Can change variant media	55	change_variantmedia
227	Can delete variant media	55	delete_variantmedia
228	Can view variant media	55	view_variantmedia
229	Can add variant channel listing promotion rule	56	add_variantchannellistingpromotionrule
230	Can change variant channel listing promotion rule	56	change_variantchannellistingpromotionrule
231	Can delete variant channel listing promotion rule	56	delete_variantchannellistingpromotionrule
232	Can view variant channel listing promotion rule	56	view_variantchannellistingpromotionrule
233	Can add assigned variant attribute	57	add_assignedvariantattribute
234	Can change assigned variant attribute	57	change_assignedvariantattribute
235	Can delete assigned variant attribute	57	delete_assignedvariantattribute
236	Can view assigned variant attribute	57	view_assignedvariantattribute
237	Can add attribute	58	add_attribute
238	Can change attribute	58	change_attribute
239	Can delete attribute	58	delete_attribute
240	Can view attribute	58	view_attribute
241	Can add attribute value	59	add_attributevalue
242	Can change attribute value	59	change_attributevalue
243	Can delete attribute value	59	delete_attributevalue
244	Can view attribute value	59	view_attributevalue
245	Can add attribute variant	60	add_attributevariant
246	Can change attribute variant	60	change_attributevariant
247	Can delete attribute variant	60	delete_attributevariant
248	Can view attribute variant	60	view_attributevariant
249	Can add attribute product	61	add_attributeproduct
250	Can change attribute product	61	change_attributeproduct
251	Can delete attribute product	61	delete_attributeproduct
252	Can view attribute product	61	view_attributeproduct
253	Can add attribute page	62	add_attributepage
254	Can change attribute page	62	change_attributepage
255	Can delete attribute page	62	delete_attributepage
256	Can view attribute page	62	view_attributepage
257	Can add attribute value translation	63	add_attributevaluetranslation
258	Can change attribute value translation	63	change_attributevaluetranslation
259	Can delete attribute value translation	63	delete_attributevaluetranslation
260	Can view attribute value translation	63	view_attributevaluetranslation
261	Can add attribute translation	64	add_attributetranslation
262	Can change attribute translation	64	change_attributetranslation
263	Can delete attribute translation	64	delete_attributetranslation
264	Can view attribute translation	64	view_attributetranslation
265	Can add assigned product attribute value	65	add_assignedproductattributevalue
266	Can change assigned product attribute value	65	change_assignedproductattributevalue
267	Can delete assigned product attribute value	65	delete_assignedproductattributevalue
268	Can view assigned product attribute value	65	view_assignedproductattributevalue
269	Can add assigned variant attribute value	66	add_assignedvariantattributevalue
270	Can change assigned variant attribute value	66	change_assignedvariantattributevalue
271	Can delete assigned variant attribute value	66	delete_assignedvariantattributevalue
272	Can view assigned variant attribute value	66	view_assignedvariantattributevalue
273	Can add assigned page attribute value	67	add_assignedpageattributevalue
274	Can change assigned page attribute value	67	change_assignedpageattributevalue
275	Can delete assigned page attribute value	67	delete_assignedpageattributevalue
276	Can view assigned page attribute value	67	view_assignedpageattributevalue
277	Can add channel	68	add_channel
278	Can change channel	68	change_channel
279	Can delete channel	68	delete_channel
280	Can view channel	68	view_channel
281	Manage channels.	68	manage_channels
282	Can add checkout	69	add_checkout
283	Can change checkout	69	change_checkout
284	Can delete checkout	69	delete_checkout
285	Can view checkout	69	view_checkout
286	Manage checkouts	69	manage_checkouts
287	Handle checkouts	69	handle_checkouts
288	Handle taxes	69	handle_taxes
289	Manage taxes	69	manage_taxes
290	Can add checkout line	70	add_checkoutline
291	Can change checkout line	70	change_checkoutline
292	Can delete checkout line	70	delete_checkoutline
293	Can view checkout line	70	view_checkoutline
294	Can add checkout metadata	71	add_checkoutmetadata
295	Can change checkout metadata	71	change_checkoutmetadata
296	Can delete checkout metadata	71	delete_checkoutmetadata
297	Can view checkout metadata	71	view_checkoutmetadata
298	Can add event delivery	72	add_eventdelivery
299	Can change event delivery	72	change_eventdelivery
300	Can delete event delivery	72	delete_eventdelivery
301	Can view event delivery	72	view_eventdelivery
302	Can add event payload	73	add_eventpayload
303	Can change event payload	73	change_eventpayload
304	Can delete event payload	73	delete_eventpayload
305	Can view event payload	73	view_eventpayload
306	Can add event delivery attempt	74	add_eventdeliveryattempt
307	Can change event delivery attempt	74	change_eventdeliveryattempt
308	Can delete event delivery attempt	74	delete_eventdeliveryattempt
309	Can view event delivery attempt	74	view_eventdeliveryattempt
310	Can add export file	75	add_exportfile
311	Can change export file	75	change_exportfile
312	Can delete export file	75	delete_exportfile
313	Can view export file	75	view_exportfile
314	Can add export event	76	add_exportevent
315	Can change export event	76	change_exportevent
316	Can delete export event	76	delete_exportevent
317	Can view export event	76	view_exportevent
318	Can add menu	77	add_menu
319	Can change menu	77	change_menu
320	Can delete menu	77	delete_menu
321	Can view menu	77	view_menu
322	Manage navigation.	77	manage_menus
323	Can add menu item	78	add_menuitem
324	Can change menu item	78	change_menuitem
325	Can delete menu item	78	delete_menuitem
326	Can view menu item	78	view_menuitem
327	Can add menu item translation	79	add_menuitemtranslation
328	Can change menu item translation	79	change_menuitemtranslation
329	Can delete menu item translation	79	delete_menuitemtranslation
330	Can view menu item translation	79	view_menuitemtranslation
331	Can add order	80	add_order
332	Can change order	80	change_order
333	Can delete order	80	delete_order
334	Can view order	80	view_order
335	Manage orders.	80	manage_orders
336	Manage orders import.	80	manage_orders_import
337	Can add order line	81	add_orderline
338	Can change order line	81	change_orderline
339	Can delete order line	81	delete_orderline
340	Can view order line	81	view_orderline
341	Can add fulfillment	82	add_fulfillment
342	Can change fulfillment	82	change_fulfillment
343	Can delete fulfillment	82	delete_fulfillment
344	Can view fulfillment	82	view_fulfillment
345	Can add fulfillment line	83	add_fulfillmentline
346	Can change fulfillment line	83	change_fulfillmentline
347	Can delete fulfillment line	83	delete_fulfillmentline
348	Can view fulfillment line	83	view_fulfillmentline
349	Can add order event	84	add_orderevent
350	Can change order event	84	change_orderevent
351	Can delete order event	84	delete_orderevent
352	Can view order event	84	view_orderevent
353	Can add order granted refund	85	add_ordergrantedrefund
354	Can change order granted refund	85	change_ordergrantedrefund
355	Can delete order granted refund	85	delete_ordergrantedrefund
356	Can view order granted refund	85	view_ordergrantedrefund
357	Can add order granted refund line	86	add_ordergrantedrefundline
358	Can change order granted refund line	86	change_ordergrantedrefundline
359	Can delete order granted refund line	86	delete_ordergrantedrefundline
360	Can view order granted refund line	86	view_ordergrantedrefundline
361	Can add invoice	87	add_invoice
362	Can change invoice	87	change_invoice
363	Can delete invoice	87	delete_invoice
364	Can view invoice	87	view_invoice
365	Can add invoice event	88	add_invoiceevent
366	Can change invoice event	88	change_invoiceevent
367	Can delete invoice event	88	delete_invoiceevent
368	Can view invoice event	88	view_invoiceevent
369	Can add shipping method	89	add_shippingmethod
370	Can change shipping method	89	change_shippingmethod
371	Can delete shipping method	89	delete_shippingmethod
372	Can view shipping method	89	view_shippingmethod
373	Can add shipping method translation	90	add_shippingmethodtranslation
374	Can change shipping method translation	90	change_shippingmethodtranslation
375	Can delete shipping method translation	90	delete_shippingmethodtranslation
376	Can view shipping method translation	90	view_shippingmethodtranslation
377	Can add shipping zone	91	add_shippingzone
378	Can change shipping zone	91	change_shippingzone
379	Can delete shipping zone	91	delete_shippingzone
380	Can view shipping zone	91	view_shippingzone
381	Manage shipping.	91	manage_shipping
382	Can add shipping method channel listing	92	add_shippingmethodchannellisting
383	Can change shipping method channel listing	92	change_shippingmethodchannellisting
384	Can delete shipping method channel listing	92	delete_shippingmethodchannellisting
385	Can view shipping method channel listing	92	view_shippingmethodchannellisting
386	Can add shipping method postal code rule	93	add_shippingmethodpostalcoderule
387	Can change shipping method postal code rule	93	change_shippingmethodpostalcoderule
388	Can delete shipping method postal code rule	93	delete_shippingmethodpostalcoderule
389	Can view shipping method postal code rule	93	view_shippingmethodpostalcoderule
390	Can add site settings	94	add_sitesettings
391	Can change site settings	94	change_sitesettings
392	Can delete site settings	94	delete_sitesettings
393	Can view site settings	94	view_sitesettings
394	Manage settings.	94	manage_settings
395	Manage translations.	94	manage_translations
396	Can add site settings translation	95	add_sitesettingstranslation
397	Can change site settings translation	95	change_sitesettingstranslation
398	Can delete site settings translation	95	delete_sitesettingstranslation
399	Can view site settings translation	95	view_sitesettingstranslation
400	Can add page	96	add_page
401	Can change page	96	change_page
402	Can delete page	96	delete_page
403	Can view page	96	view_page
404	Manage pages.	96	manage_pages
405	Can add page translation	97	add_pagetranslation
406	Can change page translation	97	change_pagetranslation
407	Can delete page translation	97	delete_pagetranslation
408	Can view page translation	97	view_pagetranslation
409	Can add page type	98	add_pagetype
410	Can change page type	98	change_pagetype
411	Can delete page type	98	delete_pagetype
412	Can view page type	98	view_pagetype
413	Manage page types and attributes.	98	manage_page_types_and_attributes
414	Can add transaction	99	add_transaction
415	Can change transaction	99	change_transaction
416	Can delete transaction	99	delete_transaction
417	Can view transaction	99	view_transaction
418	Can add payment	100	add_payment
419	Can change payment	100	change_payment
420	Can delete payment	100	delete_payment
421	Can view payment	100	view_payment
422	Handle payments	100	handle_payments
423	Can add transaction item	101	add_transactionitem
424	Can change transaction item	101	change_transactionitem
425	Can delete transaction item	101	delete_transactionitem
426	Can view transaction item	101	view_transactionitem
427	Can add transaction event	102	add_transactionevent
428	Can change transaction event	102	change_transactionevent
429	Can delete transaction event	102	delete_transactionevent
430	Can view transaction event	102	view_transactionevent
431	Can add tax class	103	add_taxclass
432	Can change tax class	103	change_taxclass
433	Can delete tax class	103	delete_taxclass
434	Can view tax class	103	view_taxclass
435	Can add tax configuration	104	add_taxconfiguration
436	Can change tax configuration	104	change_taxconfiguration
437	Can delete tax configuration	104	delete_taxconfiguration
438	Can view tax configuration	104	view_taxconfiguration
439	Can add tax class country rate	105	add_taxclasscountryrate
440	Can change tax class country rate	105	change_taxclasscountryrate
441	Can delete tax class country rate	105	delete_taxclasscountryrate
442	Can view tax class country rate	105	view_taxclasscountryrate
443	Can add tax configuration per country	106	add_taxconfigurationpercountry
444	Can change tax configuration per country	106	change_taxconfigurationpercountry
445	Can delete tax configuration per country	106	delete_taxconfigurationpercountry
446	Can view tax configuration per country	106	view_taxconfigurationpercountry
447	Can add warehouse	107	add_warehouse
448	Can change warehouse	107	change_warehouse
449	Can delete warehouse	107	delete_warehouse
450	Can view warehouse	107	view_warehouse
451	Can add stock	108	add_stock
452	Can change stock	108	change_stock
453	Can delete stock	108	delete_stock
454	Can view stock	108	view_stock
455	Can add allocation	109	add_allocation
456	Can change allocation	109	change_allocation
457	Can delete allocation	109	delete_allocation
458	Can view allocation	109	view_allocation
459	Can add preorder allocation	110	add_preorderallocation
460	Can change preorder allocation	110	change_preorderallocation
461	Can delete preorder allocation	110	delete_preorderallocation
462	Can view preorder allocation	110	view_preorderallocation
463	Can add reservation	111	add_reservation
464	Can change reservation	111	change_reservation
465	Can delete reservation	111	delete_reservation
466	Can view reservation	111	view_reservation
467	Can add preorder reservation	112	add_preorderreservation
468	Can change preorder reservation	112	change_preorderreservation
469	Can delete preorder reservation	112	delete_preorderreservation
470	Can view preorder reservation	112	view_preorderreservation
471	Can add channel warehouse	113	add_channelwarehouse
472	Can change channel warehouse	113	change_channelwarehouse
473	Can delete channel warehouse	113	delete_channelwarehouse
474	Can view channel warehouse	113	view_channelwarehouse
475	Can add webhook	114	add_webhook
476	Can change webhook	114	change_webhook
477	Can delete webhook	114	delete_webhook
478	Can view webhook	114	view_webhook
479	Can add webhook event	115	add_webhookevent
480	Can change webhook event	115	change_webhookevent
481	Can delete webhook event	115	delete_webhookevent
482	Can view webhook event	115	view_webhookevent
483	Can add app	116	add_app
484	Can change app	116	change_app
485	Can delete app	116	delete_app
486	Can view app	116	view_app
487	Manage apps	116	manage_apps
488	Manage observability	116	manage_observability
489	Can add app token	117	add_apptoken
490	Can change app token	117	change_apptoken
491	Can delete app token	117	delete_apptoken
492	Can view app token	117	view_apptoken
493	Can add app installation	118	add_appinstallation
494	Can change app installation	118	change_appinstallation
495	Can delete app installation	118	delete_appinstallation
496	Can view app installation	118	view_appinstallation
497	Can add app extension	119	add_appextension
498	Can change app extension	119	change_appextension
499	Can delete app extension	119	delete_appextension
500	Can view app extension	119	view_appextension
501	Can add thumbnail	120	add_thumbnail
502	Can change thumbnail	120	change_thumbnail
503	Can delete thumbnail	120	delete_thumbnail
504	Can view thumbnail	120	view_thumbnail
505	Can add custom schedule	121	add_customschedule
506	Can change custom schedule	121	change_customschedule
507	Can delete custom schedule	121	delete_customschedule
508	Can view custom schedule	121	view_customschedule
509	Can add custom periodic task	122	add_customperiodictask
510	Can change custom periodic task	122	change_customperiodictask
511	Can delete custom periodic task	122	delete_customperiodictask
512	Can view custom periodic task	122	view_customperiodictask
\.


--
-- Data for Name: plugins_emailtemplate; Type: TABLE DATA; Schema: public; Owner: saleor
--

COPY public.plugins_emailtemplate (id, name, value, plugin_configuration_id) FROM stdin;
1	account_confirmation	DEFAULT	2
2	account_set_customer_password	DEFAULT	2
3	account_delete	DEFAULT	2
4	account_change_email_confirm	DEFAULT	2
5	account_change_email_request	DEFAULT	2
6	account_password_reset	DEFAULT	2
7	invoice_ready	DEFAULT	2
8	order_confirmation	DEFAULT	2
9	order_confirmed	DEFAULT	2
10	order_fulfillment_confirmation	DEFAULT	2
11	order_fulfillment_update	DEFAULT	2
12	order_payment_confirmation	DEFAULT	2
13	order_canceled	DEFAULT	2
14	order_refund_confirmation	DEFAULT	2
15	send_gift_card	DEFAULT	2
\.


--
-- Data for Name: plugins_pluginconfiguration; Type: TABLE DATA; Schema: public; Owner: saleor
--

COPY public.plugins_pluginconfiguration (id, name, description, active, configuration, identifier, channel_id) FROM stdin;
2			t	[{"name": "account_confirmation_subject", "value": "Account confirmation e-mail"}, {"name": "account_set_customer_password_subject", "value": "Hello from {{ site_name }}!"}, {"name": "account_delete_subject", "value": "Delete your account"}, {"name": "account_change_email_confirm_subject", "value": "Email change e-mail"}, {"name": "account_change_email_request_subject", "value": "Email change e-mail"}, {"name": "account_password_reset_subject", "value": "Password reset e-mail"}, {"name": "invoice_ready_subject", "value": "Invoice"}, {"name": "order_confirmation_subject", "value": "Order #{{ order.number }} details"}, {"name": "order_confirmed_subject", "value": "Order #{{ order.number }} confirmed"}, {"name": "order_fulfillment_confirmation_subject", "value": "Your order {{ order.number }} has been fulfilled"}, {"name": "order_fulfillment_update_subject", "value": "Shipping update for order {{ order.number }}"}, {"name": "order_payment_confirmation_subject", "value": "Order {{ order.number }} payment details"}, {"name": "order_canceled_subject", "value": "Order {{ order.number }} canceled"}, {"name": "order_refund_confirmation_subject", "value": "Order {{ order.number }} refunded"}, {"name": "send_gift_card_subject", "value": "Gift card for {{ site_name }}"}, {"name": "host", "value": "mailpit"}, {"name": "port", "value": 1025}, {"name": "username", "value": null}, {"name": "password", "value": null}, {"name": "sender_name", "value": ""}, {"name": "sender_address", "value": "noreply@example.com"}, {"name": "use_tls", "value": false}, {"name": "use_ssl", "value": false}]	mirumee.notifications.user_email	1
\.


--
-- Data for Name: product_category; Type: TABLE DATA; Schema: public; Owner: saleor
--

COPY public.product_category (id, name, slug, description, lft, rght, tree_id, level, parent_id, background_image, seo_description, seo_title, background_image_alt, metadata, private_metadata, description_plaintext, updated_at) FROM stdin;
1	Default Category	default-category	null	0	0	0	0	\N		\N	\N		{}	{}		2025-08-31 16:47:47.864358+00
25	Accessories	accessories	null	1	8	1	0	\N					{}	{}		2025-08-31 18:25:38.259157+00
26	Audiobooks	audiobooks	null	2	3	1	1	25					{}	{}		2025-08-31 18:25:38.268281+00
27	Apparel	apparel	null	1	28	2	0	\N					{}	{}		2025-08-31 18:25:38.273898+00
28	Sneakers	sneakers	null	2	3	2	1	27					{}	{}		2025-08-31 18:25:38.280546+00
29	Sweatshirts	sweatshirts	null	4	5	2	1	27					{}	{}		2025-08-31 18:25:38.287445+00
33	Headware	headware	null	14	21	2	1	27					{}	{}		2025-08-31 18:25:38.295487+00
35	Beanies	beanies	null	15	16	2	2	33					{}	{}		2025-08-31 18:25:38.302674+00
36	Scarfs	scarfs	null	17	18	2	2	33					{}	{}		2025-08-31 18:25:38.309842+00
37	Sunglasses	sunglasses	null	19	20	2	2	33					{}	{}		2025-08-31 18:25:38.316766+00
38	Shirts	shirts	null	22	27	2	1	27					{}	{}		2025-08-31 18:25:38.323592+00
39	T-shirts	t-shirts	null	23	24	2	2	38					{}	{}		2025-08-31 18:25:38.330461+00
40	Polo shirts	polo-shirts-2	null	25	26	2	2	38					{}	{}		2025-08-31 18:25:38.337694+00
41	Homewares	homewares	{"time": 1652606793760, "blocks": [{"id": "ckre1-oB3I", "data": {"text": "Everything a programmer's comfort requires&nbsp;"}, "type": "paragraph"}], "version": "2.22.2"}	4	5	1	1	25					{}	{}	Everything a programmer's comfort requires&nbsp;	2025-08-31 18:25:38.34481+00
42	Groceries	groceries	null	1	4	3	0	\N					{}	{}		2025-08-31 18:25:38.35027+00
43	Juices	juices	null	2	3	3	1	42					{}	{}		2025-08-31 18:25:38.357167+00
44	Gift cards	gift-cards	null	6	7	1	1	25					{}	{}		2025-08-31 18:25:38.363958+00
45	Car (10CV)	car-10cv	null	1	2	4	0	\N		\N	\N		{}	{}		2025-09-27 15:18:54.329398+00
46	Car (1122CV)	car-11-22cv	null	1	2	5	0	\N		\N	\N		{}	{}		2025-09-27 15:18:54.379964+00
\.


--
-- Data for Name: product_categorytranslation; Type: TABLE DATA; Schema: public; Owner: saleor
--

COPY public.product_categorytranslation (id, seo_title, seo_description, language_code, name, description, category_id, slug) FROM stdin;
\.


--
-- Data for Name: product_collection; Type: TABLE DATA; Schema: public; Owner: saleor
--

COPY public.product_collection (id, name, slug, background_image, seo_description, seo_title, description, background_image_alt, metadata, private_metadata) FROM stdin;
4	Featured Products	featured-products				{"time": 1652704228241, "blocks": [{"id": "vSuHF7x1Ph", "data": {"text": "Team's favourites"}, "type": "paragraph"}], "version": "2.24.3"}		{}	{}
5	Summer Picks	summer-picks				{"time": 1652704367895, "blocks": [{"id": "U2Pv1bCoAr", "data": {"text": "Get ready for the summer"}, "type": "paragraph"}], "version": "2.24.3"}		{}	{}
\.


--
-- Data for Name: product_collectionchannellisting; Type: TABLE DATA; Schema: public; Owner: saleor
--

COPY public.product_collectionchannellisting (id, published_at, is_published, channel_id, collection_id) FROM stdin;
7	2022-05-16 00:00:00+00	t	2	4
8	2022-05-16 00:00:00+00	t	1	4
9	2022-05-16 00:00:00+00	t	2	5
10	2022-05-16 00:00:00+00	t	1	5
\.


--
-- Data for Name: product_collectionproduct; Type: TABLE DATA; Schema: public; Owner: saleor
--

COPY public.product_collectionproduct (id, collection_id, product_id, sort_order) FROM stdin;
9	4	150	\N
10	4	134	\N
11	4	127	\N
12	5	128	\N
13	5	136	\N
14	5	144	\N
15	4	161	\N
17	5	161	\N
\.


--
-- Data for Name: product_collectiontranslation; Type: TABLE DATA; Schema: public; Owner: saleor
--

COPY public.product_collectiontranslation (id, seo_title, seo_description, language_code, name, collection_id, description, slug) FROM stdin;
\.


--
-- Data for Name: product_digitalcontent; Type: TABLE DATA; Schema: public; Owner: saleor
--

COPY public.product_digitalcontent (id, use_default_settings, automatic_fulfillment, content_type, content_file, max_downloads, url_valid_days, product_variant_id, metadata, private_metadata) FROM stdin;
\.


--
-- Data for Name: product_digitalcontenturl; Type: TABLE DATA; Schema: public; Owner: saleor
--

COPY public.product_digitalcontenturl (id, token, created_at, download_num, content_id, line_id) FROM stdin;
\.


--
-- Data for Name: product_product; Type: TABLE DATA; Schema: public; Owner: saleor
--

COPY public.product_product (id, name, description, updated_at, product_type_id, category_id, seo_description, seo_title, weight, metadata, private_metadata, slug, default_variant_id, description_plaintext, rating, search_document, created_at, search_vector, search_index_dirty, tax_class_id, external_reference) FROM stdin;
166	Car Insurance 1122CV	null	2025-09-27 17:37:01.948466+00	25	46	\N	\N	\N	{}	{}	car-insurance-11-22cv	\N		\N		2025-09-27 15:21:38.278369+00	\N	t	\N	\N
128	Blue Plimsolls	{"time": 1653426057314, "blocks": [{"id": "b8HYevCTpU", "data": {"text": "<b>Step into summer with Saleor.</b> Every time your head goes down, you see these beauties, and your mood bounces right back up."}, "type": "paragraph"}], "version": "2.22.2"}	2025-08-31 18:25:40.126693+00	18	28			0	{}	{}	blue-plimsolls	332	Step into summer with Saleor. Every time your head goes down, you see these beauties, and your mood bounces right back up.	0		2025-08-31 18:25:38.702968+00	'40':26A,31B '41':28A,32B '42':30A,33B '818223582':25A '818223583':27A '818223584':29A 'and':18C 'back':23C 'beauties':17C 'blue':1A 'bounces':21C 'down':13C 'every':8C 'goes':12C 'head':11C 'into':4C 'mood':20C 'plimsolls':2A 'right':22C 'saleor':7C 'see':15C 'step':3C 'summer':5C 'these':16C 'time':9C 'up':24C 'with':6C 'you':14C 'your':10C,19C	f	\N	\N
131	Grey Hoodie	null	2025-08-31 18:25:40.851106+00	19	29			0	{}	{}	grey-hoodie	345		0		2025-08-31 18:25:38.802872+00	'cotton':3B 'grey':1A 'hoodie':2A 'uhjvzhvjdfzhcmlhbnq6mzq1':4A	f	\N	\N
132	Blue Hoodie	null	2025-08-31 18:25:40.908772+00	19	29			0	{}	{}	blue-hoodie	346		0		2025-08-31 18:25:38.820491+00	'blue':1A 'hoodie':2A 'polyester':3B 'uhjvzhvjdfzhcmlhbnq6mzq2':4A	f	\N	\N
133	White Hoodie	null	2025-08-31 18:25:40.966618+00	19	29			0	{}	{}	white-hoodie	347		0		2025-08-31 18:25:38.837622+00	'cotton':3B 'hoodie':2A 'uhjvzhvjdfzhcmlhbnq6mzq3':4A 'white':1A	f	\N	\N
165	Car Insurance 10CV	null	2025-09-27 20:32:20.707637+00	25	45	\N	\N	\N	{}	{}	car-insurance-10cv	402		\N		2025-09-27 15:21:38.216207+00	\N	t	\N	\N
138	Dark Polygon Tee	{"time": 1653425300293, "blocks": [{"id": "DBlOMRDzk_", "data": {"text": "<b>Ever have those days where you feel a bit geometric?</b> Can't quite shape yourself up right? Show your different sides with a Saleor styles."}, "type": "paragraph"}], "version": "2.22.2"}	2025-08-31 18:25:41.955616+00	20	39			0	{}	{}	dark-polygon-tee	364	Ever have those days where you feel a bit geometric? Can't quite shape yourself up right? Show your different sides with a Saleor styles.	0		2025-08-31 18:25:38.960683+00	'112223580':30A '112223581':32A '112223582':34A 'a':11C,26C 'bit':12C 'can':14C 'cotton':29B 'dark':1A 'days':7C 'different':23C 'ever':4C 'feel':10C 'geometric':13C 'have':5C 'l':35A,38B 'm':33A,37B 'polygon':2A 'quite':16C 'right':20C 's':31A,36B 'saleor':27C 'shape':17C 'show':21C 'sides':24C 'styles':28C 't':15C 'tee':3A 'those':6C 'up':19C 'where':8C 'with':25C 'you':9C 'your':22C 'yourself':18C	f	\N	\N
145	Battle-tested at brands like Lush	{"time": 1652811542659, "blocks": [{"id": "g2sLxZcLZa", "data": {"text": "Scale <b>effortlessly</b>"}, "type": "paragraph"}], "version": "2.22.2"}	2025-08-31 18:25:42.375974+00	17	26			0	{}	{}	battle-tested-at-brands-like-lush	372	Scale effortlessly	0		2025-08-31 18:25:39.044772+00	'9018223582':10A '9018223583':12A '9018223584':14A 'at':4A 'battle':2A 'battle-tested':1A 'brands':5A 'dvd':11A,16B 'effortlessly':9C 'itunes':13A,17B 'like':6A 'lush':7A 'mp3':15A,18B 'scale':8C 'tested':3A	f	\N	\N
126	Headless + Omnichannel in a pill	{"time": 1652952009724, "blocks": [{"id": "32SKrcyWwb", "data": {"text": "Launch <b>new markets fast</b>"}, "type": "paragraph"}], "version": "2.22.2"}	2025-08-31 18:25:39.646631+00	17	26	Launch new markets fast	Headless + Omnichannel	0	{}	{}	headless-omnichannel-commerce	324	Launch new markets fast	0		2025-08-31 18:25:38.629044+00	'a':4A 'audio':11B 'digital':10B 'fast':9C 'headless':1A,13A 'headless-omnichannel-mp3':12A 'in':3A 'launch':6C 'markets':8C 'mp3':15A,16A,17B 'new':7C 'omnichannel':2A,14A 'pill':5A	f	\N	\N
164	Gift card 50	null	2025-08-31 18:25:44.124643+00	24	44			0	{}	{}	gift-card-50	401		0		2025-08-31 18:25:39.30228+00	'50':3A 'card':2A 'gift':1A 'uhjvzhvjdfzhcmlhbnq6ndax':4A	f	\N	\N
129	Dash Force	{"time": 1653426379418, "blocks": [{"id": "N0VISDl8_2", "data": {"text": "<b>Step into summer with the right balance.</b>&nbsp;Every time your head goes down, you see these beauties, and your mood bounces right back up."}, "type": "paragraph"}], "version": "2.22.2"}	2025-08-31 18:25:40.29516+00	18	28			0	{}	{}	dash-force	335	Step into summer with the right balance.&nbsp;Every time your head goes down, you see these beauties, and your mood bounces right back up.	0		2025-08-31 18:25:38.753042+00	'39':28A,37B '40':30A,38B '41':32A,39B '42':34A,40B '43':36A,41B '618223581':27A '618223582':29A '618223583':31A '618223584':33A '618223585':35A 'and':20C 'back':25C 'balance':9C 'beauties':19C 'bounces':23C 'dash':1A 'down':15C 'every':10C 'force':2A 'goes':14C 'head':13C 'into':4C 'mood':22C 'right':8C,24C 'see':17C 'step':3C 'summer':5C 'the':7C 'these':18C 'time':11C 'up':26C 'with':6C 'you':16C 'your':12C,21C	f	\N	\N
130	Paul's Balance 420	{"time": 1653426379418, "blocks": [{"id": "N0VISDl8_2", "data": {"text": "<b>Step into summer with the right balance.</b>&nbsp;Every time your head goes down, you see these beauties, and your mood bounces right back up."}, "type": "paragraph"}], "version": "2.22.2"}	2025-08-31 18:25:40.573509+00	18	28			0	{}	{}	balance-trail-720	340	Step into summer with the right balance.&nbsp;Every time your head goes down, you see these beauties, and your mood bounces right back up.	0		2025-08-31 18:25:38.777717+00	'118223581':29A '118223582':31A '118223583':33A '118223584':35A '118223585':37A '39':30A,39B '40':32A,40B '41':34A,41B '42':36A,42B '420':4A '45':38A,43B 'and':22C 'back':27C 'balance':3A,11C 'beauties':21C 'bounces':25C 'down':17C 'every':12C 'goes':16C 'head':15C 'into':6C 'mood':24C 'paul':1A 'right':10C,26C 's':2A 'see':19C 'step':5C 'summer':7C 'the':9C 'these':20C 'time':13C 'up':28C 'with':8C 'you':18C 'your':14C,23C	f	\N	\N
134	Monospace Tee	{"time": 1653425587889, "blocks": [{"id": "HVJ8gMNIXY", "data": {"text": "<b>Your t-shirt is your second skin.</b> Its the version of you that you show to the world. Wear the Monospace one that flows with your command line kung-fu moves!&nbsp;"}, "type": "paragraph"}], "version": "2.22.2"}	2025-08-31 18:25:41.022533+00	20	39			0	{}	{}	ascii-tee	348	Your t-shirt is your second skin. Its the version of you that you show to the world. Wear the Monospace one that flows with your command line kung-fu moves!&nbsp;	0		2025-08-31 18:25:38.85482+00	'328223580':38A '328223581':40A '328223582':42A '328223583':44A '328223584':46A 'command':31C 'cotton':37B 'flows':28C 'fu':35C 'is':7C 'it':11C 'kung':34C 'kung-fu':33C 'l':43A,50B 'line':32C 'm':41A,49B 'monospace':1A,25C 'moves':36C 'of':15C 'one':26C 's':12C,39A,48B 'second':9C 'shirt':6C 'show':19C 'skin':10C 't':5C 't-shirt':4C 'tee':2A 'that':17C,27C 'the':13C,21C,24C 'to':20C 'version':14C 'wear':23C 'with':29C 'world':22C 'xl':45A,51B 'xxl':47A,52B 'you':16C,18C 'your':3C,8C,30C	f	\N	\N
135	Team Shirt	{"time": 1653425391562, "blocks": [{"id": "fMdfe0Bfpe", "data": {"text": "<b>One style fits all.</b> Get a look that works even when you are taking it easy. Relaxed wear for the fans."}, "type": "paragraph"}], "version": "2.22.2"}	2025-08-31 18:25:41.304236+00	20	39			0	{}	{}	team-shirt	353	One style fits all. Get a look that works even when you are taking it easy. Relaxed wear for the fans.	0		2025-08-31 18:25:38.881055+00	'128223580':25A '128223581':27A '128223582':29A '128223583':31A '128223584':33A 'a':8C 'all':6C 'are':15C 'easy':18C 'elastane':24B 'even':12C 'fans':23C 'fits':5C 'for':21C 'get':7C 'it':17C 'l':30A,37B 'look':9C 'm':28A,36B 'one':3C 'relaxed':19C 's':26A,35B 'shirt':2A 'style':4C 'taking':16C 'team':1A 'that':10C 'the':22C 'wear':20C 'when':13C 'works':11C 'xl':32A,38B 'xxl':34A,39B 'you':14C	f	\N	\N
136	Darko Polo	{"time": 1653425959030, "blocks": [{"id": "Bw6qwwACo6", "data": {"text": "<b>Ever have those days where you feel a bit geometric?</b>&nbsp;Can't quite shape yourself up right? Show your different sides with a Saleor styles."}, "type": "paragraph"}], "version": "2.22.2"}	2025-08-31 18:25:41.583237+00	20	40			0	{}	{}	darko-polo	358	Ever have those days where you feel a bit geometric?&nbsp;Can't quite shape yourself up right? Show your different sides with a Saleor styles.	0		2025-08-31 18:25:38.9061+00	'111223580':29A '111223581':31A '111223582':33A 'a':10C,25C 'bit':11C 'can':13C 'cotton':28B 'darko':1A 'days':6C 'different':22C 'ever':3C 'feel':9C 'geometric':12C 'have':4C 'm':32A,36B 'polo':2A 'quite':15C 'right':19C 's':30A,35B 'saleor':26C 'shape':16C 'show':20C 'sides':23C 'styles':27C 't':14C 'those':5C 'up':18C 'where':7C 'with':24C 'xxl':34A,37B 'you':8C 'your':21C 'yourself':17C	f	\N	\N
141	Pirate's Beanie	null	2025-08-31 18:25:42.162708+00	21	35			0	{}	{}	pirates-beanie	368		0		2025-08-31 18:25:38.986472+00	'beanie':3A 'cotton':4B 'pirate':1A 's':2A 'uhjvzhvjdfzhcmlhbnq6mzy4':5A	f	\N	\N
143	Neck Warmer	null	2025-08-31 18:25:42.232109+00	21	36			0	{}	{}	tactical-neck-warmer	370		0		2025-08-31 18:25:39.012189+00	'neck':1A 'uhjvzhvjdfzhcmlhbnq6mzcw':4A 'warmer':2A 'wool':3B	f	\N	\N
144	DRY Sunglasses	null	2025-08-31 18:25:42.306024+00	22	37			0	{}	{}	dry-sunglasses	371		0		2025-08-31 18:25:39.029875+00	'dry':1A 'sunglasses':2A 'uhjvzhvjdfzhcmlhbnq6mzcx':3A	f	\N	\N
146	Enterprise Cloud + On-premises	{"time": 1652727780700, "blocks": [{"id": "w3x66nix3o", "data": {"text": "Open Source <b>without the DevOps</b>"}, "type": "paragraph"}], "version": "2.24.3"}	2025-08-31 18:25:42.577084+00	17	26			0	{}	{}	enterprise-cloud-on-premises-tales	375	Open Source without the DevOps	0		2025-08-31 18:25:39.062214+00	'113223582':13A '113223583':15A '113223584':17A '113223585':19A 'cd':20A,24B 'cloud':2A 'devops':10C 'dvd':16A,22B 'enterprise':1A 'itunes':18A,23B 'on':4A 'on-premises':3A 'open':6C 'premises':5A 'publishing':12B 'saleor':11B 'source':7C 'the':9C 'vinyl':14A,21B 'without':8C	f	\N	\N
147	Own your stack and data	{"time": 1652952066167, "blocks": [{"id": "KQt85UC1t1", "data": {"text": "Own your investment, <b>ditch vendor lock-in</b>"}, "type": "paragraph"}], "version": "2.22.2"}	2025-08-31 18:25:42.819478+00	17	26			0	{}	{}	own-your-stack-and-data	379	Own your investment, ditch vendor lock-in	0		2025-08-31 18:25:39.079472+00	'124223581':16A '124223582':18A 'and':4A 'data':5A 'ditch':9C 'in':13C 'investment':8C 'itunes':17A,20B 'lock':12C 'lock-in':11C 'mp3':19A,21B 'own':1A,6C 'publishing':15B 'saleor':14B 'stack':3A 'vendor':10C 'your':2A,7C	f	\N	\N
150	Mighty Mug	{"time": 1653425905079, "blocks": [{"id": "2sjPP8KzGf", "data": {"text": "<b>Tonight, my love, let us take fat brushes</b> and paint the skies with the shades of nebula tides. Best for the darkest, moody shades of the coffee you can brew."}, "type": "paragraph"}], "version": "2.22.2"}	2025-08-31 18:25:42.932141+00	22	41			0	{}	{}	mighty-mug	382	Tonight, my love, let us take fat brushes and paint the skies with the shades of nebula tides. Best for the darkest, moody shades of the coffee you can brew.	0		2025-08-31 18:25:39.095698+00	'and':11C 'best':21C 'brew':32C 'brushes':10C 'can':31C 'coffee':29C 'darkest':24C 'fat':9C 'for':22C 'let':6C 'love':5C 'mighty':1A 'moody':25C 'mug':2A 'my':4C 'nebula':19C 'of':18C,27C 'paint':12C 'shades':17C,26C 'skies':14C 'take':8C 'the':13C,16C,23C,28C 'tides':20C 'tonight':3C 'uhjvzhvjdfzhcmlhbnq6mzgy':33A 'us':7C 'with':15C 'you':30C	f	\N	\N
151	The Dash Cushion	{"time": 1653425717989, "blocks": [{"id": "KL2jdkdLiu", "data": {"text": "Minimalist interiors need simple, sleek soft furnishings. Set your own trends with Saleor designs."}, "type": "paragraph"}], "version": "2.22.2"}	2025-08-31 18:25:42.98978+00	22	41			0	{}	{}	the-dash-cushion	383	Minimalist interiors need simple, sleek soft furnishings. Set your own trends with Saleor designs.	0		2025-08-31 18:25:39.110831+00	'cushion':3A 'dash':2A 'designs':17C 'furnishings':10C 'interiors':5C 'minimalist':4C 'need':6C 'own':13C 'saleor':16C 'set':11C 'simple':7C 'sleek':8C 'soft':9C 'the':1A 'trends':14C 'uhjvzhvjdfzhcmlhbnq6mzgz':18A 'with':15C 'your':12C	f	\N	\N
152	Apple Juice	{"time": 1653425438149, "blocks": [{"id": "rGR983yNVl", "data": {"text": "<b>Fell straight from the tree</b>, on to Newtons head, then into the bottle. The autumn taste of English apples. Brought to you by gravity."}, "type": "paragraph"}], "version": "2.22.2"}	2025-08-31 18:25:43.046441+00	23	43			0	{}	{}	apple-juice	384	Fell straight from the tree, on to Newtons head, then into the bottle. The autumn taste of English apples. Brought to you by gravity.	0		2025-08-31 18:25:39.127608+00	'apple':1A,28B 'apples':22C 'autumn':18C 'bottle':16C 'brought':23C 'by':26C 'english':21C 'fell':3C 'from':5C 'gravity':27C 'head':12C 'into':14C 'juice':2A 'newton':10C 'of':20C 'on':8C 's':11C 'straight':4C 'taste':19C 'the':6C,15C,17C 'then':13C 'to':9C,24C 'tree':7C 'uhjvzhvjdfzhcmlhbnq6mzg0':29A 'you':25C	f	\N	\N
153	Bean Juice	{"time": 1653425488999, "blocks": [{"id": "QHFEWEGvaq", "data": {"text": "<b>Bean there, drunk that!</b> The energy drink for the health-conscious. Brand new bean juice; from allotment to bottle in under 8 hours."}, "type": "paragraph"}], "version": "2.22.2"}	2025-08-31 18:25:43.130165+00	23	43			0	{}	{}	bean-juice	385	Bean there, drunk that! The energy drink for the health-conscious. Brand new bean juice; from allotment to bottle in under 8 hours.	0		2025-08-31 18:25:39.142912+00	'8':25C 'allotment':20C 'bean':1A,3C,17C,27B 'bottle':22C 'brand':15C 'conscious':14C 'drink':9C 'drunk':5C 'energy':8C 'for':10C 'from':19C 'health':13C 'health-conscious':12C 'hours':26C 'in':23C 'juice':2A,18C 'new':16C 'that':6C 'the':7C,11C 'there':4C 'to':21C 'uhjvzhvjdfzhcmlhbnq6mzg1':28A 'under':24C	f	\N	\N
127	White Plimsolls	{"time": 1653425999878, "blocks": [{"id": "zUV4oz05zN", "data": {"text": "<b>PE at school wouldnt have been such a drag</b> with these on your feet. Slip on the style and stride tall with Saleor branded plimsolls. PE now stands for pretty elegant."}, "type": "paragraph"}], "version": "2.22.2"}	2025-08-31 18:25:39.719236+00	18	28	PE at school wouldnt have been such a drag with these on your feet. Slip on the style and stride tall with Saleor branded plimsolls. PE now stands for pretty elegant shoes.	White Plimsolls	0	{}	{}	white-plimsolls	325	PE at school wouldnt have been such a drag with these on your feet. Slip on the style and stride tall with Saleor branded plimsolls. PE now stands for pretty elegant.	0		2025-08-31 18:25:38.657731+00	'39':36A,49B '40':38A,50B '41':40A,51B '42':42A,52B '43':44A,53B '44':46A,54B '45':48A,55B '918223582':35A '918223583':37A '918223584':39A '918223585':41A '918223586':43A '918223587':45A '918223588':47A 'a':11C 'and':22C 'at':4C 'been':9C 'branded':27C 'drag':12C 'elegant':34C 'feet':17C 'for':32C 'have':8C 'now':30C 'on':15C,19C 'pe':3C,29C 'plimsolls':2A,28C 'pretty':33C 'saleor':26C 'school':5C 'slip':18C 'stands':31C 'stride':23C 'style':21C 'such':10C 't':7C 'tall':24C 'the':20C 'these':14C 'white':1A 'with':13C,25C 'wouldn':6C 'your':16C	f	\N	\N
155	Carrot Juice	{"time": 1652790989820, "blocks": [{"id": "VWVrSI_Cza", "data": {"text": "Improve your eyesight the natural way with <b>100% pure, squeezed carrot juice</b>. The sweet, orange nectar of <i>Mother Earth</i>."}, "type": "paragraph"}], "version": "2.22.2"}	2025-08-31 18:25:43.344856+00	23	43			0	{}	{}	carrot-juice	387	Improve your eyesight the natural way with 100% pure, squeezed carrot juice. The sweet, orange nectar of Mother Earth.	0		2025-08-31 18:25:39.172309+00	'100':10C 'carrot':1A,13C,22B 'earth':21C 'eyesight':5C 'improve':3C 'juice':2A,14C 'mother':20C 'natural':7C 'nectar':18C 'of':19C 'orange':17C 'pure':11C 'squeezed':12C 'sweet':16C 'the':6C,15C 'uhjvzhvjdfzhcmlhbnq6mzg3':23A 'way':8C 'with':9C 'your':4C	f	\N	\N
156	Monokai Dimmed Sunnies	null	2025-08-31 18:25:43.446091+00	22	37			0	{}	{}	monokai-dimmed-sunnies	388		0		2025-08-31 18:25:39.186704+00	'dimmed':2A 'monokai':1A 'sunnies':3A 'uhjvzhvjdfzhcmlhbnq6mzg4':4A	f	\N	\N
157	Reversed Monotype Tee	{"time": 1653425264795, "blocks": [{"id": "CMRIgvbpUG", "data": {"text": "Wondering if this will look as good on you as it does on the screen? The answer is yes. A quality Monospace Tee variant art with smart styling."}, "type": "paragraph"}], "version": "2.22.2"}	2025-08-31 18:25:43.531842+00	20	39			0	{}	{}	reversed-monotype-tee	389	Wondering if this will look as good on you as it does on the screen? The answer is yes. A quality Monospace Tee variant art with smart styling.	0		2025-08-31 18:25:39.20322+00	'9182235820':32A '9182235821':34A 'a':23C 'answer':20C 'art':28C 'as':9C,13C 'does':15C 'good':10C 'if':5C 'is':21C 'it':14C 'look':8C 'monospace':25C 'monotype':2A 'on':11C,16C 'quality':24C 'reversed':1A 'screen':18C 'smart':30C 'styling':31C 'tee':3A,26C 'the':17C,19C 'this':6C 'variant':27C 'will':7C 'with':29C 'wondering':4C 'xl':33A,36B 'xxl':35A,37B 'yes':22C 'you':12C	f	\N	\N
160	Gift card 100	{"time": 1652788779629, "blocks": [{"id": "x5bGwCbYOX", "data": {"text": "Gift card to use in the shop."}, "type": "paragraph"}], "version": "2.24.3"}	2025-08-31 18:25:43.652476+00	24	44			0	{}	{}	gift-card	393	Gift card to use in the shop.	0		2025-08-31 18:25:39.22961+00	'100':3A 'card':2A,5C 'gift':1A,4C 'in':8C 'shop':10C 'the':9C 'to':6C 'uhjvzhvjdfzhcmlhbnq6mzkz':11A 'use':7C	f	\N	\N
161	Cubes Fountain Tee	{"time": 1653424009054, "blocks": [{"id": "0n5N0DE7BU", "data": {"text": "<b>There is life in outer space.</b> This vibrant light speed cubes brings life to any surface. Goes on easy and dries at light speed."}, "type": "paragraph"}], "version": "2.22.2"}	2025-08-31 18:25:43.712398+00	20	39			0	{}	{}	cubes-fountain-tee	394	There is life in outer space. This vibrant light speed cubes brings life to any surface. Goes on easy and dries at light speed.	0		2025-08-31 18:25:39.246732+00	'49182235820':29A '49182235821':31A '49182235822':33A '49182235823':35A '49182235824':37A 'and':23C 'any':18C 'at':25C 'brings':15C 'cotton':28B 'cubes':1A,14C 'dries':24C 'easy':22C 'fountain':2A 'goes':20C 'in':7C 'is':5C 'l':34A,41B 'life':6C,16C 'light':12C,26C 'm':32A,40B 'on':21C 'outer':8C 's':30A,39B 'space':9C 'speed':13C,27C 'surface':19C 'tee':3A 'there':4C 'this':10C 'to':17C 'vibrant':11C 'xl':36A,42B 'xxl':38A,43B	f	\N	\N
162	White Parrot Cushion	{"time": 1652875592737, "blocks": [{"id": "46o78ZqlJ8", "data": {"text": "Minimalist interiors need simple, sleek soft furnishings. Dont parrot what others do, set your own monochrome trends with Saleor designs."}, "type": "paragraph"}], "version": "2.22.2"}	2025-08-31 18:25:44.000684+00	22	41			0	{}	{}	white-parrot-cusion	399	Minimalist interiors need simple, sleek soft furnishings. Dont parrot what others do, set your own monochrome trends with Saleor designs.	0		2025-08-31 18:25:39.271497+00	'cushion':3A 'designs':24C 'do':16C 'don':11C 'furnishings':10C 'interiors':5C 'minimalist':4C 'monochrome':20C 'need':6C 'others':15C 'own':19C 'parrot':2A,13C 'saleor':23C 'set':17C 'simple':7C 'sleek':8C 'soft':9C 't':12C 'trends':21C 'uhjvzhvjdfzhcmlhbnq6mzk5':25A 'what':14C 'white':1A 'with':22C 'your':18C	f	\N	\N
163	Gift card 500	null	2025-08-31 18:25:44.064977+00	24	44			0	{}	{}	gift-card-500	400		0		2025-08-31 18:25:39.285062+00	'500':3A 'card':2A 'gift':1A 'uhjvzhvjdfzhcmlhbnq6ndaw':4A	f	\N	\N
137	Blue Polygon Shirt	{"time": 1653425319677, "blocks": [{"id": "sMEIn2NR8s", "data": {"text": "<b>Ever have those days where you feel a bit geometric?</b> Can't quite shape yourself up right? Show your different sides with a Saleor styles."}, "type": "paragraph"}], "version": "2.22.2"}	2025-08-31 18:25:41.748412+00	20	39			0	{}	{}	blue-polygon-shirt	361	Ever have those days where you feel a bit geometric? Can't quite shape yourself up right? Show your different sides with a Saleor styles.	0		2025-08-31 18:25:38.933899+00	'218223580':30A '218223581':32A '218223582':34A 'a':11C,26C 'bit':12C 'blue':1A 'can':14C 'cotton':29B 'days':7C 'different':23C 'ever':4C 'feel':10C 'geometric':13C 'have':5C 'l':33A,37B 'm':31A,36B 'polygon':2A 'quite':16C 'right':20C 'saleor':27C 'shape':17C 'shirt':3A 'show':21C 'sides':24C 'styles':28C 't':15C 'those':6C 'up':19C 'where':8C 'with':25C 'xl':35A,38B 'you':9C 'your':22C 'yourself':18C	f	\N	\N
154	Banana Juice	{"time": 1653425465674, "blocks": [{"id": "94R0GvrOck", "data": {"text": "<b>Build your protein the natural way</b>, with exotic banana juice made from ripe fruit and packed with all the goodness of the tropical sun."}, "type": "paragraph"}], "version": "2.22.2"}	2025-08-31 18:25:43.22983+00	23	43			0	{}	{}	banana-juice	386	Build your protein the natural way, with exotic banana juice made from ripe fruit and packed with all the goodness of the tropical sun.	0		2025-08-31 18:25:39.157654+00	'all':20C 'and':17C 'banana':1A,11C,27B 'build':3C 'exotic':10C 'from':14C 'fruit':16C 'goodness':22C 'juice':2A,12C 'made':13C 'natural':7C 'of':23C 'packed':18C 'protein':5C 'ripe':15C 'sun':26C 'the':6C,21C,24C 'tropical':25C 'uhjvzhvjdfzhcmlhbnq6mzg2':28A 'way':8C 'with':9C,19C 'your':4C	f	\N	\N
\.


--
-- Data for Name: product_productchannellisting; Type: TABLE DATA; Schema: public; Owner: saleor
--

COPY public.product_productchannellisting (id, published_at, is_published, channel_id, product_id, discounted_price_amount, currency, visible_in_listings, available_for_purchase_at, discounted_price_dirty) FROM stdin;
74	2022-05-13 00:00:00+00	t	2	126	36.000	PLN	f	2022-05-12 22:28:54.347+00	f
75	2022-05-13 00:00:00+00	t	1	126	9.000	USD	t	2022-05-12 00:00:00+00	f
76	2022-05-13 00:00:00+00	t	2	127	240.000	PLN	t	2022-05-13 00:00:00+00	f
77	2022-05-13 00:00:00+00	t	1	127	80.000	USD	t	2022-05-13 00:00:00+00	f
78	2022-05-13 00:00:00+00	t	2	128	207.000	PLN	t	2022-05-13 20:39:54.804+00	f
79	2022-05-13 00:00:00+00	t	1	128	67.500	USD	t	2022-05-13 20:39:54.813+00	f
80	2022-05-13 00:00:00+00	t	2	129	420.000	PLN	t	2022-05-13 20:47:19.212+00	f
81	2022-05-13 00:00:00+00	t	1	129	90.000	USD	t	2022-05-13 20:47:19.242+00	f
84	2022-05-13 00:00:00+00	t	2	131	100.000	PLN	t	2022-05-13 21:10:34.318+00	f
85	2022-05-13 00:00:00+00	t	1	131	30.000	USD	t	2022-05-13 21:10:34.327+00	f
86	2022-05-13 00:00:00+00	t	2	132	120.000	PLN	t	2022-05-16 16:40:43.4+00	f
87	2022-05-13 00:00:00+00	t	1	132	35.000	USD	t	2022-05-16 16:40:43.412+00	f
88	2022-05-13 00:00:00+00	t	2	133	120.000	PLN	t	2022-05-13 21:14:28.706+00	f
89	2022-05-13 00:00:00+00	t	1	133	35.000	USD	t	2022-05-13 21:14:28.718+00	f
92	2022-05-13 00:00:00+00	t	2	135	200.000	PLN	t	2022-05-13 21:31:26.409+00	f
93	2022-05-13 00:00:00+00	t	1	135	40.000	USD	t	2022-05-13 21:31:26.426+00	f
94	2022-05-13 00:00:00+00	t	2	136	150.000	PLN	t	2022-05-13 21:39:11.647+00	f
95	2022-05-13 00:00:00+00	t	1	136	45.000	USD	t	2022-05-13 21:39:11.656+00	f
96	2022-05-13 00:00:00+00	t	2	137	135.000	PLN	t	2022-05-13 21:42:58.688+00	f
97	2022-05-13 00:00:00+00	t	1	137	40.500	USD	t	2022-05-13 21:42:58.694+00	f
104	2022-05-14 00:00:00+00	t	2	141	45.000	PLN	t	2022-05-14 21:33:36.864+00	f
105	2022-05-14 00:00:00+00	t	1	141	9.000	USD	t	2022-05-14 21:33:36.876+00	f
108	2022-05-14 00:00:00+00	t	2	143	81.000	PLN	t	2022-05-14 21:33:04.609+00	f
109	2022-05-14 00:00:00+00	t	1	143	18.000	USD	t	2022-05-14 21:33:04.615+00	f
110	2022-05-14 00:00:00+00	t	2	144	60.000	PLN	t	2022-05-14 21:25:09.403+00	f
111	2022-05-14 00:00:00+00	t	1	144	15.000	USD	t	2022-05-14 21:25:09.408+00	f
114	2022-05-15 00:00:00+00	t	2	146	29.990	PLN	t	2022-05-15 09:07:27.049+00	f
115	2022-05-15 00:00:00+00	t	1	146	8.990	USD	t	2022-05-18 12:09:56.745+00	f
120	2022-05-15 00:00:00+00	t	2	150	29.990	PLN	t	2022-05-15 09:28:13.277+00	f
121	2022-05-15 00:00:00+00	t	1	150	11.990	USD	t	2022-05-15 09:28:13.293+00	f
124	2022-05-16 00:00:00+00	t	2	152	5.990	PLN	t	2022-05-18 12:21:41.061+00	f
125	2022-05-16 00:00:00+00	t	1	152	1.990	USD	t	2022-05-18 12:21:41.066+00	f
126	2022-05-16 00:00:00+00	t	2	153	5.990	PLN	t	2022-05-16 16:25:11.675+00	f
127	2022-05-16 00:00:00+00	t	1	153	1.990	USD	t	2022-05-16 16:25:11.691+00	f
128	2022-05-16 00:00:00+00	t	2	154	5.990	PLN	t	2022-05-16 16:27:16.884+00	f
129	2022-05-16 00:00:00+00	t	1	154	1.990	USD	t	2022-05-16 16:27:16.897+00	f
130	2022-05-16 00:00:00+00	t	2	155	5.990	PLN	t	2022-05-17 12:36:31.769+00	f
131	2022-05-16 00:00:00+00	t	1	155	1.990	USD	t	2022-05-17 12:36:31.775+00	f
134	2022-05-17 00:00:00+00	t	2	157	120.000	PLN	t	2022-05-17 11:50:42.404+00	f
135	2022-05-17 00:00:00+00	t	1	157	25.000	USD	t	2022-05-17 11:50:42.416+00	f
136	2022-05-17 00:00:00+00	t	2	160	450.000	PLN	t	2022-05-18 19:30:32.863+00	f
137	2022-05-17 00:00:00+00	t	1	160	100.000	USD	t	2022-05-18 19:30:32.87+00	f
138	2022-05-17 00:00:00+00	t	2	161	130.000	PLN	t	2022-05-17 12:04:24.093+00	f
139	2022-05-17 00:00:00+00	t	1	161	30.000	USD	t	2022-05-17 12:04:24.101+00	f
140	2022-05-18 00:00:00+00	t	2	162	230.000	PLN	t	2022-05-18 12:07:50.177+00	f
141	2022-05-18 00:00:00+00	t	1	162	50.000	USD	t	2022-05-18 12:07:50.182+00	f
142	2022-05-18 00:00:00+00	t	2	163	2300.000	PLN	t	2022-05-18 19:29:47.375+00	f
143	2022-05-18 00:00:00+00	t	1	163	500.000	USD	t	2022-05-18 19:29:47.387+00	f
144	2022-05-18 00:00:00+00	t	2	164	230.000	PLN	t	2022-05-18 19:31:14.637+00	f
145	2022-05-18 00:00:00+00	t	1	164	50.000	USD	t	2022-05-18 19:31:14.662+00	f
82	2022-05-13 00:00:00+00	t	2	130	146.970	PLN	t	2022-05-13 20:58:06.889+00	f
83	2022-05-13 00:00:00+00	t	1	130	35.000	USD	t	2022-05-13 20:58:06.895+00	f
90	2022-05-13 00:00:00+00	t	2	134	54.000	PLN	t	2022-05-13 21:22:42.287+00	f
91	2022-05-13 00:00:00+00	t	1	134	12.000	USD	t	2022-05-13 21:22:42.298+00	f
98	2022-05-13 00:00:00+00	t	2	138	120.000	PLN	t	2022-05-13 21:45:11.183+00	f
99	2022-05-13 00:00:00+00	t	1	138	36.000	USD	t	2022-05-13 21:45:11.191+00	f
112	2022-05-14 00:00:00+00	t	2	145	27.000	PLN	f	2022-05-14 21:56:09.039+00	f
113	2022-05-14 00:00:00+00	t	1	145	6.000	USD	t	2022-05-14 21:56:09.046+00	f
116	2022-05-15 00:00:00+00	t	2	147	5.990	PLN	t	2022-05-15 09:21:45.107+00	f
117	2022-05-15 00:00:00+00	t	1	147	1.200	USD	t	2022-05-15 09:21:45.111+00	f
122	2022-05-15 00:00:00+00	t	2	151	42.000	PLN	t	2022-05-16 16:38:36.08+00	f
123	2022-05-15 00:00:00+00	t	1	151	10.800	USD	t	2022-05-16 16:38:36.086+00	f
132	2022-05-17 00:00:00+00	t	2	156	63.000	PLN	t	2022-05-17 11:44:17.092+00	f
133	2022-05-17 00:00:00+00	t	1	156	11.900	USD	t	2022-05-17 11:44:17.105+00	f
147	2025-09-27 15:22:41.18066+00	t	1	166	\N	USD	t	\N	t
148	2025-09-27 20:06:04.818461+00	t	3	165	\N	EUR	t	2025-09-27 20:06:04.821379+00	t
\.


--
-- Data for Name: product_productmedia; Type: TABLE DATA; Schema: public; Owner: saleor
--

COPY public.product_productmedia (id, sort_order, image, alt, type, external_url, oembed_data, product_id, to_remove, metadata, private_metadata) FROM stdin;
1	0	products/saleor-headless-omnichannel-book.png		IMAGE	\N	{}	126	f	{}	{}
2	0	products/saleor-white-plimsolls-1.png		IMAGE	\N	{}	127	f	{}	{}
3	1	products/saleor-white-plimsolls-2.png		IMAGE	\N	{}	127	f	{}	{}
4	2	products/saleor-white-plimsolls-3.png		IMAGE	\N	{}	127	f	{}	{}
5	3	products/saleor-white-plimsolls-4.png		IMAGE	\N	{}	127	f	{}	{}
6	0	products/saleor-blue-plimsolls-1.png		IMAGE	\N	{}	128	f	{}	{}
7	1	products/saleor-blue-plimsolls-2.png		IMAGE	\N	{}	128	f	{}	{}
8	2	products/saleor-blue-plimsolls-3.png		IMAGE	\N	{}	128	f	{}	{}
9	3	products/saleor-blue-plimsolls-4.png		IMAGE	\N	{}	128	f	{}	{}
10	0	products/saleor-dash-force-1.png		IMAGE	\N	{}	129	f	{}	{}
11	1	products/saleor-dash-force-2.png		IMAGE	\N	{}	129	f	{}	{}
12	0	products/saleor-pauls-blanace-420-1.png		IMAGE	\N	{}	130	f	{}	{}
13	1	products/saleor-pauls-blanace-420-2.png		IMAGE	\N	{}	130	f	{}	{}
14	0	products/saleor-grey-hoodie.png		IMAGE	\N	{}	131	f	{}	{}
15	0	products/saleor-blue-hoodie.png		IMAGE	\N	{}	132	f	{}	{}
16	0	products/saleor-white-hoodie.png		IMAGE	\N	{}	133	f	{}	{}
17	0	products/saleor-ascii-shirt-front.png		IMAGE	\N	{}	134	f	{}	{}
18	1	products/saleor-ascii-shirt-back.png		IMAGE	\N	{}	134	f	{}	{}
19	0	products/saleor-team-tee-front.png		IMAGE	\N	{}	135	f	{}	{}
20	1	products/saleor-team-tee-front_NpTjW3Y.png		IMAGE	\N	{}	135	f	{}	{}
21	0	products/saleor-polo-shirt-front.png		IMAGE	\N	{}	136	f	{}	{}
22	1	products/saleor-polo-shirt-back.png		IMAGE	\N	{}	136	f	{}	{}
23	0	products/saleor-blue-polygon-tee-front.png		IMAGE	\N	{}	137	f	{}	{}
24	1	products/saleor-blue-polygon-tee-back.png		IMAGE	\N	{}	137	f	{}	{}
25	0	products/saleor-dark-polygon-tee-front.png		IMAGE	\N	{}	138	f	{}	{}
26	1	products/saleor-dark-polygon-tee-back.png		IMAGE	\N	{}	138	f	{}	{}
27	0	products/saleor-beanie-1.png		IMAGE	\N	{}	141	f	{}	{}
28	1	products/saleor-beanie-2.png		IMAGE	\N	{}	141	f	{}	{}
29	0	products/saleor-neck-warmer.png		IMAGE	\N	{}	143	f	{}	{}
30	0	products/saleor-sunnies.png		IMAGE	\N	{}	144	f	{}	{}
31	0	products/saleor-battle-tested-book.png		IMAGE	\N	{}	145	f	{}	{}
32	0	products/saleor-enterprise-cloud-book.png		IMAGE	\N	{}	146	f	{}	{}
33	0	products/saleor-own-your-stack-and-data-book.png		IMAGE	\N	{}	147	f	{}	{}
34	0	products/saleor-mighty-mug.png		IMAGE	\N	{}	150	f	{}	{}
35	0	products/saleor-cushion-blue.png		IMAGE	\N	{}	151	f	{}	{}
36	0	products/saleor-apple-drink.png		IMAGE	\N	{}	152	f	{}	{}
37	0	products/saleor-bean-drink.png		IMAGE	\N	{}	153	f	{}	{}
38	0	products/saleor-banana-drink.png		IMAGE	\N	{}	154	f	{}	{}
39	0	products/saleor-carrot-drink.png		IMAGE	\N	{}	155	f	{}	{}
40	0	products/saleor-sunnies-dark.png		IMAGE	\N	{}	156	f	{}	{}
41	0	products/saleor-monospace-white-tee-front.png		IMAGE	\N	{}	157	f	{}	{}
42	1	products/saleor-monospace-white-tee-back.png		IMAGE	\N	{}	157	f	{}	{}
43	0	products/saleor-gift-100.png		IMAGE	\N	{}	160	f	{}	{}
44	0	products/saleor-white-cubes-tee-front.png		IMAGE	\N	{}	161	f	{}	{}
45	1	products/saleor-white-cubes-tee-back.png		IMAGE	\N	{}	161	f	{}	{}
46	0	products/saleor-white-parrot-cushion.png		IMAGE	\N	{}	162	f	{}	{}
47	0	products/saleor-gift-500.png		IMAGE	\N	{}	163	f	{}	{}
48	0	products/saleor-gift-50.png		IMAGE	\N	{}	164	f	{}	{}
49	0	products/logo_car-removebg-preview_b005ab49.png		IMAGE	\N	{}	165	f	{}	{}
50	0	products/logo_car-removebg-preview_e2cbdf0f.png		IMAGE	\N	{}	166	f	{}	{}
\.


--
-- Data for Name: product_producttranslation; Type: TABLE DATA; Schema: public; Owner: saleor
--

COPY public.product_producttranslation (id, seo_title, seo_description, language_code, name, description, product_id, slug) FROM stdin;
\.


--
-- Data for Name: product_producttype; Type: TABLE DATA; Schema: public; Owner: saleor
--

COPY public.product_producttype (id, name, has_variants, is_shipping_required, weight, is_digital, metadata, private_metadata, slug, kind, tax_class_id) FROM stdin;
1	Default Type	f	t	0	f	{}	{}	default-type	normal	\N
17	Audiobook	t	f	0	f	{}	{}	audiobook	normal	\N
18	Shoe	t	t	1000	f	{}	{}	shoe	normal	\N
19	Sweatshirt	f	t	1000	f	{}	{}	sweatshirt	normal	\N
20	Top	t	t	1000	f	{}	{}	shirt	normal	\N
21	Beanies & Scarfs	f	t	1000	f	{}	{}	beanie	normal	\N
22	Simple	f	f	0	f	{}	{}	simple	normal	\N
23	Juice	f	t	100	f	{}	{}	juice	normal	\N
24	Simple Gift Card	f	f	0	f	{}	{}	gift-card	gift_card	\N
25	Insurance	t	f	0	f	{}	{}	insurance	normal	\N
\.


--
-- Data for Name: product_productvariant; Type: TABLE DATA; Schema: public; Owner: saleor
--

COPY public.product_productvariant (id, sku, name, product_id, track_inventory, weight, metadata, private_metadata, sort_order, is_preorder, preorder_end_date, preorder_global_threshold, quantity_limit_per_customer, created_at, updated_at, external_reference) FROM stdin;
324	headless-omnichannel-mp3	MP3	126	t	0	{}	{}	0	f	\N	\N	\N	2025-08-31 18:25:39.638746+00	2025-08-31 18:25:39.638774+00	\N
325	918223582	39	127	t	0	{}	{}	0	f	\N	\N	\N	2025-08-31 18:25:39.712968+00	2025-08-31 18:25:39.712983+00	\N
326	918223583	40	127	t	1000	{}	{}	1	f	\N	\N	\N	2025-08-31 18:25:39.773758+00	2025-08-31 18:25:39.773773+00	\N
327	918223584	41	127	t	0	{}	{}	2	f	\N	\N	\N	2025-08-31 18:25:39.828771+00	2025-08-31 18:25:39.828786+00	\N
328	918223585	42	127	t	0	{}	{}	3	f	\N	\N	\N	2025-08-31 18:25:39.884942+00	2025-08-31 18:25:39.884956+00	\N
329	918223586	43	127	t	0	{}	{}	4	f	\N	\N	\N	2025-08-31 18:25:39.940596+00	2025-08-31 18:25:39.94061+00	\N
330	918223587	44	127	t	0	{}	{}	5	f	\N	\N	\N	2025-08-31 18:25:39.997018+00	2025-08-31 18:25:39.997034+00	\N
331	918223588	45	127	t	0	{}	{}	6	f	\N	\N	\N	2025-08-31 18:25:40.065999+00	2025-08-31 18:25:40.066014+00	\N
332	818223583	41	128	t	0	{}	{}	1	f	\N	\N	\N	2025-08-31 18:25:40.121401+00	2025-08-31 18:25:40.121415+00	\N
333	818223582	40	128	t	0	{}	{}	0	f	\N	\N	\N	2025-08-31 18:25:40.180584+00	2025-08-31 18:25:40.180599+00	\N
334	818223584	42	128	t	0	{}	{}	2	f	\N	\N	\N	2025-08-31 18:25:40.235399+00	2025-08-31 18:25:40.235414+00	\N
335	618223581	39	129	t	0	{}	{}	0	f	\N	\N	\N	2025-08-31 18:25:40.290207+00	2025-08-31 18:25:40.290222+00	\N
336	618223582	40	129	t	0	{}	{}	1	f	\N	\N	\N	2025-08-31 18:25:40.349264+00	2025-08-31 18:25:40.34928+00	\N
337	618223583	41	129	t	0	{}	{}	2	f	\N	\N	\N	2025-08-31 18:25:40.404826+00	2025-08-31 18:25:40.40484+00	\N
338	618223584	42	129	t	0	{}	{}	3	f	\N	\N	\N	2025-08-31 18:25:40.460291+00	2025-08-31 18:25:40.460311+00	\N
339	618223585	43	129	t	0	{}	{}	4	f	\N	\N	\N	2025-08-31 18:25:40.514323+00	2025-08-31 18:25:40.514338+00	\N
340	118223581	39	130	t	0	{}	{}	0	f	\N	\N	\N	2025-08-31 18:25:40.568339+00	2025-08-31 18:25:40.568353+00	\N
341	118223582	40	130	t	0	{}	{}	1	f	\N	\N	\N	2025-08-31 18:25:40.625618+00	2025-08-31 18:25:40.625633+00	\N
342	118223583	41	130	t	0	{}	{}	2	f	\N	\N	\N	2025-08-31 18:25:40.680055+00	2025-08-31 18:25:40.68007+00	\N
343	118223584	42	130	t	0	{}	{}	3	f	\N	\N	\N	2025-08-31 18:25:40.736914+00	2025-08-31 18:25:40.736929+00	\N
344	118223585	45	130	t	0	{}	{}	4	f	\N	\N	\N	2025-08-31 18:25:40.791156+00	2025-08-31 18:25:40.791171+00	\N
345	\N	UHJvZHVjdFZhcmlhbnQ6MzQ1	131	f	0	{}	{}	0	f	\N	\N	\N	2025-08-31 18:25:40.84581+00	2025-08-31 18:25:40.845835+00	\N
346	\N	UHJvZHVjdFZhcmlhbnQ6MzQ2	132	f	0	{}	{}	0	f	\N	\N	\N	2025-08-31 18:25:40.903969+00	2025-08-31 18:25:40.903984+00	\N
347	\N	UHJvZHVjdFZhcmlhbnQ6MzQ3	133	f	0	{}	{}	0	f	\N	\N	\N	2025-08-31 18:25:40.96174+00	2025-08-31 18:25:40.961755+00	\N
348	328223580	S	134	t	0	{}	{}	0	f	\N	\N	\N	2025-08-31 18:25:41.017811+00	2025-08-31 18:25:41.017826+00	\N
349	328223581	M	134	t	0	{}	{}	1	f	\N	\N	\N	2025-08-31 18:25:41.079383+00	2025-08-31 18:25:41.079399+00	\N
350	328223582	L	134	t	0	{}	{}	2	f	\N	\N	\N	2025-08-31 18:25:41.133359+00	2025-08-31 18:25:41.133374+00	\N
351	328223583	XL	134	t	0	{}	{}	3	f	\N	\N	\N	2025-08-31 18:25:41.189072+00	2025-08-31 18:25:41.189086+00	\N
352	328223584	XXL	134	t	0	{}	{}	4	f	\N	\N	\N	2025-08-31 18:25:41.244454+00	2025-08-31 18:25:41.244469+00	\N
353	128223580	S	135	t	0	{}	{}	0	f	\N	\N	\N	2025-08-31 18:25:41.299526+00	2025-08-31 18:25:41.299541+00	\N
354	128223581	M	135	t	0	{}	{}	1	f	\N	\N	\N	2025-08-31 18:25:41.356827+00	2025-08-31 18:25:41.356843+00	\N
355	128223582	L	135	t	0	{}	{}	2	f	\N	\N	\N	2025-08-31 18:25:41.411391+00	2025-08-31 18:25:41.411405+00	\N
356	128223583	XL	135	t	0	{}	{}	3	f	\N	\N	\N	2025-08-31 18:25:41.468504+00	2025-08-31 18:25:41.468519+00	\N
357	128223584	XXL	135	t	0	{}	{}	4	f	\N	\N	\N	2025-08-31 18:25:41.525014+00	2025-08-31 18:25:41.525028+00	\N
359	111223581	M	136	t	0	{}	{}	1	f	\N	\N	\N	2025-08-31 18:25:41.63475+00	2025-08-31 18:25:41.634765+00	\N
360	111223582	XXL	136	t	0	{}	{}	2	f	\N	\N	\N	2025-08-31 18:25:41.687995+00	2025-08-31 18:25:41.68801+00	\N
361	218223580	M	137	t	0	{}	{}	0	f	\N	\N	\N	2025-08-31 18:25:41.743272+00	2025-08-31 18:25:41.743287+00	\N
362	218223581	L	137	t	0	{}	{}	1	f	\N	\N	\N	2025-08-31 18:25:41.801001+00	2025-08-31 18:25:41.801023+00	\N
363	218223582	XL	137	t	0	{}	{}	2	f	\N	\N	\N	2025-08-31 18:25:41.881699+00	2025-08-31 18:25:41.881719+00	\N
365	112223581	M	138	t	0	{}	{}	1	f	\N	\N	\N	2025-08-31 18:25:42.020287+00	2025-08-31 18:25:42.020304+00	\N
366	112223582	L	138	t	0	{}	{}	2	f	\N	\N	\N	2025-08-31 18:25:42.08767+00	2025-08-31 18:25:42.087687+00	\N
368	\N	UHJvZHVjdFZhcmlhbnQ6MzY4	141	f	0	{}	{}	0	f	\N	\N	\N	2025-08-31 18:25:42.156921+00	2025-08-31 18:25:42.156937+00	\N
370	\N	UHJvZHVjdFZhcmlhbnQ6Mzcw	143	f	0	{}	{}	0	f	\N	\N	\N	2025-08-31 18:25:42.225966+00	2025-08-31 18:25:42.225985+00	\N
371	\N	UHJvZHVjdFZhcmlhbnQ6Mzcx	144	f	0	{}	{}	0	f	\N	\N	\N	2025-08-31 18:25:42.29992+00	2025-08-31 18:25:42.299938+00	\N
372	9018223582	DVD	145	t	0	{}	{}	0	f	\N	\N	\N	2025-08-31 18:25:42.370264+00	2025-08-31 18:25:42.37028+00	\N
373	9018223583	iTunes	145	t	0	{}	{}	1	f	\N	\N	\N	2025-08-31 18:25:42.439052+00	2025-08-31 18:25:42.439067+00	\N
374	9018223584	MP3	145	t	0	{}	{}	2	f	\N	\N	\N	2025-08-31 18:25:42.506537+00	2025-08-31 18:25:42.50655+00	\N
375	113223582	Vinyl	146	t	0	{}	{}	0	f	\N	\N	\N	2025-08-31 18:25:42.571274+00	2025-08-31 18:25:42.57129+00	\N
376	113223583	DVD	146	t	0	{}	{}	1	f	\N	\N	\N	2025-08-31 18:25:42.64153+00	2025-08-31 18:25:42.641547+00	\N
377	113223584	iTunes	146	t	0	{}	{}	2	f	\N	\N	\N	2025-08-31 18:25:42.705352+00	2025-08-31 18:25:42.705366+00	\N
378	113223585	CD	146	t	0	{}	{}	3	f	\N	\N	\N	2025-08-31 18:25:42.759346+00	2025-08-31 18:25:42.75936+00	\N
379	124223581	iTunes	147	t	0	{}	{}	0	f	\N	\N	\N	2025-08-31 18:25:42.814616+00	2025-08-31 18:25:42.814631+00	\N
380	124223582	MP3	147	t	0	{}	{}	1	f	\N	\N	\N	2025-08-31 18:25:42.870746+00	2025-08-31 18:25:42.87076+00	\N
382	\N	UHJvZHVjdFZhcmlhbnQ6Mzgy	150	f	0	{}	{}	0	f	\N	\N	\N	2025-08-31 18:25:42.927078+00	2025-08-31 18:25:42.927093+00	\N
383	\N	UHJvZHVjdFZhcmlhbnQ6Mzgz	151	f	0	{}	{}	0	f	\N	\N	\N	2025-08-31 18:25:42.984945+00	2025-08-31 18:25:42.984959+00	\N
384	\N	UHJvZHVjdFZhcmlhbnQ6Mzg0	152	f	0	{}	{}	0	f	\N	\N	\N	2025-08-31 18:25:43.041212+00	2025-08-31 18:25:43.041229+00	\N
385	\N	UHJvZHVjdFZhcmlhbnQ6Mzg1	153	f	0	{}	{}	0	f	\N	\N	\N	2025-08-31 18:25:43.12249+00	2025-08-31 18:25:43.122512+00	\N
386	\N	UHJvZHVjdFZhcmlhbnQ6Mzg2	154	f	0	{}	{}	0	f	\N	\N	\N	2025-08-31 18:25:43.22127+00	2025-08-31 18:25:43.221296+00	\N
387	\N	UHJvZHVjdFZhcmlhbnQ6Mzg3	155	f	0	{}	{}	0	f	\N	\N	\N	2025-08-31 18:25:43.337418+00	2025-08-31 18:25:43.337442+00	\N
388	\N	UHJvZHVjdFZhcmlhbnQ6Mzg4	156	f	0	{}	{}	0	f	\N	\N	\N	2025-08-31 18:25:43.438308+00	2025-08-31 18:25:43.438338+00	\N
389	9182235820	XL	157	t	0	{}	{}	0	f	\N	\N	\N	2025-08-31 18:25:43.524494+00	2025-08-31 18:25:43.52451+00	\N
390	9182235821	XXL	157	t	0	{}	{}	1	f	\N	\N	\N	2025-08-31 18:25:43.591354+00	2025-08-31 18:25:43.591368+00	\N
393	\N	UHJvZHVjdFZhcmlhbnQ6Mzkz	160	f	0	{}	{}	0	f	\N	\N	\N	2025-08-31 18:25:43.647487+00	2025-08-31 18:25:43.647503+00	\N
394	49182235820	S	161	t	0	{}	{}	0	f	\N	\N	\N	2025-08-31 18:25:43.707531+00	2025-08-31 18:25:43.707546+00	\N
395	49182235821	M	161	t	0	{}	{}	1	f	\N	\N	\N	2025-08-31 18:25:43.770513+00	2025-08-31 18:25:43.77053+00	\N
396	49182235822	L	161	t	0	{}	{}	2	f	\N	\N	\N	2025-08-31 18:25:43.829845+00	2025-08-31 18:25:43.829861+00	\N
397	49182235823	XL	161	t	0	{}	{}	3	f	\N	\N	\N	2025-08-31 18:25:43.884632+00	2025-08-31 18:25:43.884647+00	\N
398	49182235824	XXL	161	t	0	{}	{}	4	f	\N	\N	\N	2025-08-31 18:25:43.939656+00	2025-08-31 18:25:43.939671+00	\N
364	112223580	S	138	t	0	{}	{}	0	t	2025-09-10 18:25:56.654715+00	10	\N	2025-08-31 18:25:41.949623+00	2025-08-31 18:25:56.654909+00	\N
399	\N	UHJvZHVjdFZhcmlhbnQ6Mzk5	162	f	0	{}	{}	0	f	\N	\N	\N	2025-08-31 18:25:43.995261+00	2025-08-31 18:25:43.995276+00	\N
400	\N	UHJvZHVjdFZhcmlhbnQ6NDAw	163	f	0	{}	{}	0	f	\N	\N	\N	2025-08-31 18:25:44.05953+00	2025-08-31 18:25:44.059546+00	\N
401	\N	UHJvZHVjdFZhcmlhbnQ6NDAx	164	f	0	{}	{}	0	f	\N	\N	\N	2025-08-31 18:25:44.1198+00	2025-08-31 18:25:44.119817+00	\N
358	111223580	S	136	t	0	{}	{}	0	t	2025-09-10 18:25:56.620776+00	10	\N	2025-08-31 18:25:41.578319+00	2025-08-31 18:25:56.620956+00	\N
403	CAR10-3D	3 Days	165	t	\N	{}	{}	1	f	\N	\N	\N	2025-09-27 19:43:38.43515+00	2025-09-27 19:43:38.435165+00	\N
404	CAR10-5D	5 Days	165	t	\N	{}	{}	2	f	\N	\N	\N	2025-09-27 19:43:49.973746+00	2025-09-27 19:43:49.973765+00	\N
405	CAR10-8D	8 Days	165	t	\N	{}	{}	3	f	\N	\N	\N	2025-09-27 19:43:50.858713+00	2025-09-27 19:43:50.858727+00	\N
406	CAR10-10D	10 Days	165	t	\N	{}	{}	4	f	\N	\N	\N	2025-09-27 19:43:51.96575+00	2025-09-27 19:43:51.965765+00	\N
407	CAR10-15D	15 Days	165	t	\N	{}	{}	5	f	\N	\N	\N	2025-09-27 19:43:54.361359+00	2025-09-27 19:43:54.361375+00	\N
408	CAR10-20D	20 Days	165	t	\N	{}	{}	6	f	\N	\N	\N	2025-09-27 19:43:55.394038+00	2025-09-27 19:43:55.394051+00	\N
409	CAR10-30D	30 Days	165	t	\N	{}	{}	7	f	\N	\N	\N	2025-09-27 19:43:56.270544+00	2025-09-27 19:43:56.270559+00	\N
410	CAR10-60D	60 Days	165	t	\N	{}	{}	8	f	\N	\N	\N	2025-09-27 19:43:57.006362+00	2025-09-27 19:43:57.006376+00	\N
411	CAR10-90D	90 Days	165	t	\N	{}	{}	9	f	\N	\N	\N	2025-09-27 19:43:57.802201+00	2025-09-27 19:43:57.802216+00	\N
402	CAR10-1D	1 Day	165	t	\N	{}	{}	0	f	\N	\N	\N	2025-09-27 15:24:08.787089+00	2025-09-27 15:24:08.787104+00	\N
\.


--
-- Data for Name: product_productvariantchannellisting; Type: TABLE DATA; Schema: public; Owner: saleor
--

COPY public.product_productvariantchannellisting (id, currency, price_amount, channel_id, variant_id, cost_price_amount, preorder_quantity_threshold, discounted_price_amount, prior_price_amount) FROM stdin;
224	PLN	40.000	2	324	\N	\N	40.000	\N
225	USD	10.000	1	324	\N	\N	10.000	\N
226	PLN	240.000	2	325	\N	\N	240.000	\N
227	USD	80.000	1	325	\N	\N	80.000	\N
228	PLN	240.000	2	326	\N	\N	240.000	\N
229	PLN	240.000	2	327	\N	\N	240.000	\N
230	PLN	240.000	2	328	\N	\N	240.000	\N
231	PLN	240.000	2	329	\N	\N	240.000	\N
232	PLN	240.000	2	330	\N	\N	240.000	\N
233	PLN	240.000	2	331	\N	\N	240.000	\N
234	USD	80.000	1	326	\N	\N	80.000	\N
235	USD	80.000	1	327	\N	\N	80.000	\N
236	USD	80.000	1	328	\N	\N	80.000	\N
237	USD	80.000	1	329	\N	\N	80.000	\N
238	USD	80.000	1	330	\N	\N	80.000	\N
239	USD	80.000	1	331	\N	\N	80.000	\N
240	PLN	230.000	2	332	\N	\N	230.000	\N
241	USD	75.000	1	332	\N	\N	75.000	\N
242	PLN	230.000	2	333	\N	\N	230.000	\N
243	USD	75.000	1	333	\N	\N	75.000	\N
244	PLN	230.000	2	334	\N	\N	230.000	\N
245	USD	75.000	1	334	\N	\N	75.000	\N
246	PLN	420.000	2	335	\N	\N	420.000	\N
247	USD	90.000	1	335	\N	\N	90.000	\N
248	PLN	420.000	2	336	\N	\N	420.000	\N
249	USD	90.000	1	336	\N	\N	90.000	\N
250	PLN	420.000	2	337	\N	\N	420.000	\N
251	USD	90.000	1	337	\N	\N	90.000	\N
252	PLN	420.000	2	338	\N	\N	420.000	\N
253	USD	90.000	1	338	\N	\N	90.000	\N
254	PLN	420.000	2	339	\N	\N	420.000	\N
255	USD	90.000	1	339	\N	\N	90.000	\N
266	PLN	100.000	2	345	\N	\N	100.000	\N
267	USD	30.000	1	345	\N	\N	30.000	\N
268	PLN	120.000	2	346	\N	\N	120.000	\N
269	USD	35.000	1	346	\N	\N	35.000	\N
270	PLN	120.000	2	347	\N	\N	120.000	\N
271	USD	35.000	1	347	\N	\N	35.000	\N
274	PLN	90.000	2	349	\N	\N	90.000	\N
275	USD	20.000	1	349	\N	\N	20.000	\N
276	PLN	90.000	2	350	\N	\N	90.000	\N
277	USD	20.000	1	350	\N	\N	20.000	\N
278	PLN	90.000	2	351	\N	\N	90.000	\N
279	USD	20.000	1	351	\N	\N	20.000	\N
280	PLN	90.000	2	352	\N	\N	90.000	\N
281	USD	20.000	1	352	\N	\N	20.000	\N
282	PLN	200.000	2	353	\N	\N	200.000	\N
283	USD	40.000	1	353	\N	\N	40.000	\N
284	PLN	200.000	2	354	\N	\N	200.000	\N
285	USD	40.000	1	354	\N	\N	40.000	\N
286	PLN	200.000	2	355	\N	\N	200.000	\N
287	USD	40.000	1	355	\N	\N	40.000	\N
288	PLN	200.000	2	356	\N	\N	200.000	\N
289	USD	40.000	1	356	\N	\N	40.000	\N
290	PLN	200.000	2	357	\N	\N	200.000	\N
291	USD	40.000	1	357	\N	\N	40.000	\N
292	PLN	150.000	2	358	\N	\N	150.000	\N
293	USD	45.000	1	358	\N	\N	45.000	\N
294	PLN	150.000	2	359	\N	\N	150.000	\N
295	USD	45.000	1	359	\N	\N	45.000	\N
296	PLN	150.000	2	360	\N	\N	150.000	\N
297	USD	45.000	1	360	\N	\N	45.000	\N
298	PLN	150.000	2	361	\N	\N	150.000	\N
299	USD	45.000	1	361	\N	\N	45.000	\N
300	PLN	150.000	2	362	\N	\N	150.000	\N
301	USD	45.000	1	362	\N	\N	45.000	\N
302	PLN	150.000	2	363	\N	\N	150.000	\N
303	USD	45.000	1	363	\N	\N	45.000	\N
306	PLN	150.000	2	365	\N	\N	150.000	\N
307	USD	45.000	1	365	\N	\N	45.000	\N
308	PLN	150.000	2	366	\N	\N	150.000	\N
309	USD	45.000	1	366	\N	\N	45.000	\N
312	PLN	50.000	2	368	\N	\N	50.000	\N
313	USD	10.000	1	368	\N	\N	10.000	\N
316	PLN	90.000	2	370	\N	\N	90.000	\N
317	USD	20.000	1	370	\N	\N	20.000	\N
318	PLN	60.000	2	371	\N	\N	60.000	\N
319	USD	15.000	1	371	\N	\N	15.000	\N
320	PLN	45.000	2	372	\N	\N	45.000	\N
321	USD	10.000	1	372	\N	\N	10.000	\N
322	PLN	45.000	2	373	\N	\N	45.000	\N
323	USD	10.000	1	373	\N	\N	10.000	\N
326	PLN	29.990	2	375	\N	\N	29.990	\N
327	USD	8.990	1	375	\N	\N	8.990	\N
328	PLN	29.990	2	376	\N	\N	29.990	\N
329	USD	8.990	1	376	\N	\N	8.990	\N
330	PLN	29.990	2	377	\N	\N	29.990	\N
331	USD	8.990	1	377	\N	\N	8.990	\N
332	PLN	29.990	2	378	\N	\N	29.990	\N
333	USD	8.990	1	378	\N	\N	8.990	\N
338	PLN	29.990	2	382	\N	\N	29.990	\N
339	USD	11.990	1	382	\N	\N	11.990	\N
342	PLN	5.990	2	384	\N	\N	5.990	\N
343	USD	1.990	1	384	\N	\N	1.990	\N
344	PLN	5.990	2	385	\N	\N	5.990	\N
345	USD	1.990	1	385	\N	\N	1.990	\N
346	PLN	5.990	2	386	\N	\N	5.990	\N
347	USD	1.990	1	386	\N	\N	1.990	\N
348	PLN	5.990	2	387	\N	\N	5.990	\N
349	USD	1.990	1	387	\N	\N	1.990	\N
352	PLN	120.000	2	389	\N	\N	120.000	\N
353	USD	25.000	1	389	\N	\N	25.000	\N
354	PLN	120.000	2	390	\N	\N	120.000	\N
355	USD	25.000	1	390	\N	\N	25.000	\N
356	PLN	450.000	2	393	\N	\N	450.000	\N
357	USD	100.000	1	393	\N	\N	100.000	\N
358	PLN	130.000	2	394	\N	\N	130.000	\N
359	USD	30.000	1	394	\N	\N	30.000	\N
360	PLN	130.000	2	395	\N	\N	130.000	\N
361	USD	30.000	1	395	\N	\N	30.000	\N
362	PLN	130.000	2	396	\N	\N	130.000	\N
363	USD	30.000	1	396	\N	\N	30.000	\N
364	PLN	130.000	2	397	\N	\N	130.000	\N
365	USD	30.000	1	397	\N	\N	30.000	\N
366	PLN	130.000	2	398	\N	\N	130.000	\N
367	USD	30.000	1	398	\N	\N	30.000	\N
368	PLN	230.000	2	399	\N	\N	230.000	\N
369	USD	50.000	1	399	\N	\N	50.000	\N
370	PLN	2300.000	2	400	\N	\N	2300.000	\N
371	USD	500.000	1	400	\N	\N	500.000	\N
372	PLN	230.000	2	401	\N	\N	230.000	\N
373	USD	50.000	1	401	\N	\N	50.000	\N
256	PLN	209.960	2	340	\N	\N	146.970	\N
257	USD	50.000	1	340	\N	\N	35.000	\N
258	PLN	209.960	2	341	\N	\N	146.970	\N
259	USD	50.000	1	341	\N	\N	35.000	\N
260	PLN	209.960	2	342	\N	\N	146.970	\N
261	USD	50.000	1	342	\N	\N	35.000	\N
262	PLN	209.960	2	343	\N	\N	146.970	\N
263	USD	50.000	1	343	\N	\N	35.000	\N
264	PLN	209.960	2	344	\N	\N	146.970	\N
265	USD	50.000	1	344	\N	\N	35.000	\N
272	PLN	90.000	2	348	\N	\N	54.000	\N
273	USD	20.000	1	348	\N	\N	12.000	\N
304	PLN	150.000	2	364	\N	\N	120.000	\N
305	USD	45.000	1	364	\N	\N	36.000	\N
324	PLN	45.000	2	374	\N	\N	27.000	\N
325	USD	10.000	1	374	\N	\N	6.000	\N
334	PLN	9.990	2	379	\N	\N	5.990	\N
335	USD	2.000	1	379	\N	\N	1.200	\N
336	PLN	9.990	2	380	\N	\N	5.990	\N
337	USD	2.000	1	380	\N	\N	1.200	\N
340	PLN	70.000	2	383	\N	\N	42.000	\N
341	USD	18.000	1	383	\N	\N	10.800	\N
350	PLN	90.000	2	388	\N	\N	63.000	\N
351	USD	17.000	1	388	\N	\N	11.900	\N
375	EUR	45.000	3	402	\N	\N	45.000	\N
\.


--
-- Data for Name: product_productvarianttranslation; Type: TABLE DATA; Schema: public; Owner: saleor
--

COPY public.product_productvarianttranslation (id, language_code, name, product_variant_id) FROM stdin;
\.


--
-- Data for Name: product_variantchannellistingpromotionrule; Type: TABLE DATA; Schema: public; Owner: saleor
--

COPY public.product_variantchannellistingpromotionrule (id, discount_amount, currency, promotion_rule_id, variant_channel_listing_id) FROM stdin;
1	62.990	PLN	3de6c032-c9d2-4b1c-8d9e-c160f6ee5489	256
2	62.990	PLN	3de6c032-c9d2-4b1c-8d9e-c160f6ee5489	258
3	62.990	PLN	3de6c032-c9d2-4b1c-8d9e-c160f6ee5489	260
4	62.990	PLN	3de6c032-c9d2-4b1c-8d9e-c160f6ee5489	262
5	62.990	PLN	3de6c032-c9d2-4b1c-8d9e-c160f6ee5489	264
6	15.000	USD	3de6c032-c9d2-4b1c-8d9e-c160f6ee5489	257
7	15.000	USD	3de6c032-c9d2-4b1c-8d9e-c160f6ee5489	259
8	15.000	USD	3de6c032-c9d2-4b1c-8d9e-c160f6ee5489	261
9	15.000	USD	3de6c032-c9d2-4b1c-8d9e-c160f6ee5489	263
10	15.000	USD	3de6c032-c9d2-4b1c-8d9e-c160f6ee5489	265
11	36.000	PLN	3f378d85-09e0-44d8-8fc6-b9b8795fb557	272
12	8.000	USD	3f378d85-09e0-44d8-8fc6-b9b8795fb557	273
13	30.000	PLN	1d877ceb-9fcb-4674-925b-6ad6aa4474b8	304
14	9.000	USD	1d877ceb-9fcb-4674-925b-6ad6aa4474b8	305
15	18.000	PLN	3f378d85-09e0-44d8-8fc6-b9b8795fb557	324
16	4.000	USD	3f378d85-09e0-44d8-8fc6-b9b8795fb557	325
17	4.000	PLN	1dbcbc11-8d36-4bc8-b1fb-3dfd9605af5f	334
18	4.000	PLN	1dbcbc11-8d36-4bc8-b1fb-3dfd9605af5f	336
19	0.800	USD	1dbcbc11-8d36-4bc8-b1fb-3dfd9605af5f	335
20	0.800	USD	1dbcbc11-8d36-4bc8-b1fb-3dfd9605af5f	337
21	28.000	PLN	1dbcbc11-8d36-4bc8-b1fb-3dfd9605af5f	340
22	7.200	USD	1dbcbc11-8d36-4bc8-b1fb-3dfd9605af5f	341
23	27.000	PLN	3de6c032-c9d2-4b1c-8d9e-c160f6ee5489	350
24	5.100	USD	3de6c032-c9d2-4b1c-8d9e-c160f6ee5489	351
\.


--
-- Data for Name: product_variantmedia; Type: TABLE DATA; Schema: public; Owner: saleor
--

COPY public.product_variantmedia (id, media_id, variant_id) FROM stdin;
1	1	324
2	2	325
3	2	326
4	2	327
5	2	328
6	2	329
7	2	330
8	2	331
9	6	332
10	6	333
11	6	334
12	10	335
13	10	336
14	10	337
15	10	338
16	10	339
17	12	340
18	12	341
19	12	342
20	12	343
21	12	344
22	14	345
23	15	346
24	16	347
25	17	348
26	17	349
27	17	350
28	17	351
29	17	352
30	19	353
31	19	354
32	19	355
33	19	356
34	19	357
35	21	358
36	21	359
37	21	360
38	23	361
39	23	362
40	23	363
41	25	364
42	25	365
43	25	366
44	27	368
45	29	370
46	30	371
47	31	372
48	31	373
49	31	374
50	32	375
51	32	376
52	32	377
53	32	378
54	33	379
55	33	380
56	34	382
57	35	383
58	36	384
59	37	385
60	38	386
61	39	387
62	40	388
63	41	389
64	41	390
65	43	393
66	44	394
67	44	395
68	44	396
69	44	397
70	44	398
71	46	399
72	47	400
73	48	401
\.


--
-- Data for Name: schedulers_customperiodictask; Type: TABLE DATA; Schema: public; Owner: saleor
--

COPY public.schedulers_customperiodictask (periodictask_ptr_id, custom_id) FROM stdin;
\.


--
-- Data for Name: schedulers_customschedule; Type: TABLE DATA; Schema: public; Owner: saleor
--

COPY public.schedulers_customschedule (id, schedule_import_path) FROM stdin;
\.


--
-- Data for Name: shipping_shippingmethod; Type: TABLE DATA; Schema: public; Owner: saleor
--

COPY public.shipping_shippingmethod (id, name, maximum_order_weight, minimum_order_weight, type, shipping_zone_id, metadata, private_metadata, maximum_delivery_days, minimum_delivery_days, description, tax_class_id) FROM stdin;
1	Default	\N	0	price	1	{}	{}	\N	\N	null	\N
2	DHL	\N	0	price	2	{}	{}	\N	\N	null	\N
3	UPS	\N	0	weight	2	{}	{}	\N	\N	null	\N
4	Registered priority	\N	0	price	2	{}	{}	\N	\N	null	\N
5	DB Schenker	\N	0	weight	2	{}	{}	\N	\N	null	\N
6	FBA	\N	0	price	3	{}	{}	\N	\N	null	\N
7	FedEx Express	\N	0	weight	3	{}	{}	\N	\N	null	\N
8	Oceania Air Mail	\N	0	price	3	{}	{}	\N	\N	null	\N
9	China Post	\N	0	weight	4	{}	{}	\N	\N	null	\N
10	TNT	\N	0	weight	4	{}	{}	\N	\N	null	\N
11	Aramex	\N	0	price	4	{}	{}	\N	\N	null	\N
12	EMS	\N	0	weight	4	{}	{}	\N	\N	null	\N
13	DHL	\N	0	weight	5	{}	{}	\N	\N	null	\N
14	UPS	\N	0	weight	5	{}	{}	\N	\N	null	\N
15	FedEx	\N	0	price	5	{}	{}	\N	\N	null	\N
16	EMS	\N	0	price	5	{}	{}	\N	\N	null	\N
17	Royale International	\N	0	weight	6	{}	{}	\N	\N	null	\N
18	ACE	\N	0	weight	6	{}	{}	\N	\N	null	\N
19	fastway couriers	\N	0	weight	6	{}	{}	\N	\N	null	\N
20	Post Office	\N	0	price	6	{}	{}	\N	\N	null	\N
\.


--
-- Data for Name: shipping_shippingmethod_excluded_products; Type: TABLE DATA; Schema: public; Owner: saleor
--

COPY public.shipping_shippingmethod_excluded_products (id, shippingmethod_id, product_id) FROM stdin;
\.


--
-- Data for Name: shipping_shippingmethodchannellisting; Type: TABLE DATA; Schema: public; Owner: saleor
--

COPY public.shipping_shippingmethodchannellisting (id, minimum_order_price_amount, currency, maximum_order_price_amount, price_amount, channel_id, shipping_method_id) FROM stdin;
1	0.000	USD	\N	0.000	1	1
2	0.000	PLN	\N	59.600	2	2
3	0.000	PLN	\N	43.870	2	3
4	0.000	PLN	\N	61.470	2	4
5	0.000	PLN	\N	55.930	2	5
6	0.000	USD	\N	74.240	1	2
7	0.000	USD	\N	27.190	1	3
8	0.000	USD	\N	42.890	1	4
9	0.000	USD	\N	28.410	1	5
13	0.000	USD	\N	91.380	1	6
14	0.000	USD	\N	71.780	1	7
15	0.000	USD	\N	43.080	1	8
20	0.000	USD	\N	82.330	1	9
21	0.000	USD	\N	28.870	1	10
22	0.000	USD	\N	21.150	1	11
23	0.000	USD	\N	75.710	1	12
28	0.000	USD	\N	66.190	1	13
29	0.000	USD	\N	59.590	1	14
30	0.000	USD	\N	40.420	1	15
31	0.000	USD	\N	34.200	1	16
36	0.000	USD	\N	77.480	1	17
37	0.000	USD	\N	40.390	1	18
38	0.000	USD	\N	63.940	1	19
39	0.000	USD	\N	67.750	1	20
\.


--
-- Data for Name: shipping_shippingmethodpostalcoderule; Type: TABLE DATA; Schema: public; Owner: saleor
--

COPY public.shipping_shippingmethodpostalcoderule (id, start, "end", shipping_method_id, inclusion_type) FROM stdin;
\.


--
-- Data for Name: shipping_shippingmethodtranslation; Type: TABLE DATA; Schema: public; Owner: saleor
--

COPY public.shipping_shippingmethodtranslation (id, language_code, name, shipping_method_id, description) FROM stdin;
\.


--
-- Data for Name: shipping_shippingzone; Type: TABLE DATA; Schema: public; Owner: saleor
--

COPY public.shipping_shippingzone (id, name, countries, "default", metadata, private_metadata, description) FROM stdin;
1	Default	US	f	{}	{}	
2	Europe	AD,AL,AT,AX,BA,BE,BG,BY,CH,CZ,DE,DK,EE,ES,FI,FO,FR,GB,GG,GI,GR,HR,HU,IE,IM,IS,IT,JE,LI,LT,LU,LV,MC,MD,ME,MK,MT,NL,NO,PL,PT,RO,RS,RU,SE,SI,SJ,SK,SM,UA,VA	f	{}	{}	
3	Oceania	AS,AU,CC,CK,CX,FJ,FM,GU,HM,KI,MH,MP,NC,NF,NR,NU,NZ,PF,PG,PN,PW,SB,TK,TO,TV,UM,VU,WF,WS	f	{}	{}	
4	Asia	AE,AF,AM,AZ,BD,BH,BN,BT,CN,CY,GE,HK,ID,IL,IN,IQ,IR,JO,JP,KG,KH,KP,KR,KW,KZ,LA,LB,LK,MM,MN,MO,MV,MY,NP,OM,PH,PK,PS,QA,SA,SG,SY,TH,TJ,TL,TM,TR,TW,UZ,VN,YE	f	{}	{}	
5	Americas	AG,AI,AR,AW,BB,BL,BM,BO,BQ,BR,BS,BV,BZ,CA,CL,CO,CR,CU,CW,DM,DO,EC,FK,GD,GF,GL,GP,GS,GT,GY,HN,HT,JM,KN,KY,LC,MF,MQ,MS,MX,NI,PA,PE,PM,PR,PY,SR,SV,SX,TC,TT,US,UY,VC,VE,VG,VI	f	{}	{}	
6	Africa	AO,BF,BI,BJ,BW,CD,CF,CG,CI,CM,CV,DJ,DZ,EG,EH,ER,ET,GA,GH,GM,GN,GQ,GW,IO,KE,KM,LR,LS,LY,MA,MG,ML,MR,MU,MW,MZ,NA,NE,NG,RE,RW,SC,SD,SH,SL,SN,SO,SS,ST,SZ,TD,TF,TG,TN,TZ,UG,YT,ZA,ZM,ZW	f	{}	{}	
\.


--
-- Data for Name: shipping_shippingzone_channels; Type: TABLE DATA; Schema: public; Owner: saleor
--

COPY public.shipping_shippingzone_channels (id, shippingzone_id, channel_id) FROM stdin;
1	1	1
2	2	1
3	2	2
4	3	1
6	4	1
8	5	1
10	6	1
\.


--
-- Data for Name: site_sitesettings; Type: TABLE DATA; Schema: public; Owner: saleor
--

COPY public.site_sitesettings (id, header_text, description, site_id, bottom_menu_id, top_menu_id, display_gross_prices, include_taxes_in_prices, charge_taxes_on_shipping, track_inventory_by_default, default_weight_unit, automatic_fulfillment_digital_products, default_digital_max_downloads, default_digital_url_valid_days, company_address_id, default_mail_sender_address, default_mail_sender_name, customer_set_password_url, fulfillment_allow_unpaid, fulfillment_auto_approve, gift_card_expiry_period, gift_card_expiry_period_type, gift_card_expiry_type, reserve_stock_duration_anonymous_user, reserve_stock_duration_authenticated_user, limit_quantity_per_checkout, enable_account_confirmation_by_email, metadata, private_metadata, allow_login_without_confirmation) FROM stdin;
1	Test Saleor - a sample shop!		1	2	1	t	t	t	t	kg	f	\N	\N	\N	\N		\N	t	t	\N	\N	never_expire	\N	\N	50	t	{}	{}	f
\.


--
-- Data for Name: site_sitesettingstranslation; Type: TABLE DATA; Schema: public; Owner: saleor
--

COPY public.site_sitesettingstranslation (id, language_code, header_text, description, site_settings_id) FROM stdin;
\.


--
-- Data for Name: tax_taxclass; Type: TABLE DATA; Schema: public; Owner: saleor
--

COPY public.tax_taxclass (id, private_metadata, metadata, name) FROM stdin;
1	{}	{}	Groceries
2	{}	{}	Books
\.


--
-- Data for Name: tax_taxclasscountryrate; Type: TABLE DATA; Schema: public; Owner: saleor
--

COPY public.tax_taxclasscountryrate (id, country, rate, tax_class_id) FROM stdin;
\.


--
-- Data for Name: tax_taxconfiguration; Type: TABLE DATA; Schema: public; Owner: saleor
--

COPY public.tax_taxconfiguration (id, private_metadata, metadata, charge_taxes, tax_calculation_strategy, display_gross_prices, prices_entered_with_tax, channel_id, tax_app_id, use_weighted_tax_for_shipping) FROM stdin;
1	{}	{}	t	FLAT_RATES	f	f	1	\N	f
2	{}	{}	t	FLAT_RATES	t	t	2	\N	f
3	{}	{}	t	FLAT_RATES	t	t	3	\N	f
\.


--
-- Data for Name: tax_taxconfigurationpercountry; Type: TABLE DATA; Schema: public; Owner: saleor
--

COPY public.tax_taxconfigurationpercountry (id, country, charge_taxes, tax_calculation_strategy, display_gross_prices, tax_configuration_id, tax_app_id, use_weighted_tax_for_shipping) FROM stdin;
\.


--
-- Data for Name: thumbnail_thumbnail; Type: TABLE DATA; Schema: public; Owner: saleor
--

COPY public.thumbnail_thumbnail (id, image, size, format, category_id, collection_id, product_media_id, user_id, app_id, app_installation_id) FROM stdin;
1	thumbnails/products/saleor-white-parrot-cushion_thumbnail_1024.png	1024	\N	\N	\N	46	\N	\N	\N
2	thumbnails/products/saleor-gift-50_thumbnail_1024.png	1024	\N	\N	\N	48	\N	\N	\N
3	thumbnails/products/saleor-white-cubes-tee-front_thumbnail_1024.png	1024	\N	\N	\N	44	\N	\N	\N
4	thumbnails/products/saleor-gift-500_thumbnail_1024.png	1024	\N	\N	\N	47	\N	\N	\N
5	thumbnails/products/saleor-monospace-white-tee-front_thumbnail_1024.png	1024	\N	\N	\N	41	\N	\N	\N
6	thumbnails/products/saleor-gift-100_thumbnail_1024.png	1024	\N	\N	\N	43	\N	\N	\N
7	thumbnails/products/saleor-sunnies-dark_thumbnail_1024.png	1024	\N	\N	\N	40	\N	\N	\N
8	thumbnails/products/saleor-carrot-drink_thumbnail_1024.png	1024	\N	\N	\N	39	\N	\N	\N
9	thumbnails/products/saleor-banana-drink_thumbnail_1024.png	1024	\N	\N	\N	38	\N	\N	\N
10	thumbnails/products/saleor-bean-drink_thumbnail_1024.png	1024	\N	\N	\N	37	\N	\N	\N
11	thumbnails/products/saleor-apple-drink_thumbnail_1024.png	1024	\N	\N	\N	36	\N	\N	\N
12	thumbnails/products/saleor-mighty-mug_thumbnail_1024.png	1024	\N	\N	\N	34	\N	\N	\N
13	thumbnails/products/saleor-cushion-blue_thumbnail_1024.png	1024	\N	\N	\N	35	\N	\N	\N
14	thumbnails/products/saleor-own-your-stack-and-data-book_thumbnail_1024.png	1024	\N	\N	\N	33	\N	\N	\N
15	thumbnails/products/saleor-sunnies_thumbnail_1024.png	1024	\N	\N	\N	30	\N	\N	\N
16	thumbnails/products/saleor-enterprise-cloud-book_thumbnail_1024.png	1024	\N	\N	\N	32	\N	\N	\N
18	thumbnails/products/saleor-neck-warmer_thumbnail_1024.png	1024	\N	\N	\N	29	\N	\N	\N
17	thumbnails/products/saleor-battle-tested-book_thumbnail_1024.png	1024	\N	\N	\N	31	\N	\N	\N
19	thumbnails/products/saleor-beanie-1_thumbnail_1024.png	1024	\N	\N	\N	27	\N	\N	\N
20	thumbnails/products/saleor-dark-polygon-tee-front_thumbnail_1024.png	1024	\N	\N	\N	25	\N	\N	\N
21	thumbnails/products/saleor-blue-polygon-tee-front_thumbnail_1024.png	1024	\N	\N	\N	23	\N	\N	\N
22	thumbnails/products/saleor-team-tee-front_thumbnail_1024.png	1024	\N	\N	\N	19	\N	\N	\N
23	thumbnails/products/saleor-polo-shirt-front_thumbnail_1024.png	1024	\N	\N	\N	21	\N	\N	\N
24	thumbnails/products/saleor-ascii-shirt-front_thumbnail_1024.png	1024	\N	\N	\N	17	\N	\N	\N
25	thumbnails/products/saleor-white-hoodie_thumbnail_1024.png	1024	\N	\N	\N	16	\N	\N	\N
26	thumbnails/products/saleor-pauls-blanace-420-1_thumbnail_1024.png	1024	\N	\N	\N	12	\N	\N	\N
27	thumbnails/products/saleor-grey-hoodie_thumbnail_1024.png	1024	\N	\N	\N	14	\N	\N	\N
28	thumbnails/products/saleor-blue-hoodie_thumbnail_1024.png	1024	\N	\N	\N	15	\N	\N	\N
29	thumbnails/products/saleor-dash-force-1_thumbnail_1024.png	1024	\N	\N	\N	10	\N	\N	\N
30	thumbnails/products/saleor-blue-plimsolls-1_thumbnail_1024.png	1024	\N	\N	\N	6	\N	\N	\N
31	thumbnails/products/saleor-white-plimsolls-1_thumbnail_1024.png	1024	\N	\N	\N	2	\N	\N	\N
32	thumbnails/products/saleor-headless-omnichannel-book_thumbnail_1024.png	1024	\N	\N	\N	1	\N	\N	\N
33	thumbnails/products/saleor-mighty-mug_thumbnail_1024.webp	1024	webp	\N	\N	34	\N	\N	\N
34	thumbnails/products/saleor-ascii-shirt-front_thumbnail_1024.webp	1024	webp	\N	\N	17	\N	\N	\N
35	thumbnails/products/saleor-white-plimsolls-1_thumbnail_1024.webp	1024	webp	\N	\N	2	\N	\N	\N
36	thumbnails/products/saleor-white-cubes-tee-front_thumbnail_1024.webp	1024	webp	\N	\N	44	\N	\N	\N
37	thumbnails/products/saleor-enterprise-cloud-book_thumbnail_1024.webp	1024	webp	\N	\N	32	\N	\N	\N
38	thumbnails/products/saleor-gift-50_thumbnail_1024.webp	1024	webp	\N	\N	48	\N	\N	\N
39	thumbnails/products/saleor-battle-tested-book_thumbnail_1024.webp	1024	webp	\N	\N	31	\N	\N	\N
40	thumbnails/products/saleor-headless-omnichannel-book_thumbnail_1024.webp	1024	webp	\N	\N	1	\N	\N	\N
41	thumbnails/products/saleor-gift-100_thumbnail_1024.webp	1024	webp	\N	\N	43	\N	\N	\N
42	thumbnails/products/saleor-gift-500_thumbnail_1024.webp	1024	webp	\N	\N	47	\N	\N	\N
43	thumbnails/products/saleor-white-parrot-cushion_thumbnail_1024.webp	1024	webp	\N	\N	46	\N	\N	\N
44	thumbnails/products/saleor-own-your-stack-and-data-book_thumbnail_1024.webp	1024	webp	\N	\N	33	\N	\N	\N
45	thumbnails/products/saleor-cushion-blue_thumbnail_1024.webp	1024	webp	\N	\N	35	\N	\N	\N
46	thumbnails/products/saleor-carrot-drink_thumbnail_1024.webp	1024	webp	\N	\N	39	\N	\N	\N
47	thumbnails/products/saleor-apple-drink_thumbnail_1024.webp	1024	webp	\N	\N	36	\N	\N	\N
48	thumbnails/products/saleor-bean-drink_thumbnail_1024.webp	1024	webp	\N	\N	37	\N	\N	\N
49	thumbnails/products/saleor-banana-drink_thumbnail_1024.webp	1024	webp	\N	\N	38	\N	\N	\N
50	thumbnails/products/saleor-pauls-blanace-420-1_thumbnail_1024.webp	1024	webp	\N	\N	12	\N	\N	\N
52	thumbnails/products/saleor-blue-polygon-tee-front_thumbnail_1024.webp	1024	webp	\N	\N	23	\N	\N	\N
51	thumbnails/products/saleor-blue-plimsolls-1_thumbnail_1024.webp	1024	webp	\N	\N	6	\N	\N	\N
53	thumbnails/products/saleor-blue-hoodie_thumbnail_1024.webp	1024	webp	\N	\N	15	\N	\N	\N
54	thumbnails/products/saleor-polo-shirt-front_thumbnail_1024.webp	1024	webp	\N	\N	21	\N	\N	\N
55	thumbnails/products/saleor-ascii-shirt-front_thumbnail_256.png	256	\N	\N	\N	17	\N	\N	\N
56	thumbnails/products/saleor-ascii-shirt-front_thumbnail_64.png	64	\N	\N	\N	17	\N	\N	\N
57	thumbnails/products/saleor-polo-shirt-front_thumbnail_64.png	64	\N	\N	\N	21	\N	\N	\N
58	thumbnails/products/saleor-apple-drink_thumbnail_64.png	64	\N	\N	\N	36	\N	\N	\N
59	thumbnails/products/saleor-dark-polygon-tee-front_thumbnail_64.png	64	\N	\N	\N	25	\N	\N	\N
60	thumbnails/products/saleor-dark-polygon-tee-front_thumbnail_1024.webp	1024	webp	\N	\N	25	\N	\N	\N
61	thumbnails/products/saleor-grey-hoodie_thumbnail_1024.webp	1024	webp	\N	\N	14	\N	\N	\N
62	thumbnails/products/saleor-sunnies_thumbnail_1024.webp	1024	webp	\N	\N	30	\N	\N	\N
63	thumbnails/products/saleor-sunnies-dark_thumbnail_1024.webp	1024	webp	\N	\N	40	\N	\N	\N
64	thumbnails/products/saleor-dash-force-1_thumbnail_1024.webp	1024	webp	\N	\N	10	\N	\N	\N
65	thumbnails/products/saleor-neck-warmer_thumbnail_1024.webp	1024	webp	\N	\N	29	\N	\N	\N
66	thumbnails/products/saleor-monospace-white-tee-front_thumbnail_1024.webp	1024	webp	\N	\N	41	\N	\N	\N
67	thumbnails/products/saleor-beanie-1_thumbnail_1024.webp	1024	webp	\N	\N	27	\N	\N	\N
68	thumbnails/products/saleor-team-tee-front_thumbnail_1024.webp	1024	webp	\N	\N	19	\N	\N	\N
69	thumbnails/products/saleor-white-hoodie_thumbnail_1024.webp	1024	webp	\N	\N	16	\N	\N	\N
70	thumbnails/products/saleor-enterprise-cloud-book_thumbnail_64.png	64	\N	\N	\N	32	\N	\N	\N
71	thumbnails/products/saleor-pauls-blanace-420-1_thumbnail_64.png	64	\N	\N	\N	12	\N	\N	\N
72	thumbnails/products/saleor-pauls-blanace-420-1_thumbnail_256.png	256	\N	\N	\N	12	\N	\N	\N
73	thumbnails/products/saleor-blue-plimsolls-1_thumbnail_256.png	256	\N	\N	\N	6	\N	\N	\N
74	thumbnails/products/saleor-dash-force-1_thumbnail_256.png	256	\N	\N	\N	10	\N	\N	\N
75	thumbnails/products/saleor-white-plimsolls-1_thumbnail_256.png	256	\N	\N	\N	2	\N	\N	\N
76	thumbnails/products/saleor-white-cubes-tee-front_thumbnail_256.png	256	\N	\N	\N	44	\N	\N	\N
78	thumbnails/products/saleor-polo-shirt-front_thumbnail_256.png	256	\N	\N	\N	21	\N	\N	\N
77	thumbnails/products/saleor-sunnies_thumbnail_256.png	256	\N	\N	\N	30	\N	\N	\N
79	thumbnails/products/saleor-monospace-white-tee-back_thumbnail_1024.png	1024	\N	\N	\N	42	\N	\N	\N
80	thumbnails/products/logo_car-removebg-preview_b005ab49_thumbnail_1024.png	1024	\N	\N	\N	49	\N	\N	\N
81	thumbnails/products/logo_car-removebg-preview_e2cbdf0f_thumbnail_1024.png	1024	\N	\N	\N	50	\N	\N	\N
\.


--
-- Data for Name: warehouse_allocation; Type: TABLE DATA; Schema: public; Owner: saleor
--

COPY public.warehouse_allocation (id, quantity_allocated, stock_id, order_line_id) FROM stdin;
1	4	248	6142a79c-6ef3-429f-9cf3-763bf090a2f2
2	2	568	e5013a3f-78cf-41f7-89e0-61059123e391
3	4	200	448b25c8-50bc-46ed-b156-3fdd9f2f6076
4	3	287	20dfedc4-16b1-4abc-b809-abf419144d0c
5	2	7	70946a63-6951-4e14-8d1d-722b273c19a8
6	2	175	acc729a6-8a7e-4152-a03e-07ed094603c2
7	3	461	d51cd230-4b50-489f-bdab-f270dc082325
8	1	263	4762140d-ec25-4dd8-a48c-9331e65e3048
10	4	543	9c2b5272-fc28-4c12-be71-9e1c4213f9b2
9	0	375	4840c26d-e0af-4e16-bb2f-4799894daf92
12	4	74	cd170281-cc47-49f2-b2f4-1a8ed5ccb120
11	0	234	8b5c148a-8110-40dd-b001-243427e061fe
13	0	338	381a841e-f6ce-47d7-82bb-b77d326c1e8e
14	1	449	14950306-f1e9-450e-a272-bc1918e2a7a8
15	3	463	241429fb-1e8e-4c63-a923-24d51cf95a07
16	1	223	cff687db-92fe-4895-aa32-b309d55586d2
17	2	151	ca5807a2-41f6-48be-b037-d721a6f07144
19	4	407	9b26e498-e914-4629-8b75-70671e7e5883
20	4	391	0a9cc73f-4eb4-4edb-89c6-7b9d2bc591b0
18	2	71	2fe4aaf4-f7b5-4976-8898-7f90a4f0be0a
21	0	583	067c6275-98a7-4d5b-bf9c-bdcf3a50d6f6
22	4	111	1a6cda2f-32d5-4204-861d-ffcc972e227a
24	1	199	1f86f9ba-e36f-44f8-9afe-9072311fa41e
25	2	423	d648d9bd-d0f9-4eb4-86e2-504c65733277
23	1	95	47c52e24-fa3b-4381-a4ca-c1135a416718
26	4	206	5163cbc3-cb15-4ddd-9b12-077571dc211c
29	1	303	169ec02a-e836-4627-ac5b-9d48779f22cf
27	1	407	70d5e9dd-13e9-42ae-b4fa-6d612455cd67
28	0	7	9a4048cb-f69e-4b83-99ef-807973df1b0a
30	2	121	667fa3c8-b0d1-41d5-8822-f5a869b8b509
31	2	441	7ecbdf43-dcaf-4e21-a94c-638a7b88110f
32	1	57	2440256e-2000-46fb-9e30-ea654a32009f
33	2	343	08767c6b-2e55-4cdc-8e30-1774014d5151
34	1	351	47ae45b1-7d8f-477c-8c8f-827a86739fee
37	1	114	27495920-b766-4c30-b75e-de94f186e8ec
38	1	26	a04bca83-e683-4a5e-b69a-ce45386d694d
35	0	498	b8dd0b37-895f-4b74-85fb-7501b7627bd5
36	0	466	3716cbf3-45aa-42d6-b336-7bf78d68c2f4
39	2	294	8c008166-dc70-4fbb-8496-fad1dff958fc
40	0	454	e80ec255-abc2-4090-93f2-777348da2a1f
41	1	334	53b9fe36-492c-46ab-bbb8-2dc969dd0b70
42	1	186	8c2a819a-3624-40ce-be49-c9ee5f070111
43	4	410	8404b82d-48d8-456b-bd6b-3040e1e0f694
45	4	198	d7783ba9-88b6-4bb0-a20c-ca139ce3f563
46	4	118	a3f74004-e16d-4dd3-b054-a080e6964e7b
44	0	174	8763da83-a6d1-464d-9664-80262c50f361
47	3	519	669515eb-5670-4690-8637-f507bab46ef7
48	1	104	4e68d6fc-3e67-4ac8-b3f2-8a4c6b470420
49	1	504	279e3af9-f43a-41cf-8bd0-43beb3bff1f9
50	4	272	d7447f27-67c9-405d-8509-83441f73c6f9
51	2	162	336980f8-004f-444b-994c-4369acd0f56b
52	4	506	1aa2a2fa-2981-4e64-a128-c856b55d27b4
53	1	154	ba64c45f-f521-40a1-840b-8afca3272aca
\.


--
-- Data for Name: warehouse_channelwarehouse; Type: TABLE DATA; Schema: public; Owner: saleor
--

COPY public.warehouse_channelwarehouse (id, warehouse_id, channel_id, sort_order) FROM stdin;
1	bf89d502-fca5-4d53-b526-3b5fdfb44f5b	1	\N
2	147362fb-cf3d-46dc-afd7-0598f0052e94	1	\N
3	147362fb-cf3d-46dc-afd7-0598f0052e94	2	\N
4	53025308-32cf-458c-8b14-d4bb73186fbe	1	\N
5	53025308-32cf-458c-8b14-d4bb73186fbe	2	\N
6	1a77722a-0df8-40bc-b79c-85162b3ba1d5	1	\N
7	1a77722a-0df8-40bc-b79c-85162b3ba1d5	2	\N
8	453b97b6-cf64-4b3d-ba23-34da2b5644c6	1	\N
9	453b97b6-cf64-4b3d-ba23-34da2b5644c6	2	\N
10	2b834c2e-949b-4cd9-893c-1925f2a38336	1	\N
11	2b834c2e-949b-4cd9-893c-1925f2a38336	2	\N
12	5e0144da-1e56-4fa1-ad04-9961b6a928ba	1	\N
13	5e0144da-1e56-4fa1-ad04-9961b6a928ba	2	\N
14	24c01e5a-4950-40a3-9b2b-df2653796e62	2	\N
\.


--
-- Data for Name: warehouse_preorderallocation; Type: TABLE DATA; Schema: public; Owner: saleor
--

COPY public.warehouse_preorderallocation (id, quantity, product_variant_channel_listing_id, order_line_id) FROM stdin;
\.


--
-- Data for Name: warehouse_preorderreservation; Type: TABLE DATA; Schema: public; Owner: saleor
--

COPY public.warehouse_preorderreservation (id, quantity_reserved, reserved_until, product_variant_channel_listing_id, checkout_line_id) FROM stdin;
\.


--
-- Data for Name: warehouse_reservation; Type: TABLE DATA; Schema: public; Owner: saleor
--

COPY public.warehouse_reservation (id, quantity_reserved, reserved_until, stock_id, checkout_line_id) FROM stdin;
\.


--
-- Data for Name: warehouse_stock; Type: TABLE DATA; Schema: public; Owner: saleor
--

COPY public.warehouse_stock (id, quantity, product_variant_id, warehouse_id, quantity_allocated) FROM stdin;
1	285	324	1a77722a-0df8-40bc-b79c-85162b3ba1d5	0
2	285	324	53025308-32cf-458c-8b14-d4bb73186fbe	0
3	285	324	bf89d502-fca5-4d53-b526-3b5fdfb44f5b	0
4	285	324	24c01e5a-4950-40a3-9b2b-df2653796e62	0
5	285	324	147362fb-cf3d-46dc-afd7-0598f0052e94	0
6	285	324	453b97b6-cf64-4b3d-ba23-34da2b5644c6	0
8	285	324	5e0144da-1e56-4fa1-ad04-9961b6a928ba	0
9	446	325	1a77722a-0df8-40bc-b79c-85162b3ba1d5	0
10	446	325	53025308-32cf-458c-8b14-d4bb73186fbe	0
11	446	325	bf89d502-fca5-4d53-b526-3b5fdfb44f5b	0
12	446	325	24c01e5a-4950-40a3-9b2b-df2653796e62	0
13	446	325	147362fb-cf3d-46dc-afd7-0598f0052e94	0
14	446	325	453b97b6-cf64-4b3d-ba23-34da2b5644c6	0
15	446	325	2b834c2e-949b-4cd9-893c-1925f2a38336	0
16	446	325	5e0144da-1e56-4fa1-ad04-9961b6a928ba	0
17	315	326	1a77722a-0df8-40bc-b79c-85162b3ba1d5	0
18	315	326	53025308-32cf-458c-8b14-d4bb73186fbe	0
19	315	326	bf89d502-fca5-4d53-b526-3b5fdfb44f5b	0
20	315	326	24c01e5a-4950-40a3-9b2b-df2653796e62	0
21	315	326	147362fb-cf3d-46dc-afd7-0598f0052e94	0
22	315	326	453b97b6-cf64-4b3d-ba23-34da2b5644c6	0
23	315	326	2b834c2e-949b-4cd9-893c-1925f2a38336	0
24	315	326	5e0144da-1e56-4fa1-ad04-9961b6a928ba	0
25	362	327	1a77722a-0df8-40bc-b79c-85162b3ba1d5	0
27	362	327	bf89d502-fca5-4d53-b526-3b5fdfb44f5b	0
28	362	327	24c01e5a-4950-40a3-9b2b-df2653796e62	0
29	362	327	147362fb-cf3d-46dc-afd7-0598f0052e94	0
30	362	327	453b97b6-cf64-4b3d-ba23-34da2b5644c6	0
31	362	327	2b834c2e-949b-4cd9-893c-1925f2a38336	0
32	362	327	5e0144da-1e56-4fa1-ad04-9961b6a928ba	0
33	157	328	1a77722a-0df8-40bc-b79c-85162b3ba1d5	0
34	157	328	53025308-32cf-458c-8b14-d4bb73186fbe	0
35	157	328	bf89d502-fca5-4d53-b526-3b5fdfb44f5b	0
36	157	328	24c01e5a-4950-40a3-9b2b-df2653796e62	0
37	157	328	147362fb-cf3d-46dc-afd7-0598f0052e94	0
38	157	328	453b97b6-cf64-4b3d-ba23-34da2b5644c6	0
39	157	328	2b834c2e-949b-4cd9-893c-1925f2a38336	0
40	157	328	5e0144da-1e56-4fa1-ad04-9961b6a928ba	0
41	283	329	1a77722a-0df8-40bc-b79c-85162b3ba1d5	0
42	283	329	53025308-32cf-458c-8b14-d4bb73186fbe	0
43	283	329	bf89d502-fca5-4d53-b526-3b5fdfb44f5b	0
44	283	329	24c01e5a-4950-40a3-9b2b-df2653796e62	0
45	283	329	147362fb-cf3d-46dc-afd7-0598f0052e94	0
46	283	329	453b97b6-cf64-4b3d-ba23-34da2b5644c6	0
47	283	329	2b834c2e-949b-4cd9-893c-1925f2a38336	0
48	283	329	5e0144da-1e56-4fa1-ad04-9961b6a928ba	0
49	394	330	1a77722a-0df8-40bc-b79c-85162b3ba1d5	0
50	394	330	53025308-32cf-458c-8b14-d4bb73186fbe	0
51	394	330	bf89d502-fca5-4d53-b526-3b5fdfb44f5b	0
52	394	330	24c01e5a-4950-40a3-9b2b-df2653796e62	0
53	394	330	147362fb-cf3d-46dc-afd7-0598f0052e94	0
54	394	330	453b97b6-cf64-4b3d-ba23-34da2b5644c6	0
55	394	330	2b834c2e-949b-4cd9-893c-1925f2a38336	0
56	394	330	5e0144da-1e56-4fa1-ad04-9961b6a928ba	0
58	129	331	53025308-32cf-458c-8b14-d4bb73186fbe	0
59	129	331	bf89d502-fca5-4d53-b526-3b5fdfb44f5b	0
60	129	331	24c01e5a-4950-40a3-9b2b-df2653796e62	0
61	129	331	147362fb-cf3d-46dc-afd7-0598f0052e94	0
62	129	331	453b97b6-cf64-4b3d-ba23-34da2b5644c6	0
63	129	331	2b834c2e-949b-4cd9-893c-1925f2a38336	0
64	129	331	5e0144da-1e56-4fa1-ad04-9961b6a928ba	0
65	192	332	1a77722a-0df8-40bc-b79c-85162b3ba1d5	0
66	192	332	53025308-32cf-458c-8b14-d4bb73186fbe	0
67	192	332	bf89d502-fca5-4d53-b526-3b5fdfb44f5b	0
68	192	332	24c01e5a-4950-40a3-9b2b-df2653796e62	0
69	192	332	147362fb-cf3d-46dc-afd7-0598f0052e94	0
70	192	332	453b97b6-cf64-4b3d-ba23-34da2b5644c6	0
72	192	332	5e0144da-1e56-4fa1-ad04-9961b6a928ba	0
73	288	333	1a77722a-0df8-40bc-b79c-85162b3ba1d5	0
75	288	333	bf89d502-fca5-4d53-b526-3b5fdfb44f5b	0
76	288	333	24c01e5a-4950-40a3-9b2b-df2653796e62	0
77	288	333	147362fb-cf3d-46dc-afd7-0598f0052e94	0
78	288	333	453b97b6-cf64-4b3d-ba23-34da2b5644c6	0
79	288	333	2b834c2e-949b-4cd9-893c-1925f2a38336	0
80	288	333	5e0144da-1e56-4fa1-ad04-9961b6a928ba	0
81	428	334	1a77722a-0df8-40bc-b79c-85162b3ba1d5	0
82	428	334	53025308-32cf-458c-8b14-d4bb73186fbe	0
83	428	334	bf89d502-fca5-4d53-b526-3b5fdfb44f5b	0
84	428	334	24c01e5a-4950-40a3-9b2b-df2653796e62	0
85	428	334	147362fb-cf3d-46dc-afd7-0598f0052e94	0
86	428	334	453b97b6-cf64-4b3d-ba23-34da2b5644c6	0
87	428	334	2b834c2e-949b-4cd9-893c-1925f2a38336	0
88	428	334	5e0144da-1e56-4fa1-ad04-9961b6a928ba	0
89	317	335	1a77722a-0df8-40bc-b79c-85162b3ba1d5	0
90	317	335	53025308-32cf-458c-8b14-d4bb73186fbe	0
91	317	335	bf89d502-fca5-4d53-b526-3b5fdfb44f5b	0
92	317	335	24c01e5a-4950-40a3-9b2b-df2653796e62	0
93	317	335	147362fb-cf3d-46dc-afd7-0598f0052e94	0
94	317	335	453b97b6-cf64-4b3d-ba23-34da2b5644c6	0
96	317	335	5e0144da-1e56-4fa1-ad04-9961b6a928ba	0
97	381	336	1a77722a-0df8-40bc-b79c-85162b3ba1d5	0
98	381	336	53025308-32cf-458c-8b14-d4bb73186fbe	0
99	381	336	bf89d502-fca5-4d53-b526-3b5fdfb44f5b	0
100	381	336	24c01e5a-4950-40a3-9b2b-df2653796e62	0
101	381	336	147362fb-cf3d-46dc-afd7-0598f0052e94	0
102	381	336	453b97b6-cf64-4b3d-ba23-34da2b5644c6	0
103	381	336	2b834c2e-949b-4cd9-893c-1925f2a38336	0
105	261	337	1a77722a-0df8-40bc-b79c-85162b3ba1d5	0
106	261	337	53025308-32cf-458c-8b14-d4bb73186fbe	0
107	261	337	bf89d502-fca5-4d53-b526-3b5fdfb44f5b	0
108	261	337	24c01e5a-4950-40a3-9b2b-df2653796e62	0
109	261	337	147362fb-cf3d-46dc-afd7-0598f0052e94	0
110	261	337	453b97b6-cf64-4b3d-ba23-34da2b5644c6	0
112	261	337	5e0144da-1e56-4fa1-ad04-9961b6a928ba	0
113	278	338	1a77722a-0df8-40bc-b79c-85162b3ba1d5	0
115	278	338	bf89d502-fca5-4d53-b526-3b5fdfb44f5b	0
116	278	338	24c01e5a-4950-40a3-9b2b-df2653796e62	0
117	278	338	147362fb-cf3d-46dc-afd7-0598f0052e94	0
119	278	338	2b834c2e-949b-4cd9-893c-1925f2a38336	0
120	278	338	5e0144da-1e56-4fa1-ad04-9961b6a928ba	0
122	398	339	53025308-32cf-458c-8b14-d4bb73186fbe	0
123	398	339	bf89d502-fca5-4d53-b526-3b5fdfb44f5b	0
124	398	339	24c01e5a-4950-40a3-9b2b-df2653796e62	0
125	398	339	147362fb-cf3d-46dc-afd7-0598f0052e94	0
126	398	339	453b97b6-cf64-4b3d-ba23-34da2b5644c6	0
127	398	339	2b834c2e-949b-4cd9-893c-1925f2a38336	0
128	398	339	5e0144da-1e56-4fa1-ad04-9961b6a928ba	0
129	387	340	1a77722a-0df8-40bc-b79c-85162b3ba1d5	0
130	387	340	53025308-32cf-458c-8b14-d4bb73186fbe	0
131	387	340	bf89d502-fca5-4d53-b526-3b5fdfb44f5b	0
132	387	340	24c01e5a-4950-40a3-9b2b-df2653796e62	0
133	387	340	147362fb-cf3d-46dc-afd7-0598f0052e94	0
134	387	340	453b97b6-cf64-4b3d-ba23-34da2b5644c6	0
135	387	340	2b834c2e-949b-4cd9-893c-1925f2a38336	0
136	387	340	5e0144da-1e56-4fa1-ad04-9961b6a928ba	0
71	195	332	2b834c2e-949b-4cd9-893c-1925f2a38336	2
95	319	335	2b834c2e-949b-4cd9-893c-1925f2a38336	1
121	400	339	1a77722a-0df8-40bc-b79c-85162b3ba1d5	2
57	130	331	1a77722a-0df8-40bc-b79c-85162b3ba1d5	1
114	279	338	53025308-32cf-458c-8b14-d4bb73186fbe	1
26	363	327	53025308-32cf-458c-8b14-d4bb73186fbe	1
118	282	338	453b97b6-cf64-4b3d-ba23-34da2b5644c6	4
104	382	336	5e0144da-1e56-4fa1-ad04-9961b6a928ba	1
137	395	341	1a77722a-0df8-40bc-b79c-85162b3ba1d5	0
138	395	341	53025308-32cf-458c-8b14-d4bb73186fbe	0
139	395	341	bf89d502-fca5-4d53-b526-3b5fdfb44f5b	0
140	395	341	24c01e5a-4950-40a3-9b2b-df2653796e62	0
141	395	341	147362fb-cf3d-46dc-afd7-0598f0052e94	0
142	395	341	453b97b6-cf64-4b3d-ba23-34da2b5644c6	0
143	395	341	2b834c2e-949b-4cd9-893c-1925f2a38336	0
144	395	341	5e0144da-1e56-4fa1-ad04-9961b6a928ba	0
145	124	342	1a77722a-0df8-40bc-b79c-85162b3ba1d5	0
146	124	342	53025308-32cf-458c-8b14-d4bb73186fbe	0
147	124	342	bf89d502-fca5-4d53-b526-3b5fdfb44f5b	0
148	124	342	24c01e5a-4950-40a3-9b2b-df2653796e62	0
149	124	342	147362fb-cf3d-46dc-afd7-0598f0052e94	0
150	124	342	453b97b6-cf64-4b3d-ba23-34da2b5644c6	0
152	124	342	5e0144da-1e56-4fa1-ad04-9961b6a928ba	0
153	139	343	1a77722a-0df8-40bc-b79c-85162b3ba1d5	0
155	139	343	bf89d502-fca5-4d53-b526-3b5fdfb44f5b	0
156	139	343	24c01e5a-4950-40a3-9b2b-df2653796e62	0
157	139	343	147362fb-cf3d-46dc-afd7-0598f0052e94	0
158	139	343	453b97b6-cf64-4b3d-ba23-34da2b5644c6	0
159	139	343	2b834c2e-949b-4cd9-893c-1925f2a38336	0
160	139	343	5e0144da-1e56-4fa1-ad04-9961b6a928ba	0
161	140	344	1a77722a-0df8-40bc-b79c-85162b3ba1d5	0
163	140	344	bf89d502-fca5-4d53-b526-3b5fdfb44f5b	0
164	140	344	24c01e5a-4950-40a3-9b2b-df2653796e62	0
165	140	344	147362fb-cf3d-46dc-afd7-0598f0052e94	0
166	140	344	453b97b6-cf64-4b3d-ba23-34da2b5644c6	0
167	140	344	2b834c2e-949b-4cd9-893c-1925f2a38336	0
168	140	344	5e0144da-1e56-4fa1-ad04-9961b6a928ba	0
169	481	345	1a77722a-0df8-40bc-b79c-85162b3ba1d5	0
170	481	345	53025308-32cf-458c-8b14-d4bb73186fbe	0
171	481	345	bf89d502-fca5-4d53-b526-3b5fdfb44f5b	0
172	481	345	24c01e5a-4950-40a3-9b2b-df2653796e62	0
173	481	345	147362fb-cf3d-46dc-afd7-0598f0052e94	0
176	481	345	5e0144da-1e56-4fa1-ad04-9961b6a928ba	0
177	114	346	1a77722a-0df8-40bc-b79c-85162b3ba1d5	0
178	114	346	53025308-32cf-458c-8b14-d4bb73186fbe	0
179	114	346	bf89d502-fca5-4d53-b526-3b5fdfb44f5b	0
180	114	346	24c01e5a-4950-40a3-9b2b-df2653796e62	0
181	114	346	147362fb-cf3d-46dc-afd7-0598f0052e94	0
182	114	346	453b97b6-cf64-4b3d-ba23-34da2b5644c6	0
183	114	346	2b834c2e-949b-4cd9-893c-1925f2a38336	0
184	114	346	5e0144da-1e56-4fa1-ad04-9961b6a928ba	0
185	317	347	1a77722a-0df8-40bc-b79c-85162b3ba1d5	0
187	317	347	bf89d502-fca5-4d53-b526-3b5fdfb44f5b	0
188	317	347	24c01e5a-4950-40a3-9b2b-df2653796e62	0
189	317	347	147362fb-cf3d-46dc-afd7-0598f0052e94	0
190	317	347	453b97b6-cf64-4b3d-ba23-34da2b5644c6	0
191	317	347	2b834c2e-949b-4cd9-893c-1925f2a38336	0
192	317	347	5e0144da-1e56-4fa1-ad04-9961b6a928ba	0
193	325	348	1a77722a-0df8-40bc-b79c-85162b3ba1d5	0
194	325	348	53025308-32cf-458c-8b14-d4bb73186fbe	0
195	325	348	bf89d502-fca5-4d53-b526-3b5fdfb44f5b	0
196	325	348	24c01e5a-4950-40a3-9b2b-df2653796e62	0
197	325	348	147362fb-cf3d-46dc-afd7-0598f0052e94	0
201	444	349	1a77722a-0df8-40bc-b79c-85162b3ba1d5	0
202	444	349	53025308-32cf-458c-8b14-d4bb73186fbe	0
203	444	349	bf89d502-fca5-4d53-b526-3b5fdfb44f5b	0
204	444	349	24c01e5a-4950-40a3-9b2b-df2653796e62	0
205	444	349	147362fb-cf3d-46dc-afd7-0598f0052e94	0
207	444	349	2b834c2e-949b-4cd9-893c-1925f2a38336	0
208	444	349	5e0144da-1e56-4fa1-ad04-9961b6a928ba	0
209	478	350	1a77722a-0df8-40bc-b79c-85162b3ba1d5	0
210	478	350	53025308-32cf-458c-8b14-d4bb73186fbe	0
211	478	350	bf89d502-fca5-4d53-b526-3b5fdfb44f5b	0
212	478	350	24c01e5a-4950-40a3-9b2b-df2653796e62	0
213	478	350	147362fb-cf3d-46dc-afd7-0598f0052e94	0
214	478	350	453b97b6-cf64-4b3d-ba23-34da2b5644c6	0
215	478	350	2b834c2e-949b-4cd9-893c-1925f2a38336	0
216	478	350	5e0144da-1e56-4fa1-ad04-9961b6a928ba	0
217	158	351	1a77722a-0df8-40bc-b79c-85162b3ba1d5	0
218	158	351	53025308-32cf-458c-8b14-d4bb73186fbe	0
219	158	351	bf89d502-fca5-4d53-b526-3b5fdfb44f5b	0
220	158	351	24c01e5a-4950-40a3-9b2b-df2653796e62	0
221	158	351	147362fb-cf3d-46dc-afd7-0598f0052e94	0
222	158	351	453b97b6-cf64-4b3d-ba23-34da2b5644c6	0
224	158	351	5e0144da-1e56-4fa1-ad04-9961b6a928ba	0
225	469	352	1a77722a-0df8-40bc-b79c-85162b3ba1d5	0
226	469	352	53025308-32cf-458c-8b14-d4bb73186fbe	0
227	469	352	bf89d502-fca5-4d53-b526-3b5fdfb44f5b	0
228	469	352	24c01e5a-4950-40a3-9b2b-df2653796e62	0
229	469	352	147362fb-cf3d-46dc-afd7-0598f0052e94	0
230	469	352	453b97b6-cf64-4b3d-ba23-34da2b5644c6	0
231	469	352	2b834c2e-949b-4cd9-893c-1925f2a38336	0
232	469	352	5e0144da-1e56-4fa1-ad04-9961b6a928ba	0
233	149	353	1a77722a-0df8-40bc-b79c-85162b3ba1d5	0
235	149	353	bf89d502-fca5-4d53-b526-3b5fdfb44f5b	0
236	149	353	24c01e5a-4950-40a3-9b2b-df2653796e62	0
237	149	353	147362fb-cf3d-46dc-afd7-0598f0052e94	0
238	149	353	453b97b6-cf64-4b3d-ba23-34da2b5644c6	0
239	149	353	2b834c2e-949b-4cd9-893c-1925f2a38336	0
240	149	353	5e0144da-1e56-4fa1-ad04-9961b6a928ba	0
241	447	354	1a77722a-0df8-40bc-b79c-85162b3ba1d5	0
242	447	354	53025308-32cf-458c-8b14-d4bb73186fbe	0
243	447	354	bf89d502-fca5-4d53-b526-3b5fdfb44f5b	0
244	447	354	24c01e5a-4950-40a3-9b2b-df2653796e62	0
245	447	354	147362fb-cf3d-46dc-afd7-0598f0052e94	0
246	447	354	453b97b6-cf64-4b3d-ba23-34da2b5644c6	0
247	447	354	2b834c2e-949b-4cd9-893c-1925f2a38336	0
249	241	355	1a77722a-0df8-40bc-b79c-85162b3ba1d5	0
250	241	355	53025308-32cf-458c-8b14-d4bb73186fbe	0
251	241	355	bf89d502-fca5-4d53-b526-3b5fdfb44f5b	0
252	241	355	24c01e5a-4950-40a3-9b2b-df2653796e62	0
253	241	355	147362fb-cf3d-46dc-afd7-0598f0052e94	0
254	241	355	453b97b6-cf64-4b3d-ba23-34da2b5644c6	0
255	241	355	2b834c2e-949b-4cd9-893c-1925f2a38336	0
256	241	355	5e0144da-1e56-4fa1-ad04-9961b6a928ba	0
257	490	356	1a77722a-0df8-40bc-b79c-85162b3ba1d5	0
258	490	356	53025308-32cf-458c-8b14-d4bb73186fbe	0
259	490	356	bf89d502-fca5-4d53-b526-3b5fdfb44f5b	0
260	490	356	24c01e5a-4950-40a3-9b2b-df2653796e62	0
261	490	356	147362fb-cf3d-46dc-afd7-0598f0052e94	0
262	490	356	453b97b6-cf64-4b3d-ba23-34da2b5644c6	0
264	490	356	5e0144da-1e56-4fa1-ad04-9961b6a928ba	0
265	352	357	1a77722a-0df8-40bc-b79c-85162b3ba1d5	0
266	352	357	53025308-32cf-458c-8b14-d4bb73186fbe	0
267	352	357	bf89d502-fca5-4d53-b526-3b5fdfb44f5b	0
268	352	357	24c01e5a-4950-40a3-9b2b-df2653796e62	0
269	352	357	147362fb-cf3d-46dc-afd7-0598f0052e94	0
270	352	357	453b97b6-cf64-4b3d-ba23-34da2b5644c6	0
271	352	357	2b834c2e-949b-4cd9-893c-1925f2a38336	0
234	151	353	53025308-32cf-458c-8b14-d4bb73186fbe	0
175	483	345	2b834c2e-949b-4cd9-893c-1925f2a38336	2
174	483	345	453b97b6-cf64-4b3d-ba23-34da2b5644c6	0
223	159	351	2b834c2e-949b-4cd9-893c-1925f2a38336	1
151	126	342	2b834c2e-949b-4cd9-893c-1925f2a38336	2
199	326	348	2b834c2e-949b-4cd9-893c-1925f2a38336	1
206	448	349	453b97b6-cf64-4b3d-ba23-34da2b5644c6	4
186	318	347	53025308-32cf-458c-8b14-d4bb73186fbe	1
198	329	348	453b97b6-cf64-4b3d-ba23-34da2b5644c6	4
272	356	357	5e0144da-1e56-4fa1-ad04-9961b6a928ba	4
162	142	344	53025308-32cf-458c-8b14-d4bb73186fbe	2
154	140	343	53025308-32cf-458c-8b14-d4bb73186fbe	1
273	167	358	1a77722a-0df8-40bc-b79c-85162b3ba1d5	0
274	167	358	53025308-32cf-458c-8b14-d4bb73186fbe	0
275	167	358	bf89d502-fca5-4d53-b526-3b5fdfb44f5b	0
276	167	358	24c01e5a-4950-40a3-9b2b-df2653796e62	0
277	167	358	147362fb-cf3d-46dc-afd7-0598f0052e94	0
278	167	358	453b97b6-cf64-4b3d-ba23-34da2b5644c6	0
279	167	358	2b834c2e-949b-4cd9-893c-1925f2a38336	0
280	167	358	5e0144da-1e56-4fa1-ad04-9961b6a928ba	0
281	371	359	1a77722a-0df8-40bc-b79c-85162b3ba1d5	0
282	371	359	53025308-32cf-458c-8b14-d4bb73186fbe	0
283	371	359	bf89d502-fca5-4d53-b526-3b5fdfb44f5b	0
284	371	359	24c01e5a-4950-40a3-9b2b-df2653796e62	0
285	371	359	147362fb-cf3d-46dc-afd7-0598f0052e94	0
286	371	359	453b97b6-cf64-4b3d-ba23-34da2b5644c6	0
288	371	359	5e0144da-1e56-4fa1-ad04-9961b6a928ba	0
289	181	360	1a77722a-0df8-40bc-b79c-85162b3ba1d5	0
290	181	360	53025308-32cf-458c-8b14-d4bb73186fbe	0
291	181	360	bf89d502-fca5-4d53-b526-3b5fdfb44f5b	0
292	181	360	24c01e5a-4950-40a3-9b2b-df2653796e62	0
293	181	360	147362fb-cf3d-46dc-afd7-0598f0052e94	0
295	181	360	2b834c2e-949b-4cd9-893c-1925f2a38336	0
296	181	360	5e0144da-1e56-4fa1-ad04-9961b6a928ba	0
297	249	361	1a77722a-0df8-40bc-b79c-85162b3ba1d5	0
298	249	361	53025308-32cf-458c-8b14-d4bb73186fbe	0
299	249	361	bf89d502-fca5-4d53-b526-3b5fdfb44f5b	0
300	249	361	24c01e5a-4950-40a3-9b2b-df2653796e62	0
301	249	361	147362fb-cf3d-46dc-afd7-0598f0052e94	0
302	249	361	453b97b6-cf64-4b3d-ba23-34da2b5644c6	0
304	249	361	5e0144da-1e56-4fa1-ad04-9961b6a928ba	0
305	371	362	1a77722a-0df8-40bc-b79c-85162b3ba1d5	0
306	371	362	53025308-32cf-458c-8b14-d4bb73186fbe	0
307	371	362	bf89d502-fca5-4d53-b526-3b5fdfb44f5b	0
308	371	362	24c01e5a-4950-40a3-9b2b-df2653796e62	0
309	371	362	147362fb-cf3d-46dc-afd7-0598f0052e94	0
310	371	362	453b97b6-cf64-4b3d-ba23-34da2b5644c6	0
311	371	362	2b834c2e-949b-4cd9-893c-1925f2a38336	0
312	371	362	5e0144da-1e56-4fa1-ad04-9961b6a928ba	0
313	200	363	1a77722a-0df8-40bc-b79c-85162b3ba1d5	0
314	200	363	53025308-32cf-458c-8b14-d4bb73186fbe	0
315	200	363	bf89d502-fca5-4d53-b526-3b5fdfb44f5b	0
316	200	363	24c01e5a-4950-40a3-9b2b-df2653796e62	0
317	200	363	147362fb-cf3d-46dc-afd7-0598f0052e94	0
318	200	363	453b97b6-cf64-4b3d-ba23-34da2b5644c6	0
319	200	363	2b834c2e-949b-4cd9-893c-1925f2a38336	0
320	200	363	5e0144da-1e56-4fa1-ad04-9961b6a928ba	0
321	458	364	1a77722a-0df8-40bc-b79c-85162b3ba1d5	0
322	458	364	53025308-32cf-458c-8b14-d4bb73186fbe	0
323	458	364	bf89d502-fca5-4d53-b526-3b5fdfb44f5b	0
324	458	364	24c01e5a-4950-40a3-9b2b-df2653796e62	0
325	458	364	147362fb-cf3d-46dc-afd7-0598f0052e94	0
326	458	364	453b97b6-cf64-4b3d-ba23-34da2b5644c6	0
327	458	364	2b834c2e-949b-4cd9-893c-1925f2a38336	0
328	458	364	5e0144da-1e56-4fa1-ad04-9961b6a928ba	0
329	323	365	1a77722a-0df8-40bc-b79c-85162b3ba1d5	0
330	323	365	53025308-32cf-458c-8b14-d4bb73186fbe	0
331	323	365	bf89d502-fca5-4d53-b526-3b5fdfb44f5b	0
332	323	365	24c01e5a-4950-40a3-9b2b-df2653796e62	0
333	323	365	147362fb-cf3d-46dc-afd7-0598f0052e94	0
335	323	365	2b834c2e-949b-4cd9-893c-1925f2a38336	0
336	323	365	5e0144da-1e56-4fa1-ad04-9961b6a928ba	0
337	337	366	1a77722a-0df8-40bc-b79c-85162b3ba1d5	0
339	337	366	bf89d502-fca5-4d53-b526-3b5fdfb44f5b	0
340	337	366	24c01e5a-4950-40a3-9b2b-df2653796e62	0
341	337	366	147362fb-cf3d-46dc-afd7-0598f0052e94	0
342	337	366	453b97b6-cf64-4b3d-ba23-34da2b5644c6	0
344	337	366	5e0144da-1e56-4fa1-ad04-9961b6a928ba	0
345	462	368	1a77722a-0df8-40bc-b79c-85162b3ba1d5	0
346	462	368	53025308-32cf-458c-8b14-d4bb73186fbe	0
347	462	368	bf89d502-fca5-4d53-b526-3b5fdfb44f5b	0
348	462	368	24c01e5a-4950-40a3-9b2b-df2653796e62	0
349	462	368	147362fb-cf3d-46dc-afd7-0598f0052e94	0
350	462	368	453b97b6-cf64-4b3d-ba23-34da2b5644c6	0
352	462	368	5e0144da-1e56-4fa1-ad04-9961b6a928ba	0
353	385	370	1a77722a-0df8-40bc-b79c-85162b3ba1d5	0
354	385	370	53025308-32cf-458c-8b14-d4bb73186fbe	0
355	385	370	bf89d502-fca5-4d53-b526-3b5fdfb44f5b	0
356	385	370	24c01e5a-4950-40a3-9b2b-df2653796e62	0
357	385	370	147362fb-cf3d-46dc-afd7-0598f0052e94	0
358	385	370	453b97b6-cf64-4b3d-ba23-34da2b5644c6	0
359	385	370	2b834c2e-949b-4cd9-893c-1925f2a38336	0
360	385	370	5e0144da-1e56-4fa1-ad04-9961b6a928ba	0
361	124	371	1a77722a-0df8-40bc-b79c-85162b3ba1d5	0
362	124	371	53025308-32cf-458c-8b14-d4bb73186fbe	0
363	124	371	bf89d502-fca5-4d53-b526-3b5fdfb44f5b	0
364	124	371	24c01e5a-4950-40a3-9b2b-df2653796e62	0
365	124	371	147362fb-cf3d-46dc-afd7-0598f0052e94	0
366	124	371	453b97b6-cf64-4b3d-ba23-34da2b5644c6	0
367	124	371	2b834c2e-949b-4cd9-893c-1925f2a38336	0
368	124	371	5e0144da-1e56-4fa1-ad04-9961b6a928ba	0
369	368	372	1a77722a-0df8-40bc-b79c-85162b3ba1d5	0
370	368	372	53025308-32cf-458c-8b14-d4bb73186fbe	0
371	368	372	bf89d502-fca5-4d53-b526-3b5fdfb44f5b	0
372	368	372	24c01e5a-4950-40a3-9b2b-df2653796e62	0
373	368	372	147362fb-cf3d-46dc-afd7-0598f0052e94	0
374	368	372	453b97b6-cf64-4b3d-ba23-34da2b5644c6	0
376	368	372	5e0144da-1e56-4fa1-ad04-9961b6a928ba	0
377	107	373	1a77722a-0df8-40bc-b79c-85162b3ba1d5	0
378	107	373	53025308-32cf-458c-8b14-d4bb73186fbe	0
379	107	373	bf89d502-fca5-4d53-b526-3b5fdfb44f5b	0
380	107	373	24c01e5a-4950-40a3-9b2b-df2653796e62	0
381	107	373	147362fb-cf3d-46dc-afd7-0598f0052e94	0
382	107	373	453b97b6-cf64-4b3d-ba23-34da2b5644c6	0
383	107	373	2b834c2e-949b-4cd9-893c-1925f2a38336	0
384	107	373	5e0144da-1e56-4fa1-ad04-9961b6a928ba	0
385	477	374	1a77722a-0df8-40bc-b79c-85162b3ba1d5	0
386	477	374	53025308-32cf-458c-8b14-d4bb73186fbe	0
387	477	374	bf89d502-fca5-4d53-b526-3b5fdfb44f5b	0
388	477	374	24c01e5a-4950-40a3-9b2b-df2653796e62	0
389	477	374	147362fb-cf3d-46dc-afd7-0598f0052e94	0
390	477	374	453b97b6-cf64-4b3d-ba23-34da2b5644c6	0
392	477	374	5e0144da-1e56-4fa1-ad04-9961b6a928ba	0
393	215	375	1a77722a-0df8-40bc-b79c-85162b3ba1d5	0
394	215	375	53025308-32cf-458c-8b14-d4bb73186fbe	0
395	215	375	bf89d502-fca5-4d53-b526-3b5fdfb44f5b	0
396	215	375	24c01e5a-4950-40a3-9b2b-df2653796e62	0
397	215	375	147362fb-cf3d-46dc-afd7-0598f0052e94	0
398	215	375	453b97b6-cf64-4b3d-ba23-34da2b5644c6	0
399	215	375	2b834c2e-949b-4cd9-893c-1925f2a38336	0
400	215	375	5e0144da-1e56-4fa1-ad04-9961b6a928ba	0
401	395	376	1a77722a-0df8-40bc-b79c-85162b3ba1d5	0
402	395	376	53025308-32cf-458c-8b14-d4bb73186fbe	0
403	395	376	bf89d502-fca5-4d53-b526-3b5fdfb44f5b	0
404	395	376	24c01e5a-4950-40a3-9b2b-df2653796e62	0
405	395	376	147362fb-cf3d-46dc-afd7-0598f0052e94	0
406	395	376	453b97b6-cf64-4b3d-ba23-34da2b5644c6	0
408	395	376	5e0144da-1e56-4fa1-ad04-9961b6a928ba	0
338	341	366	53025308-32cf-458c-8b14-d4bb73186fbe	0
294	184	360	453b97b6-cf64-4b3d-ba23-34da2b5644c6	2
391	481	374	2b834c2e-949b-4cd9-893c-1925f2a38336	4
303	250	361	2b834c2e-949b-4cd9-893c-1925f2a38336	1
343	339	366	2b834c2e-949b-4cd9-893c-1925f2a38336	2
351	463	368	2b834c2e-949b-4cd9-893c-1925f2a38336	1
334	325	365	453b97b6-cf64-4b3d-ba23-34da2b5644c6	1
409	361	377	1a77722a-0df8-40bc-b79c-85162b3ba1d5	0
411	361	377	bf89d502-fca5-4d53-b526-3b5fdfb44f5b	0
412	361	377	24c01e5a-4950-40a3-9b2b-df2653796e62	0
413	361	377	147362fb-cf3d-46dc-afd7-0598f0052e94	0
414	361	377	453b97b6-cf64-4b3d-ba23-34da2b5644c6	0
415	361	377	2b834c2e-949b-4cd9-893c-1925f2a38336	0
416	361	377	5e0144da-1e56-4fa1-ad04-9961b6a928ba	0
417	183	378	1a77722a-0df8-40bc-b79c-85162b3ba1d5	0
418	183	378	53025308-32cf-458c-8b14-d4bb73186fbe	0
419	183	378	bf89d502-fca5-4d53-b526-3b5fdfb44f5b	0
420	183	378	24c01e5a-4950-40a3-9b2b-df2653796e62	0
421	183	378	147362fb-cf3d-46dc-afd7-0598f0052e94	0
422	183	378	453b97b6-cf64-4b3d-ba23-34da2b5644c6	0
424	183	378	5e0144da-1e56-4fa1-ad04-9961b6a928ba	0
425	230	379	1a77722a-0df8-40bc-b79c-85162b3ba1d5	0
426	230	379	53025308-32cf-458c-8b14-d4bb73186fbe	0
427	230	379	bf89d502-fca5-4d53-b526-3b5fdfb44f5b	0
428	230	379	24c01e5a-4950-40a3-9b2b-df2653796e62	0
429	230	379	147362fb-cf3d-46dc-afd7-0598f0052e94	0
430	230	379	453b97b6-cf64-4b3d-ba23-34da2b5644c6	0
431	230	379	2b834c2e-949b-4cd9-893c-1925f2a38336	0
432	230	379	5e0144da-1e56-4fa1-ad04-9961b6a928ba	0
433	450	380	1a77722a-0df8-40bc-b79c-85162b3ba1d5	0
434	450	380	53025308-32cf-458c-8b14-d4bb73186fbe	0
435	450	380	bf89d502-fca5-4d53-b526-3b5fdfb44f5b	0
436	450	380	24c01e5a-4950-40a3-9b2b-df2653796e62	0
437	450	380	147362fb-cf3d-46dc-afd7-0598f0052e94	0
438	450	380	453b97b6-cf64-4b3d-ba23-34da2b5644c6	0
439	450	380	2b834c2e-949b-4cd9-893c-1925f2a38336	0
440	450	380	5e0144da-1e56-4fa1-ad04-9961b6a928ba	0
442	372	382	53025308-32cf-458c-8b14-d4bb73186fbe	0
443	372	382	bf89d502-fca5-4d53-b526-3b5fdfb44f5b	0
444	372	382	24c01e5a-4950-40a3-9b2b-df2653796e62	0
445	372	382	147362fb-cf3d-46dc-afd7-0598f0052e94	0
446	372	382	453b97b6-cf64-4b3d-ba23-34da2b5644c6	0
447	372	382	2b834c2e-949b-4cd9-893c-1925f2a38336	0
448	372	382	5e0144da-1e56-4fa1-ad04-9961b6a928ba	0
450	317	383	53025308-32cf-458c-8b14-d4bb73186fbe	0
451	317	383	bf89d502-fca5-4d53-b526-3b5fdfb44f5b	0
452	317	383	24c01e5a-4950-40a3-9b2b-df2653796e62	0
453	317	383	147362fb-cf3d-46dc-afd7-0598f0052e94	0
455	317	383	2b834c2e-949b-4cd9-893c-1925f2a38336	0
456	317	383	5e0144da-1e56-4fa1-ad04-9961b6a928ba	0
457	287	384	1a77722a-0df8-40bc-b79c-85162b3ba1d5	0
458	287	384	53025308-32cf-458c-8b14-d4bb73186fbe	0
459	287	384	bf89d502-fca5-4d53-b526-3b5fdfb44f5b	0
460	287	384	24c01e5a-4950-40a3-9b2b-df2653796e62	0
462	287	384	453b97b6-cf64-4b3d-ba23-34da2b5644c6	0
464	287	384	5e0144da-1e56-4fa1-ad04-9961b6a928ba	0
465	500	385	1a77722a-0df8-40bc-b79c-85162b3ba1d5	0
467	500	385	bf89d502-fca5-4d53-b526-3b5fdfb44f5b	0
468	500	385	24c01e5a-4950-40a3-9b2b-df2653796e62	0
469	500	385	147362fb-cf3d-46dc-afd7-0598f0052e94	0
470	500	385	453b97b6-cf64-4b3d-ba23-34da2b5644c6	0
471	500	385	2b834c2e-949b-4cd9-893c-1925f2a38336	0
472	500	385	5e0144da-1e56-4fa1-ad04-9961b6a928ba	0
473	204	386	1a77722a-0df8-40bc-b79c-85162b3ba1d5	0
474	204	386	53025308-32cf-458c-8b14-d4bb73186fbe	0
475	204	386	bf89d502-fca5-4d53-b526-3b5fdfb44f5b	0
476	204	386	24c01e5a-4950-40a3-9b2b-df2653796e62	0
477	204	386	147362fb-cf3d-46dc-afd7-0598f0052e94	0
478	204	386	453b97b6-cf64-4b3d-ba23-34da2b5644c6	0
479	204	386	2b834c2e-949b-4cd9-893c-1925f2a38336	0
480	204	386	5e0144da-1e56-4fa1-ad04-9961b6a928ba	0
481	390	387	1a77722a-0df8-40bc-b79c-85162b3ba1d5	0
482	390	387	53025308-32cf-458c-8b14-d4bb73186fbe	0
483	390	387	bf89d502-fca5-4d53-b526-3b5fdfb44f5b	0
484	390	387	24c01e5a-4950-40a3-9b2b-df2653796e62	0
485	390	387	147362fb-cf3d-46dc-afd7-0598f0052e94	0
486	390	387	453b97b6-cf64-4b3d-ba23-34da2b5644c6	0
487	390	387	2b834c2e-949b-4cd9-893c-1925f2a38336	0
488	390	387	5e0144da-1e56-4fa1-ad04-9961b6a928ba	0
489	175	388	1a77722a-0df8-40bc-b79c-85162b3ba1d5	0
490	175	388	53025308-32cf-458c-8b14-d4bb73186fbe	0
491	175	388	bf89d502-fca5-4d53-b526-3b5fdfb44f5b	0
492	175	388	24c01e5a-4950-40a3-9b2b-df2653796e62	0
493	175	388	147362fb-cf3d-46dc-afd7-0598f0052e94	0
494	175	388	453b97b6-cf64-4b3d-ba23-34da2b5644c6	0
495	175	388	2b834c2e-949b-4cd9-893c-1925f2a38336	0
496	175	388	5e0144da-1e56-4fa1-ad04-9961b6a928ba	0
497	318	389	1a77722a-0df8-40bc-b79c-85162b3ba1d5	0
499	318	389	bf89d502-fca5-4d53-b526-3b5fdfb44f5b	0
500	318	389	24c01e5a-4950-40a3-9b2b-df2653796e62	0
501	318	389	147362fb-cf3d-46dc-afd7-0598f0052e94	0
502	318	389	453b97b6-cf64-4b3d-ba23-34da2b5644c6	0
503	318	389	2b834c2e-949b-4cd9-893c-1925f2a38336	0
505	335	390	1a77722a-0df8-40bc-b79c-85162b3ba1d5	0
507	335	390	bf89d502-fca5-4d53-b526-3b5fdfb44f5b	0
508	335	390	24c01e5a-4950-40a3-9b2b-df2653796e62	0
509	335	390	147362fb-cf3d-46dc-afd7-0598f0052e94	0
510	335	390	453b97b6-cf64-4b3d-ba23-34da2b5644c6	0
511	335	390	2b834c2e-949b-4cd9-893c-1925f2a38336	0
512	335	390	5e0144da-1e56-4fa1-ad04-9961b6a928ba	0
513	236	393	1a77722a-0df8-40bc-b79c-85162b3ba1d5	0
514	236	393	53025308-32cf-458c-8b14-d4bb73186fbe	0
515	236	393	bf89d502-fca5-4d53-b526-3b5fdfb44f5b	0
516	236	393	24c01e5a-4950-40a3-9b2b-df2653796e62	0
517	236	393	147362fb-cf3d-46dc-afd7-0598f0052e94	0
518	236	393	453b97b6-cf64-4b3d-ba23-34da2b5644c6	0
520	236	393	5e0144da-1e56-4fa1-ad04-9961b6a928ba	0
521	443	394	1a77722a-0df8-40bc-b79c-85162b3ba1d5	0
522	443	394	53025308-32cf-458c-8b14-d4bb73186fbe	0
523	443	394	bf89d502-fca5-4d53-b526-3b5fdfb44f5b	0
524	443	394	24c01e5a-4950-40a3-9b2b-df2653796e62	0
525	443	394	147362fb-cf3d-46dc-afd7-0598f0052e94	0
526	443	394	453b97b6-cf64-4b3d-ba23-34da2b5644c6	0
527	443	394	2b834c2e-949b-4cd9-893c-1925f2a38336	0
528	443	394	5e0144da-1e56-4fa1-ad04-9961b6a928ba	0
529	453	395	1a77722a-0df8-40bc-b79c-85162b3ba1d5	0
530	453	395	53025308-32cf-458c-8b14-d4bb73186fbe	0
531	453	395	bf89d502-fca5-4d53-b526-3b5fdfb44f5b	0
532	453	395	24c01e5a-4950-40a3-9b2b-df2653796e62	0
533	453	395	147362fb-cf3d-46dc-afd7-0598f0052e94	0
534	453	395	453b97b6-cf64-4b3d-ba23-34da2b5644c6	0
535	453	395	2b834c2e-949b-4cd9-893c-1925f2a38336	0
536	453	395	5e0144da-1e56-4fa1-ad04-9961b6a928ba	0
537	416	396	1a77722a-0df8-40bc-b79c-85162b3ba1d5	0
538	416	396	53025308-32cf-458c-8b14-d4bb73186fbe	0
539	416	396	bf89d502-fca5-4d53-b526-3b5fdfb44f5b	0
540	416	396	24c01e5a-4950-40a3-9b2b-df2653796e62	0
541	416	396	147362fb-cf3d-46dc-afd7-0598f0052e94	0
542	416	396	453b97b6-cf64-4b3d-ba23-34da2b5644c6	0
544	416	396	5e0144da-1e56-4fa1-ad04-9961b6a928ba	0
449	320	383	1a77722a-0df8-40bc-b79c-85162b3ba1d5	1
498	321	389	53025308-32cf-458c-8b14-d4bb73186fbe	0
423	185	378	2b834c2e-949b-4cd9-893c-1925f2a38336	2
441	374	382	1a77722a-0df8-40bc-b79c-85162b3ba1d5	2
466	503	385	53025308-32cf-458c-8b14-d4bb73186fbe	0
454	319	383	453b97b6-cf64-4b3d-ba23-34da2b5644c6	0
519	240	393	2b834c2e-949b-4cd9-893c-1925f2a38336	3
410	365	377	53025308-32cf-458c-8b14-d4bb73186fbe	4
504	319	389	5e0144da-1e56-4fa1-ad04-9961b6a928ba	1
506	339	390	53025308-32cf-458c-8b14-d4bb73186fbe	4
545	472	397	1a77722a-0df8-40bc-b79c-85162b3ba1d5	0
546	472	397	53025308-32cf-458c-8b14-d4bb73186fbe	0
547	472	397	bf89d502-fca5-4d53-b526-3b5fdfb44f5b	0
548	472	397	24c01e5a-4950-40a3-9b2b-df2653796e62	0
549	472	397	147362fb-cf3d-46dc-afd7-0598f0052e94	0
550	472	397	453b97b6-cf64-4b3d-ba23-34da2b5644c6	0
551	472	397	2b834c2e-949b-4cd9-893c-1925f2a38336	0
552	472	397	5e0144da-1e56-4fa1-ad04-9961b6a928ba	0
553	493	398	1a77722a-0df8-40bc-b79c-85162b3ba1d5	0
554	493	398	53025308-32cf-458c-8b14-d4bb73186fbe	0
555	493	398	bf89d502-fca5-4d53-b526-3b5fdfb44f5b	0
556	493	398	24c01e5a-4950-40a3-9b2b-df2653796e62	0
557	493	398	147362fb-cf3d-46dc-afd7-0598f0052e94	0
558	493	398	453b97b6-cf64-4b3d-ba23-34da2b5644c6	0
559	493	398	2b834c2e-949b-4cd9-893c-1925f2a38336	0
560	493	398	5e0144da-1e56-4fa1-ad04-9961b6a928ba	0
561	427	399	1a77722a-0df8-40bc-b79c-85162b3ba1d5	0
562	427	399	53025308-32cf-458c-8b14-d4bb73186fbe	0
563	427	399	bf89d502-fca5-4d53-b526-3b5fdfb44f5b	0
564	427	399	24c01e5a-4950-40a3-9b2b-df2653796e62	0
565	427	399	147362fb-cf3d-46dc-afd7-0598f0052e94	0
566	427	399	453b97b6-cf64-4b3d-ba23-34da2b5644c6	0
567	427	399	2b834c2e-949b-4cd9-893c-1925f2a38336	0
569	182	400	1a77722a-0df8-40bc-b79c-85162b3ba1d5	0
570	182	400	53025308-32cf-458c-8b14-d4bb73186fbe	0
571	182	400	bf89d502-fca5-4d53-b526-3b5fdfb44f5b	0
572	182	400	24c01e5a-4950-40a3-9b2b-df2653796e62	0
573	182	400	147362fb-cf3d-46dc-afd7-0598f0052e94	0
574	182	400	453b97b6-cf64-4b3d-ba23-34da2b5644c6	0
575	182	400	2b834c2e-949b-4cd9-893c-1925f2a38336	0
576	182	400	5e0144da-1e56-4fa1-ad04-9961b6a928ba	0
577	183	401	1a77722a-0df8-40bc-b79c-85162b3ba1d5	0
578	183	401	53025308-32cf-458c-8b14-d4bb73186fbe	0
579	183	401	bf89d502-fca5-4d53-b526-3b5fdfb44f5b	0
580	183	401	24c01e5a-4950-40a3-9b2b-df2653796e62	0
581	183	401	147362fb-cf3d-46dc-afd7-0598f0052e94	0
582	183	401	453b97b6-cf64-4b3d-ba23-34da2b5644c6	0
584	183	401	5e0144da-1e56-4fa1-ad04-9961b6a928ba	0
248	451	354	5e0144da-1e56-4fa1-ad04-9961b6a928ba	4
568	429	399	5e0144da-1e56-4fa1-ad04-9961b6a928ba	2
200	329	348	5e0144da-1e56-4fa1-ad04-9961b6a928ba	4
287	374	359	2b834c2e-949b-4cd9-893c-1925f2a38336	3
461	290	384	147362fb-cf3d-46dc-afd7-0598f0052e94	3
263	492	356	2b834c2e-949b-4cd9-893c-1925f2a38336	1
543	420	396	2b834c2e-949b-4cd9-893c-1925f2a38336	4
375	369	372	2b834c2e-949b-4cd9-893c-1925f2a38336	0
74	292	333	53025308-32cf-458c-8b14-d4bb73186fbe	4
463	290	384	2b834c2e-949b-4cd9-893c-1925f2a38336	3
583	184	401	2b834c2e-949b-4cd9-893c-1925f2a38336	0
111	265	337	2b834c2e-949b-4cd9-893c-1925f2a38336	4
407	402	376	2b834c2e-949b-4cd9-893c-1925f2a38336	5
7	288	324	2b834c2e-949b-4cd9-893c-1925f2a38336	2
\.


--
-- Data for Name: warehouse_warehouse; Type: TABLE DATA; Schema: public; Owner: saleor
--

COPY public.warehouse_warehouse (id, name, email, address_id, slug, metadata, private_metadata, click_and_collect_option, is_private, external_reference) FROM stdin;
bf89d502-fca5-4d53-b526-3b5fdfb44f5b	Default Warehouse		1	default-warehouse	{}	{}	disabled	t	\N
147362fb-cf3d-46dc-afd7-0598f0052e94	Default		2	default	{}	{}	all	t	\N
53025308-32cf-458c-8b14-d4bb73186fbe	Europe		3	europe	{}	{}	local	t	\N
1a77722a-0df8-40bc-b79c-85162b3ba1d5	Oceania		4	oceania	{}	{}	all	f	\N
453b97b6-cf64-4b3d-ba23-34da2b5644c6	Asia		5	asia	{}	{}	all	t	\N
2b834c2e-949b-4cd9-893c-1925f2a38336	Americas		6	americas	{}	{}	local	f	\N
5e0144da-1e56-4fa1-ad04-9961b6a928ba	Africa		7	africa	{}	{}	all	f	\N
24c01e5a-4950-40a3-9b2b-df2653796e62	Default for click and collect		8	default-for-click-and-collect	{}	{}	local	f	\N
\.


--
-- Data for Name: warehouse_warehouse_shipping_zones; Type: TABLE DATA; Schema: public; Owner: saleor
--

COPY public.warehouse_warehouse_shipping_zones (id, warehouse_id, shippingzone_id) FROM stdin;
1	bf89d502-fca5-4d53-b526-3b5fdfb44f5b	1
2	147362fb-cf3d-46dc-afd7-0598f0052e94	1
3	53025308-32cf-458c-8b14-d4bb73186fbe	2
4	1a77722a-0df8-40bc-b79c-85162b3ba1d5	3
5	453b97b6-cf64-4b3d-ba23-34da2b5644c6	4
6	2b834c2e-949b-4cd9-893c-1925f2a38336	5
7	5e0144da-1e56-4fa1-ad04-9961b6a928ba	6
8	24c01e5a-4950-40a3-9b2b-df2653796e62	1
\.


--
-- Data for Name: webhook_webhook; Type: TABLE DATA; Schema: public; Owner: saleor
--

COPY public.webhook_webhook (id, target_url, is_active, secret_key, app_id, name, subscription_query, custom_headers, filterable_channel_slugs) FROM stdin;
\.


--
-- Data for Name: webhook_webhookevent; Type: TABLE DATA; Schema: public; Owner: saleor
--

COPY public.webhook_webhookevent (id, event_type, webhook_id) FROM stdin;
\.


--
-- Name: account_customerevent_id_seq; Type: SEQUENCE SET; Schema: public; Owner: saleor
--

SELECT pg_catalog.setval('public.account_customerevent_id_seq', 1, false);


--
-- Name: account_customernote_id_seq; Type: SEQUENCE SET; Schema: public; Owner: saleor
--

SELECT pg_catalog.setval('public.account_customernote_id_seq', 1, false);


--
-- Name: account_group_channels_id_seq; Type: SEQUENCE SET; Schema: public; Owner: saleor
--

SELECT pg_catalog.setval('public.account_group_channels_id_seq', 1, false);


--
-- Name: account_serviceaccount_id_seq; Type: SEQUENCE SET; Schema: public; Owner: saleor
--

SELECT pg_catalog.setval('public.account_serviceaccount_id_seq', 1, false);


--
-- Name: account_serviceaccount_permissions_id_seq; Type: SEQUENCE SET; Schema: public; Owner: saleor
--

SELECT pg_catalog.setval('public.account_serviceaccount_permissions_id_seq', 1, false);


--
-- Name: account_serviceaccounttoken_id_seq; Type: SEQUENCE SET; Schema: public; Owner: saleor
--

SELECT pg_catalog.setval('public.account_serviceaccounttoken_id_seq', 1, false);


--
-- Name: account_staffnotificationrecipient_id_seq; Type: SEQUENCE SET; Schema: public; Owner: saleor
--

SELECT pg_catalog.setval('public.account_staffnotificationrecipient_id_seq', 1, false);


--
-- Name: app_appextension_id_seq; Type: SEQUENCE SET; Schema: public; Owner: saleor
--

SELECT pg_catalog.setval('public.app_appextension_id_seq', 1, false);


--
-- Name: app_appextension_permissions_id_seq; Type: SEQUENCE SET; Schema: public; Owner: saleor
--

SELECT pg_catalog.setval('public.app_appextension_permissions_id_seq', 1, false);


--
-- Name: app_appinstallation_id_seq; Type: SEQUENCE SET; Schema: public; Owner: saleor
--

SELECT pg_catalog.setval('public.app_appinstallation_id_seq', 1, false);


--
-- Name: app_appinstallation_permissions_id_seq; Type: SEQUENCE SET; Schema: public; Owner: saleor
--

SELECT pg_catalog.setval('public.app_appinstallation_permissions_id_seq', 1, false);


--
-- Name: attribute_assignedpageattributevalue_id_seq; Type: SEQUENCE SET; Schema: public; Owner: saleor
--

SELECT pg_catalog.setval('public.attribute_assignedpageattributevalue_id_seq', 1, false);


--
-- Name: attribute_assignedproductattributevalue_id_seq; Type: SEQUENCE SET; Schema: public; Owner: saleor
--

SELECT pg_catalog.setval('public.attribute_assignedproductattributevalue_id_seq', 214, true);


--
-- Name: attribute_assignedvariantattributevalue_id_seq; Type: SEQUENCE SET; Schema: public; Owner: saleor
--

SELECT pg_catalog.setval('public.attribute_assignedvariantattributevalue_id_seq', 731, true);


--
-- Name: auth_group_id_seq; Type: SEQUENCE SET; Schema: public; Owner: saleor
--

SELECT pg_catalog.setval('public.auth_group_id_seq', 24, true);


--
-- Name: auth_group_permissions_id_seq; Type: SEQUENCE SET; Schema: public; Owner: saleor
--

SELECT pg_catalog.setval('public.auth_group_permissions_id_seq', 80, true);


--
-- Name: auth_permission_id_seq; Type: SEQUENCE SET; Schema: public; Owner: saleor
--

SELECT pg_catalog.setval('public.auth_permission_id_seq', 512, true);


--
-- Name: channel_channel_id_seq; Type: SEQUENCE SET; Schema: public; Owner: saleor
--

SELECT pg_catalog.setval('public.channel_channel_id_seq', 3, true);


--
-- Name: checkout_checkout_gift_cards_id_seq; Type: SEQUENCE SET; Schema: public; Owner: saleor
--

SELECT pg_catalog.setval('public.checkout_checkout_gift_cards_id_seq', 1, false);


--
-- Name: checkout_checkoutmetadata_id_seq; Type: SEQUENCE SET; Schema: public; Owner: saleor
--

SELECT pg_catalog.setval('public.checkout_checkoutmetadata_id_seq', 36, true);


--
-- Name: core_eventdelivery_id_seq; Type: SEQUENCE SET; Schema: public; Owner: saleor
--

SELECT pg_catalog.setval('public.core_eventdelivery_id_seq', 1, false);


--
-- Name: core_eventdeliveryattempt_id_seq; Type: SEQUENCE SET; Schema: public; Owner: saleor
--

SELECT pg_catalog.setval('public.core_eventdeliveryattempt_id_seq', 1, false);


--
-- Name: core_eventpayload_id_seq; Type: SEQUENCE SET; Schema: public; Owner: saleor
--

SELECT pg_catalog.setval('public.core_eventpayload_id_seq', 1, false);


--
-- Name: csv_exportevent_id_seq; Type: SEQUENCE SET; Schema: public; Owner: saleor
--

SELECT pg_catalog.setval('public.csv_exportevent_id_seq', 1, false);


--
-- Name: csv_exportfile_id_seq; Type: SEQUENCE SET; Schema: public; Owner: saleor
--

SELECT pg_catalog.setval('public.csv_exportfile_id_seq', 1, false);


--
-- Name: discount_promotion_old_sale_id_seq; Type: SEQUENCE SET; Schema: public; Owner: saleor
--

SELECT pg_catalog.setval('public.discount_promotion_old_sale_id_seq', 1000, false);


--
-- Name: discount_promotionrule_channels_id_seq; Type: SEQUENCE SET; Schema: public; Owner: saleor
--

SELECT pg_catalog.setval('public.discount_promotionrule_channels_id_seq', 16, true);


--
-- Name: discount_promotionrule_gifts_id_seq; Type: SEQUENCE SET; Schema: public; Owner: saleor
--

SELECT pg_catalog.setval('public.discount_promotionrule_gifts_id_seq', 1, false);


--
-- Name: discount_promotionrule_old_channel_listing_id_seq; Type: SEQUENCE SET; Schema: public; Owner: saleor
--

SELECT pg_catalog.setval('public.discount_promotionrule_old_channel_listing_id_seq', 1000, false);


--
-- Name: discount_promotionrule_variants_id_seq; Type: SEQUENCE SET; Schema: public; Owner: saleor
--

SELECT pg_catalog.setval('public.discount_promotionrule_variants_id_seq', 13, true);


--
-- Name: discount_promotionruletranslation_id_seq; Type: SEQUENCE SET; Schema: public; Owner: saleor
--

SELECT pg_catalog.setval('public.discount_promotionruletranslation_id_seq', 1, false);


--
-- Name: discount_promotiontranslation_id_seq; Type: SEQUENCE SET; Schema: public; Owner: saleor
--

SELECT pg_catalog.setval('public.discount_promotiontranslation_id_seq', 1, false);


--
-- Name: discount_voucher_categories_id_seq; Type: SEQUENCE SET; Schema: public; Owner: saleor
--

SELECT pg_catalog.setval('public.discount_voucher_categories_id_seq', 1, false);


--
-- Name: discount_voucher_collections_id_seq; Type: SEQUENCE SET; Schema: public; Owner: saleor
--

SELECT pg_catalog.setval('public.discount_voucher_collections_id_seq', 1, false);


--
-- Name: discount_voucher_id_seq; Type: SEQUENCE SET; Schema: public; Owner: saleor
--

SELECT pg_catalog.setval('public.discount_voucher_id_seq', 3, true);


--
-- Name: discount_voucher_products_id_seq; Type: SEQUENCE SET; Schema: public; Owner: saleor
--

SELECT pg_catalog.setval('public.discount_voucher_products_id_seq', 1, false);


--
-- Name: discount_voucher_variants_id_seq; Type: SEQUENCE SET; Schema: public; Owner: saleor
--

SELECT pg_catalog.setval('public.discount_voucher_variants_id_seq', 1, false);


--
-- Name: discount_voucherchannellisting_id_seq; Type: SEQUENCE SET; Schema: public; Owner: saleor
--

SELECT pg_catalog.setval('public.discount_voucherchannellisting_id_seq', 6, true);


--
-- Name: discount_vouchercustomer_id_seq; Type: SEQUENCE SET; Schema: public; Owner: saleor
--

SELECT pg_catalog.setval('public.discount_vouchercustomer_id_seq', 1, false);


--
-- Name: discount_vouchertranslation_id_seq; Type: SEQUENCE SET; Schema: public; Owner: saleor
--

SELECT pg_catalog.setval('public.discount_vouchertranslation_id_seq', 1, false);


--
-- Name: django_celery_beat_clockedschedule_id_seq; Type: SEQUENCE SET; Schema: public; Owner: saleor
--

SELECT pg_catalog.setval('public.django_celery_beat_clockedschedule_id_seq', 1, false);


--
-- Name: django_celery_beat_crontabschedule_id_seq; Type: SEQUENCE SET; Schema: public; Owner: saleor
--

SELECT pg_catalog.setval('public.django_celery_beat_crontabschedule_id_seq', 1, false);


--
-- Name: django_celery_beat_intervalschedule_id_seq; Type: SEQUENCE SET; Schema: public; Owner: saleor
--

SELECT pg_catalog.setval('public.django_celery_beat_intervalschedule_id_seq', 1, false);


--
-- Name: django_celery_beat_periodictask_id_seq; Type: SEQUENCE SET; Schema: public; Owner: saleor
--

SELECT pg_catalog.setval('public.django_celery_beat_periodictask_id_seq', 1, false);


--
-- Name: django_celery_beat_solarschedule_id_seq; Type: SEQUENCE SET; Schema: public; Owner: saleor
--

SELECT pg_catalog.setval('public.django_celery_beat_solarschedule_id_seq', 1, false);


--
-- Name: django_content_type_id_seq; Type: SEQUENCE SET; Schema: public; Owner: saleor
--

SELECT pg_catalog.setval('public.django_content_type_id_seq', 122, true);


--
-- Name: django_migrations_id_seq; Type: SEQUENCE SET; Schema: public; Owner: saleor
--

SELECT pg_catalog.setval('public.django_migrations_id_seq', 1285, true);


--
-- Name: django_site_id_seq; Type: SEQUENCE SET; Schema: public; Owner: saleor
--

SELECT pg_catalog.setval('public.django_site_id_seq', 1, true);


--
-- Name: giftcard_giftcard_id_seq; Type: SEQUENCE SET; Schema: public; Owner: saleor
--

SELECT pg_catalog.setval('public.giftcard_giftcard_id_seq', 10, true);


--
-- Name: giftcard_giftcard_tags_id_seq; Type: SEQUENCE SET; Schema: public; Owner: saleor
--

SELECT pg_catalog.setval('public.giftcard_giftcard_tags_id_seq', 5, true);


--
-- Name: giftcard_giftcardevent_id_seq; Type: SEQUENCE SET; Schema: public; Owner: saleor
--

SELECT pg_catalog.setval('public.giftcard_giftcardevent_id_seq', 10, true);


--
-- Name: giftcard_giftcardtag_id_seq; Type: SEQUENCE SET; Schema: public; Owner: saleor
--

SELECT pg_catalog.setval('public.giftcard_giftcardtag_id_seq', 1, true);


--
-- Name: invoice_invoice_id_seq; Type: SEQUENCE SET; Schema: public; Owner: saleor
--

SELECT pg_catalog.setval('public.invoice_invoice_id_seq', 1, false);


--
-- Name: invoice_invoiceevent_id_seq; Type: SEQUENCE SET; Schema: public; Owner: saleor
--

SELECT pg_catalog.setval('public.invoice_invoiceevent_id_seq', 1, false);


--
-- Name: menu_menu_id_seq; Type: SEQUENCE SET; Schema: public; Owner: saleor
--

SELECT pg_catalog.setval('public.menu_menu_id_seq', 2, true);


--
-- Name: menu_menuitem_id_seq; Type: SEQUENCE SET; Schema: public; Owner: saleor
--

SELECT pg_catalog.setval('public.menu_menuitem_id_seq', 246, true);


--
-- Name: menu_menuitemtranslation_id_seq; Type: SEQUENCE SET; Schema: public; Owner: saleor
--

SELECT pg_catalog.setval('public.menu_menuitemtranslation_id_seq', 1, false);


--
-- Name: order_fulfillment_id_seq; Type: SEQUENCE SET; Schema: public; Owner: saleor
--

SELECT pg_catalog.setval('public.order_fulfillment_id_seq', 11, true);


--
-- Name: order_fulfillmentline_id_seq; Type: SEQUENCE SET; Schema: public; Owner: saleor
--

SELECT pg_catalog.setval('public.order_fulfillmentline_id_seq', 17, true);


--
-- Name: order_order_gift_cards_id_seq; Type: SEQUENCE SET; Schema: public; Owner: saleor
--

SELECT pg_catalog.setval('public.order_order_gift_cards_id_seq', 1, false);


--
-- Name: order_order_number_seq; Type: SEQUENCE SET; Schema: public; Owner: saleor
--

SELECT pg_catalog.setval('public.order_order_number_seq', 20, true);


--
-- Name: order_orderevent_id_seq; Type: SEQUENCE SET; Schema: public; Owner: saleor
--

SELECT pg_catalog.setval('public.order_orderevent_id_seq', 1, false);


--
-- Name: order_ordergrantedrefund_id_seq; Type: SEQUENCE SET; Schema: public; Owner: saleor
--

SELECT pg_catalog.setval('public.order_ordergrantedrefund_id_seq', 1, false);


--
-- Name: order_ordergrantedrefundline_id_seq; Type: SEQUENCE SET; Schema: public; Owner: saleor
--

SELECT pg_catalog.setval('public.order_ordergrantedrefundline_id_seq', 1, false);


--
-- Name: page_page_id_seq; Type: SEQUENCE SET; Schema: public; Owner: saleor
--

SELECT pg_catalog.setval('public.page_page_id_seq', 3, true);


--
-- Name: page_pagetranslation_id_seq; Type: SEQUENCE SET; Schema: public; Owner: saleor
--

SELECT pg_catalog.setval('public.page_pagetranslation_id_seq', 1, false);


--
-- Name: page_pagetype_id_seq; Type: SEQUENCE SET; Schema: public; Owner: saleor
--

SELECT pg_catalog.setval('public.page_pagetype_id_seq', 4, true);


--
-- Name: payment_paymentmethod_id_seq; Type: SEQUENCE SET; Schema: public; Owner: saleor
--

SELECT pg_catalog.setval('public.payment_paymentmethod_id_seq', 20, true);


--
-- Name: payment_transaction_id_seq; Type: SEQUENCE SET; Schema: public; Owner: saleor
--

SELECT pg_catalog.setval('public.payment_transaction_id_seq', 33, true);


--
-- Name: payment_transactionevent_id_seq; Type: SEQUENCE SET; Schema: public; Owner: saleor
--

SELECT pg_catalog.setval('public.payment_transactionevent_id_seq', 1, false);


--
-- Name: payment_transactionitem_id_seq; Type: SEQUENCE SET; Schema: public; Owner: saleor
--

SELECT pg_catalog.setval('public.payment_transactionitem_id_seq', 1, false);


--
-- Name: plugins_emailtemplate_id_seq; Type: SEQUENCE SET; Schema: public; Owner: saleor
--

SELECT pg_catalog.setval('public.plugins_emailtemplate_id_seq', 15, true);


--
-- Name: plugins_pluginconfiguration_id_seq; Type: SEQUENCE SET; Schema: public; Owner: saleor
--

SELECT pg_catalog.setval('public.plugins_pluginconfiguration_id_seq', 2, true);


--
-- Name: product_assignedvariantattribute_id_seq; Type: SEQUENCE SET; Schema: public; Owner: saleor
--

SELECT pg_catalog.setval('public.product_assignedvariantattribute_id_seq', 191, true);


--
-- Name: product_attributechoicevalue_id_seq; Type: SEQUENCE SET; Schema: public; Owner: saleor
--

SELECT pg_catalog.setval('public.product_attributechoicevalue_id_seq', 141, true);


--
-- Name: product_attributechoicevaluetranslation_id_seq; Type: SEQUENCE SET; Schema: public; Owner: saleor
--

SELECT pg_catalog.setval('public.product_attributechoicevaluetranslation_id_seq', 1, false);


--
-- Name: product_attributepage_id_seq; Type: SEQUENCE SET; Schema: public; Owner: saleor
--

SELECT pg_catalog.setval('public.product_attributepage_id_seq', 1, false);


--
-- Name: product_attributeproduct_id_seq; Type: SEQUENCE SET; Schema: public; Owner: saleor
--

SELECT pg_catalog.setval('public.product_attributeproduct_id_seq', 14, true);


--
-- Name: product_attributevariant_id_seq; Type: SEQUENCE SET; Schema: public; Owner: saleor
--

SELECT pg_catalog.setval('public.product_attributevariant_id_seq', 15, true);


--
-- Name: product_category_id_seq; Type: SEQUENCE SET; Schema: public; Owner: saleor
--

SELECT pg_catalog.setval('public.product_category_id_seq', 46, true);


--
-- Name: product_categorytranslation_id_seq; Type: SEQUENCE SET; Schema: public; Owner: saleor
--

SELECT pg_catalog.setval('public.product_categorytranslation_id_seq', 1, false);


--
-- Name: product_collection_id_seq; Type: SEQUENCE SET; Schema: public; Owner: saleor
--

SELECT pg_catalog.setval('public.product_collection_id_seq', 5, true);


--
-- Name: product_collection_products_id_seq; Type: SEQUENCE SET; Schema: public; Owner: saleor
--

SELECT pg_catalog.setval('public.product_collection_products_id_seq', 17, true);


--
-- Name: product_collectionchannellisting_id_seq; Type: SEQUENCE SET; Schema: public; Owner: saleor
--

SELECT pg_catalog.setval('public.product_collectionchannellisting_id_seq', 10, true);


--
-- Name: product_collectiontranslation_id_seq; Type: SEQUENCE SET; Schema: public; Owner: saleor
--

SELECT pg_catalog.setval('public.product_collectiontranslation_id_seq', 1, false);


--
-- Name: product_digitalcontent_id_seq; Type: SEQUENCE SET; Schema: public; Owner: saleor
--

SELECT pg_catalog.setval('public.product_digitalcontent_id_seq', 1, false);


--
-- Name: product_digitalcontenturl_id_seq; Type: SEQUENCE SET; Schema: public; Owner: saleor
--

SELECT pg_catalog.setval('public.product_digitalcontenturl_id_seq', 1, false);


--
-- Name: product_product_id_seq; Type: SEQUENCE SET; Schema: public; Owner: saleor
--

SELECT pg_catalog.setval('public.product_product_id_seq', 166, true);


--
-- Name: product_productattribute_id_seq; Type: SEQUENCE SET; Schema: public; Owner: saleor
--

SELECT pg_catalog.setval('public.product_productattribute_id_seq', 43, true);


--
-- Name: product_productattributetranslation_id_seq; Type: SEQUENCE SET; Schema: public; Owner: saleor
--

SELECT pg_catalog.setval('public.product_productattributetranslation_id_seq', 1, false);


--
-- Name: product_productchannellisting_id_seq; Type: SEQUENCE SET; Schema: public; Owner: saleor
--

SELECT pg_catalog.setval('public.product_productchannellisting_id_seq', 148, true);


--
-- Name: product_productclass_id_seq; Type: SEQUENCE SET; Schema: public; Owner: saleor
--

SELECT pg_catalog.setval('public.product_productclass_id_seq', 25, true);


--
-- Name: product_productmedia_id_seq; Type: SEQUENCE SET; Schema: public; Owner: saleor
--

SELECT pg_catalog.setval('public.product_productmedia_id_seq', 50, true);


--
-- Name: product_producttranslation_id_seq; Type: SEQUENCE SET; Schema: public; Owner: saleor
--

SELECT pg_catalog.setval('public.product_producttranslation_id_seq', 1, false);


--
-- Name: product_productvariant_id_seq; Type: SEQUENCE SET; Schema: public; Owner: saleor
--

SELECT pg_catalog.setval('public.product_productvariant_id_seq', 411, true);


--
-- Name: product_productvariantchannellisting_id_seq; Type: SEQUENCE SET; Schema: public; Owner: saleor
--

SELECT pg_catalog.setval('public.product_productvariantchannellisting_id_seq', 375, true);


--
-- Name: product_productvarianttranslation_id_seq; Type: SEQUENCE SET; Schema: public; Owner: saleor
--

SELECT pg_catalog.setval('public.product_productvarianttranslation_id_seq', 1, false);


--
-- Name: product_variantchannellistingpromotionrule_id_seq; Type: SEQUENCE SET; Schema: public; Owner: saleor
--

SELECT pg_catalog.setval('public.product_variantchannellistingpromotionrule_id_seq', 24, true);


--
-- Name: product_variantmedia_id_seq; Type: SEQUENCE SET; Schema: public; Owner: saleor
--

SELECT pg_catalog.setval('public.product_variantmedia_id_seq', 73, true);


--
-- Name: schedulers_customschedule_id_seq; Type: SEQUENCE SET; Schema: public; Owner: saleor
--

SELECT pg_catalog.setval('public.schedulers_customschedule_id_seq', 1, false);


--
-- Name: shipping_shippingmethod_excluded_products_id_seq; Type: SEQUENCE SET; Schema: public; Owner: saleor
--

SELECT pg_catalog.setval('public.shipping_shippingmethod_excluded_products_id_seq', 1, false);


--
-- Name: shipping_shippingmethod_id_seq; Type: SEQUENCE SET; Schema: public; Owner: saleor
--

SELECT pg_catalog.setval('public.shipping_shippingmethod_id_seq', 20, true);


--
-- Name: shipping_shippingmethodchannellisting_id_seq; Type: SEQUENCE SET; Schema: public; Owner: saleor
--

SELECT pg_catalog.setval('public.shipping_shippingmethodchannellisting_id_seq', 39, true);


--
-- Name: shipping_shippingmethodtranslation_id_seq; Type: SEQUENCE SET; Schema: public; Owner: saleor
--

SELECT pg_catalog.setval('public.shipping_shippingmethodtranslation_id_seq', 1, false);


--
-- Name: shipping_shippingmethodzipcoderule_id_seq; Type: SEQUENCE SET; Schema: public; Owner: saleor
--

SELECT pg_catalog.setval('public.shipping_shippingmethodzipcoderule_id_seq', 1, false);


--
-- Name: shipping_shippingzone_channels_id_seq; Type: SEQUENCE SET; Schema: public; Owner: saleor
--

SELECT pg_catalog.setval('public.shipping_shippingzone_channels_id_seq', 11, true);


--
-- Name: shipping_shippingzone_id_seq; Type: SEQUENCE SET; Schema: public; Owner: saleor
--

SELECT pg_catalog.setval('public.shipping_shippingzone_id_seq', 6, true);


--
-- Name: site_sitesettings_id_seq; Type: SEQUENCE SET; Schema: public; Owner: saleor
--

SELECT pg_catalog.setval('public.site_sitesettings_id_seq', 1, true);


--
-- Name: site_sitesettingstranslation_id_seq; Type: SEQUENCE SET; Schema: public; Owner: saleor
--

SELECT pg_catalog.setval('public.site_sitesettingstranslation_id_seq', 1, false);


--
-- Name: tax_taxclass_id_seq; Type: SEQUENCE SET; Schema: public; Owner: saleor
--

SELECT pg_catalog.setval('public.tax_taxclass_id_seq', 2, true);


--
-- Name: tax_taxclasscountryrate_id_seq; Type: SEQUENCE SET; Schema: public; Owner: saleor
--

SELECT pg_catalog.setval('public.tax_taxclasscountryrate_id_seq', 1, false);


--
-- Name: tax_taxconfiguration_id_seq; Type: SEQUENCE SET; Schema: public; Owner: saleor
--

SELECT pg_catalog.setval('public.tax_taxconfiguration_id_seq', 3, true);


--
-- Name: tax_taxconfigurationpercountry_id_seq; Type: SEQUENCE SET; Schema: public; Owner: saleor
--

SELECT pg_catalog.setval('public.tax_taxconfigurationpercountry_id_seq', 1, false);


--
-- Name: thumbnail_thumbnail_id_seq; Type: SEQUENCE SET; Schema: public; Owner: saleor
--

SELECT pg_catalog.setval('public.thumbnail_thumbnail_id_seq', 81, true);


--
-- Name: userprofile_address_id_seq; Type: SEQUENCE SET; Schema: public; Owner: saleor
--

SELECT pg_catalog.setval('public.userprofile_address_id_seq', 67, true);


--
-- Name: userprofile_user_addresses_id_seq; Type: SEQUENCE SET; Schema: public; Owner: saleor
--

SELECT pg_catalog.setval('public.userprofile_user_addresses_id_seq', 43, true);


--
-- Name: userprofile_user_groups_id_seq; Type: SEQUENCE SET; Schema: public; Owner: saleor
--

SELECT pg_catalog.setval('public.userprofile_user_groups_id_seq', 30, true);


--
-- Name: userprofile_user_id_seq; Type: SEQUENCE SET; Schema: public; Owner: saleor
--

SELECT pg_catalog.setval('public.userprofile_user_id_seq', 45, true);


--
-- Name: userprofile_user_user_permissions_id_seq; Type: SEQUENCE SET; Schema: public; Owner: saleor
--

SELECT pg_catalog.setval('public.userprofile_user_user_permissions_id_seq', 1, false);


--
-- Name: warehouse_allocation_id_seq; Type: SEQUENCE SET; Schema: public; Owner: saleor
--

SELECT pg_catalog.setval('public.warehouse_allocation_id_seq', 53, true);


--
-- Name: warehouse_preorderallocation_id_seq; Type: SEQUENCE SET; Schema: public; Owner: saleor
--

SELECT pg_catalog.setval('public.warehouse_preorderallocation_id_seq', 1, false);


--
-- Name: warehouse_preorderreservation_id_seq; Type: SEQUENCE SET; Schema: public; Owner: saleor
--

SELECT pg_catalog.setval('public.warehouse_preorderreservation_id_seq', 1, false);


--
-- Name: warehouse_reservation_id_seq; Type: SEQUENCE SET; Schema: public; Owner: saleor
--

SELECT pg_catalog.setval('public.warehouse_reservation_id_seq', 1, false);


--
-- Name: warehouse_stock_id_seq; Type: SEQUENCE SET; Schema: public; Owner: saleor
--

SELECT pg_catalog.setval('public.warehouse_stock_id_seq', 584, true);


--
-- Name: warehouse_warehouse_channels_id_seq; Type: SEQUENCE SET; Schema: public; Owner: saleor
--

SELECT pg_catalog.setval('public.warehouse_warehouse_channels_id_seq', 14, true);


--
-- Name: warehouse_warehouse_shipping_zones_id_seq; Type: SEQUENCE SET; Schema: public; Owner: saleor
--

SELECT pg_catalog.setval('public.warehouse_warehouse_shipping_zones_id_seq', 8, true);


--
-- Name: webhook_webhook_id_seq; Type: SEQUENCE SET; Schema: public; Owner: saleor
--

SELECT pg_catalog.setval('public.webhook_webhook_id_seq', 1, false);


--
-- Name: webhook_webhookevent_id_seq; Type: SEQUENCE SET; Schema: public; Owner: saleor
--

SELECT pg_catalog.setval('public.webhook_webhookevent_id_seq', 1, false);


--
-- Name: account_customerevent account_customerevent_pkey; Type: CONSTRAINT; Schema: public; Owner: saleor
--

ALTER TABLE ONLY public.account_customerevent
    ADD CONSTRAINT account_customerevent_pkey PRIMARY KEY (id);


--
-- Name: account_customernote account_customernote_pkey; Type: CONSTRAINT; Schema: public; Owner: saleor
--

ALTER TABLE ONLY public.account_customernote
    ADD CONSTRAINT account_customernote_pkey PRIMARY KEY (id);


--
-- Name: account_group_channels account_group_channels_group_id_channel_id_b6d749af_uniq; Type: CONSTRAINT; Schema: public; Owner: saleor
--

ALTER TABLE ONLY public.account_group_channels
    ADD CONSTRAINT account_group_channels_group_id_channel_id_b6d749af_uniq UNIQUE (group_id, channel_id);


--
-- Name: account_group_channels account_group_channels_pkey; Type: CONSTRAINT; Schema: public; Owner: saleor
--

ALTER TABLE ONLY public.account_group_channels
    ADD CONSTRAINT account_group_channels_pkey PRIMARY KEY (id);


--
-- Name: account_group account_group_name_key; Type: CONSTRAINT; Schema: public; Owner: saleor
--

ALTER TABLE ONLY public.account_group
    ADD CONSTRAINT account_group_name_key UNIQUE (name);


--
-- Name: account_group_permissions account_group_permissions_group_id_permission_id_745742e5_uniq; Type: CONSTRAINT; Schema: public; Owner: saleor
--

ALTER TABLE ONLY public.account_group_permissions
    ADD CONSTRAINT account_group_permissions_group_id_permission_id_745742e5_uniq UNIQUE (group_id, permission_id);


--
-- Name: account_group_permissions account_group_permissions_pkey; Type: CONSTRAINT; Schema: public; Owner: saleor
--

ALTER TABLE ONLY public.account_group_permissions
    ADD CONSTRAINT account_group_permissions_pkey PRIMARY KEY (id);


--
-- Name: account_group account_group_pkey; Type: CONSTRAINT; Schema: public; Owner: saleor
--

ALTER TABLE ONLY public.account_group
    ADD CONSTRAINT account_group_pkey PRIMARY KEY (id);


--
-- Name: app_app account_serviceaccount_pkey; Type: CONSTRAINT; Schema: public; Owner: saleor
--

ALTER TABLE ONLY public.app_app
    ADD CONSTRAINT account_serviceaccount_pkey PRIMARY KEY (id);


--
-- Name: app_apptoken account_serviceaccounttoken_auth_token_key; Type: CONSTRAINT; Schema: public; Owner: saleor
--

ALTER TABLE ONLY public.app_apptoken
    ADD CONSTRAINT account_serviceaccounttoken_auth_token_key UNIQUE (auth_token);


--
-- Name: app_apptoken account_serviceaccounttoken_pkey; Type: CONSTRAINT; Schema: public; Owner: saleor
--

ALTER TABLE ONLY public.app_apptoken
    ADD CONSTRAINT account_serviceaccounttoken_pkey PRIMARY KEY (id);


--
-- Name: account_staffnotificationrecipient account_staffnotificationrecipient_pkey; Type: CONSTRAINT; Schema: public; Owner: saleor
--

ALTER TABLE ONLY public.account_staffnotificationrecipient
    ADD CONSTRAINT account_staffnotificationrecipient_pkey PRIMARY KEY (id);


--
-- Name: account_staffnotificationrecipient account_staffnotificationrecipient_staff_email_key; Type: CONSTRAINT; Schema: public; Owner: saleor
--

ALTER TABLE ONLY public.account_staffnotificationrecipient
    ADD CONSTRAINT account_staffnotificationrecipient_staff_email_key UNIQUE (staff_email);


--
-- Name: account_staffnotificationrecipient account_staffnotificationrecipient_user_id_key; Type: CONSTRAINT; Schema: public; Owner: saleor
--

ALTER TABLE ONLY public.account_staffnotificationrecipient
    ADD CONSTRAINT account_staffnotificationrecipient_user_id_key UNIQUE (user_id);


--
-- Name: account_user account_user_external_reference_key; Type: CONSTRAINT; Schema: public; Owner: saleor
--

ALTER TABLE ONLY public.account_user
    ADD CONSTRAINT account_user_external_reference_key UNIQUE (external_reference);


--
-- Name: account_user account_user_uuid_b4063ea1_uniq; Type: CONSTRAINT; Schema: public; Owner: saleor
--

ALTER TABLE ONLY public.account_user
    ADD CONSTRAINT account_user_uuid_b4063ea1_uniq UNIQUE (uuid);


--
-- Name: app_app_permissions app_app_permissions_app_id_permission_id_0e940a82_uniq; Type: CONSTRAINT; Schema: public; Owner: saleor
--

ALTER TABLE ONLY public.app_app_permissions
    ADD CONSTRAINT app_app_permissions_app_id_permission_id_0e940a82_uniq UNIQUE (app_id, permission_id);


--
-- Name: app_app_permissions app_app_permissions_pkey; Type: CONSTRAINT; Schema: public; Owner: saleor
--

ALTER TABLE ONLY public.app_app_permissions
    ADD CONSTRAINT app_app_permissions_pkey PRIMARY KEY (id);


--
-- Name: app_app app_app_uuid_key; Type: CONSTRAINT; Schema: public; Owner: saleor
--

ALTER TABLE ONLY public.app_app
    ADD CONSTRAINT app_app_uuid_key UNIQUE (uuid);


--
-- Name: app_appextension_permissions app_appextension_permiss_appextension_id_permissi_04ce63c6_uniq; Type: CONSTRAINT; Schema: public; Owner: saleor
--

ALTER TABLE ONLY public.app_appextension_permissions
    ADD CONSTRAINT app_appextension_permiss_appextension_id_permissi_04ce63c6_uniq UNIQUE (appextension_id, permission_id);


--
-- Name: app_appextension_permissions app_appextension_permissions_pkey; Type: CONSTRAINT; Schema: public; Owner: saleor
--

ALTER TABLE ONLY public.app_appextension_permissions
    ADD CONSTRAINT app_appextension_permissions_pkey PRIMARY KEY (id);


--
-- Name: app_appextension app_appextension_pkey; Type: CONSTRAINT; Schema: public; Owner: saleor
--

ALTER TABLE ONLY public.app_appextension
    ADD CONSTRAINT app_appextension_pkey PRIMARY KEY (id);


--
-- Name: app_appinstallation_permissions app_appinstallation_perm_appinstallation_id_permi_7b7e0448_uniq; Type: CONSTRAINT; Schema: public; Owner: saleor
--

ALTER TABLE ONLY public.app_appinstallation_permissions
    ADD CONSTRAINT app_appinstallation_perm_appinstallation_id_permi_7b7e0448_uniq UNIQUE (appinstallation_id, permission_id);


--
-- Name: app_appinstallation_permissions app_appinstallation_permissions_pkey; Type: CONSTRAINT; Schema: public; Owner: saleor
--

ALTER TABLE ONLY public.app_appinstallation_permissions
    ADD CONSTRAINT app_appinstallation_permissions_pkey PRIMARY KEY (id);


--
-- Name: app_appinstallation app_appinstallation_pkey; Type: CONSTRAINT; Schema: public; Owner: saleor
--

ALTER TABLE ONLY public.app_appinstallation
    ADD CONSTRAINT app_appinstallation_pkey PRIMARY KEY (id);


--
-- Name: app_appinstallation app_appinstallation_uuid_key; Type: CONSTRAINT; Schema: public; Owner: saleor
--

ALTER TABLE ONLY public.app_appinstallation
    ADD CONSTRAINT app_appinstallation_uuid_key UNIQUE (uuid);


--
-- Name: attribute_assignedpageattributevalue attribute_assignedpageat_value_id_page_id_851cd501_uniq; Type: CONSTRAINT; Schema: public; Owner: saleor
--

ALTER TABLE ONLY public.attribute_assignedpageattributevalue
    ADD CONSTRAINT attribute_assignedpageat_value_id_page_id_851cd501_uniq UNIQUE (value_id, page_id);


--
-- Name: attribute_assignedpageattributevalue attribute_assignedpageattributevalue_pkey; Type: CONSTRAINT; Schema: public; Owner: saleor
--

ALTER TABLE ONLY public.attribute_assignedpageattributevalue
    ADD CONSTRAINT attribute_assignedpageattributevalue_pkey PRIMARY KEY (id);


--
-- Name: attribute_assignedproductattributevalue attribute_assignedproduc_value_id_product_id_6f6deb31_uniq; Type: CONSTRAINT; Schema: public; Owner: saleor
--

ALTER TABLE ONLY public.attribute_assignedproductattributevalue
    ADD CONSTRAINT attribute_assignedproduc_value_id_product_id_6f6deb31_uniq UNIQUE (value_id, product_id);


--
-- Name: attribute_assignedproductattributevalue attribute_assignedproductattributevalue_pkey; Type: CONSTRAINT; Schema: public; Owner: saleor
--

ALTER TABLE ONLY public.attribute_assignedproductattributevalue
    ADD CONSTRAINT attribute_assignedproductattributevalue_pkey PRIMARY KEY (id);


--
-- Name: attribute_assignedvariantattributevalue attribute_assignedvarian_value_id_assignment_id_6f7e4e27_uniq; Type: CONSTRAINT; Schema: public; Owner: saleor
--

ALTER TABLE ONLY public.attribute_assignedvariantattributevalue
    ADD CONSTRAINT attribute_assignedvarian_value_id_assignment_id_6f7e4e27_uniq UNIQUE (value_id, assignment_id);


--
-- Name: attribute_assignedvariantattributevalue attribute_assignedvariantattributevalue_pkey; Type: CONSTRAINT; Schema: public; Owner: saleor
--

ALTER TABLE ONLY public.attribute_assignedvariantattributevalue
    ADD CONSTRAINT attribute_assignedvariantattributevalue_pkey PRIMARY KEY (id);


--
-- Name: attribute_attribute attribute_attribute_external_reference_key; Type: CONSTRAINT; Schema: public; Owner: saleor
--

ALTER TABLE ONLY public.attribute_attribute
    ADD CONSTRAINT attribute_attribute_external_reference_key UNIQUE (external_reference);


--
-- Name: attribute_attributevalue attribute_attributevalue_external_reference_key; Type: CONSTRAINT; Schema: public; Owner: saleor
--

ALTER TABLE ONLY public.attribute_attributevalue
    ADD CONSTRAINT attribute_attributevalue_external_reference_key UNIQUE (external_reference);


--
-- Name: checkout_checkout cart_cart_pkey; Type: CONSTRAINT; Schema: public; Owner: saleor
--

ALTER TABLE ONLY public.checkout_checkout
    ADD CONSTRAINT cart_cart_pkey PRIMARY KEY (token);


--
-- Name: channel_channel channel_channel_pkey; Type: CONSTRAINT; Schema: public; Owner: saleor
--

ALTER TABLE ONLY public.channel_channel
    ADD CONSTRAINT channel_channel_pkey PRIMARY KEY (id);


--
-- Name: channel_channel channel_channel_slug_key; Type: CONSTRAINT; Schema: public; Owner: saleor
--

ALTER TABLE ONLY public.channel_channel
    ADD CONSTRAINT channel_channel_slug_key UNIQUE (slug);


--
-- Name: checkout_checkout_gift_cards checkout_checkout_gift_c_checkout_id_giftcard_id_401ba79e_uniq; Type: CONSTRAINT; Schema: public; Owner: saleor
--

ALTER TABLE ONLY public.checkout_checkout_gift_cards
    ADD CONSTRAINT checkout_checkout_gift_c_checkout_id_giftcard_id_401ba79e_uniq UNIQUE (checkout_id, giftcard_id);


--
-- Name: checkout_checkout_gift_cards checkout_checkout_gift_cards_pkey; Type: CONSTRAINT; Schema: public; Owner: saleor
--

ALTER TABLE ONLY public.checkout_checkout_gift_cards
    ADD CONSTRAINT checkout_checkout_gift_cards_pkey PRIMARY KEY (id);


--
-- Name: checkout_checkoutline checkout_checkoutline_old_id_key; Type: CONSTRAINT; Schema: public; Owner: saleor
--

ALTER TABLE ONLY public.checkout_checkoutline
    ADD CONSTRAINT checkout_checkoutline_old_id_key UNIQUE (old_id);


--
-- Name: checkout_checkoutline checkout_checkoutline_token_bc62c7b0_pk; Type: CONSTRAINT; Schema: public; Owner: saleor
--

ALTER TABLE ONLY public.checkout_checkoutline
    ADD CONSTRAINT checkout_checkoutline_token_bc62c7b0_pk PRIMARY KEY (id);


--
-- Name: checkout_checkoutmetadata checkout_checkoutmetadata_checkout_id_key; Type: CONSTRAINT; Schema: public; Owner: saleor
--

ALTER TABLE ONLY public.checkout_checkoutmetadata
    ADD CONSTRAINT checkout_checkoutmetadata_checkout_id_key UNIQUE (checkout_id);


--
-- Name: checkout_checkoutmetadata checkout_checkoutmetadata_pkey; Type: CONSTRAINT; Schema: public; Owner: saleor
--

ALTER TABLE ONLY public.checkout_checkoutmetadata
    ADD CONSTRAINT checkout_checkoutmetadata_pkey PRIMARY KEY (id);


--
-- Name: core_eventdelivery core_eventdelivery_pkey; Type: CONSTRAINT; Schema: public; Owner: saleor
--

ALTER TABLE ONLY public.core_eventdelivery
    ADD CONSTRAINT core_eventdelivery_pkey PRIMARY KEY (id);


--
-- Name: core_eventdeliveryattempt core_eventdeliveryattempt_pkey; Type: CONSTRAINT; Schema: public; Owner: saleor
--

ALTER TABLE ONLY public.core_eventdeliveryattempt
    ADD CONSTRAINT core_eventdeliveryattempt_pkey PRIMARY KEY (id);


--
-- Name: core_eventpayload core_eventpayload_pkey; Type: CONSTRAINT; Schema: public; Owner: saleor
--

ALTER TABLE ONLY public.core_eventpayload
    ADD CONSTRAINT core_eventpayload_pkey PRIMARY KEY (id);


--
-- Name: csv_exportevent csv_exportevent_pkey; Type: CONSTRAINT; Schema: public; Owner: saleor
--

ALTER TABLE ONLY public.csv_exportevent
    ADD CONSTRAINT csv_exportevent_pkey PRIMARY KEY (id);


--
-- Name: csv_exportfile csv_exportfile_pkey; Type: CONSTRAINT; Schema: public; Owner: saleor
--

ALTER TABLE ONLY public.csv_exportfile
    ADD CONSTRAINT csv_exportfile_pkey PRIMARY KEY (id);


--
-- Name: discount_checkoutdiscount discount_checkoutdiscoun_checkout_id_promotion_ru_d2e697fb_uniq; Type: CONSTRAINT; Schema: public; Owner: saleor
--

ALTER TABLE ONLY public.discount_checkoutdiscount
    ADD CONSTRAINT discount_checkoutdiscoun_checkout_id_promotion_ru_d2e697fb_uniq UNIQUE (checkout_id, promotion_rule_id);


--
-- Name: discount_checkoutdiscount discount_checkoutdiscount_pkey; Type: CONSTRAINT; Schema: public; Owner: saleor
--

ALTER TABLE ONLY public.discount_checkoutdiscount
    ADD CONSTRAINT discount_checkoutdiscount_pkey PRIMARY KEY (id);


--
-- Name: discount_checkoutlinediscount discount_checkoutlinediscount_pkey; Type: CONSTRAINT; Schema: public; Owner: saleor
--

ALTER TABLE ONLY public.discount_checkoutlinediscount
    ADD CONSTRAINT discount_checkoutlinediscount_pkey PRIMARY KEY (id);


--
-- Name: discount_orderdiscount discount_orderdiscount_old_id_key; Type: CONSTRAINT; Schema: public; Owner: saleor
--

ALTER TABLE ONLY public.discount_orderdiscount
    ADD CONSTRAINT discount_orderdiscount_old_id_key UNIQUE (old_id);


--
-- Name: discount_orderdiscount discount_orderdiscount_token_e629a3e0_pk; Type: CONSTRAINT; Schema: public; Owner: saleor
--

ALTER TABLE ONLY public.discount_orderdiscount
    ADD CONSTRAINT discount_orderdiscount_token_e629a3e0_pk PRIMARY KEY (id);


--
-- Name: discount_orderlinediscount discount_orderlinediscount_pkey; Type: CONSTRAINT; Schema: public; Owner: saleor
--

ALTER TABLE ONLY public.discount_orderlinediscount
    ADD CONSTRAINT discount_orderlinediscount_pkey PRIMARY KEY (id);


--
-- Name: discount_promotion discount_promotion_old_sale_id_key; Type: CONSTRAINT; Schema: public; Owner: saleor
--

ALTER TABLE ONLY public.discount_promotion
    ADD CONSTRAINT discount_promotion_old_sale_id_key UNIQUE (old_sale_id);


--
-- Name: discount_promotion discount_promotion_pkey; Type: CONSTRAINT; Schema: public; Owner: saleor
--

ALTER TABLE ONLY public.discount_promotion
    ADD CONSTRAINT discount_promotion_pkey PRIMARY KEY (id);


--
-- Name: discount_promotionevent discount_promotionevent_pkey; Type: CONSTRAINT; Schema: public; Owner: saleor
--

ALTER TABLE ONLY public.discount_promotionevent
    ADD CONSTRAINT discount_promotionevent_pkey PRIMARY KEY (id);


--
-- Name: discount_promotionrule_channels discount_promotionrule_c_promotionrule_id_channel_561c4e6e_uniq; Type: CONSTRAINT; Schema: public; Owner: saleor
--

ALTER TABLE ONLY public.discount_promotionrule_channels
    ADD CONSTRAINT discount_promotionrule_c_promotionrule_id_channel_561c4e6e_uniq UNIQUE (promotionrule_id, channel_id);


--
-- Name: discount_promotionrule_channels discount_promotionrule_channels_pkey; Type: CONSTRAINT; Schema: public; Owner: saleor
--

ALTER TABLE ONLY public.discount_promotionrule_channels
    ADD CONSTRAINT discount_promotionrule_channels_pkey PRIMARY KEY (id);


--
-- Name: discount_promotionrule_gifts discount_promotionrule_g_promotionrule_id_product_d7f5da3b_uniq; Type: CONSTRAINT; Schema: public; Owner: saleor
--

ALTER TABLE ONLY public.discount_promotionrule_gifts
    ADD CONSTRAINT discount_promotionrule_g_promotionrule_id_product_d7f5da3b_uniq UNIQUE (promotionrule_id, productvariant_id);


--
-- Name: discount_promotionrule_gifts discount_promotionrule_gifts_pkey; Type: CONSTRAINT; Schema: public; Owner: saleor
--

ALTER TABLE ONLY public.discount_promotionrule_gifts
    ADD CONSTRAINT discount_promotionrule_gifts_pkey PRIMARY KEY (id);


--
-- Name: discount_promotionrule discount_promotionrule_old_channel_listing_id_key; Type: CONSTRAINT; Schema: public; Owner: saleor
--

ALTER TABLE ONLY public.discount_promotionrule
    ADD CONSTRAINT discount_promotionrule_old_channel_listing_id_key UNIQUE (old_channel_listing_id);


--
-- Name: discount_promotionrule discount_promotionrule_pkey; Type: CONSTRAINT; Schema: public; Owner: saleor
--

ALTER TABLE ONLY public.discount_promotionrule
    ADD CONSTRAINT discount_promotionrule_pkey PRIMARY KEY (id);


--
-- Name: discount_promotionrule_variants discount_promotionrule_v_promotionrule_id_product_017c4f65_uniq; Type: CONSTRAINT; Schema: public; Owner: saleor
--

ALTER TABLE ONLY public.discount_promotionrule_variants
    ADD CONSTRAINT discount_promotionrule_v_promotionrule_id_product_017c4f65_uniq UNIQUE (promotionrule_id, productvariant_id);


--
-- Name: discount_promotionrule_variants discount_promotionrule_variants_pkey; Type: CONSTRAINT; Schema: public; Owner: saleor
--

ALTER TABLE ONLY public.discount_promotionrule_variants
    ADD CONSTRAINT discount_promotionrule_variants_pkey PRIMARY KEY (id);


--
-- Name: discount_promotionruletranslation discount_promotionruletr_language_code_promotion__1b8b92f9_uniq; Type: CONSTRAINT; Schema: public; Owner: saleor
--

ALTER TABLE ONLY public.discount_promotionruletranslation
    ADD CONSTRAINT discount_promotionruletr_language_code_promotion__1b8b92f9_uniq UNIQUE (language_code, promotion_rule_id);


--
-- Name: discount_promotionruletranslation discount_promotionruletranslation_pkey; Type: CONSTRAINT; Schema: public; Owner: saleor
--

ALTER TABLE ONLY public.discount_promotionruletranslation
    ADD CONSTRAINT discount_promotionruletranslation_pkey PRIMARY KEY (id);


--
-- Name: discount_promotiontranslation discount_promotiontransl_language_code_promotion__a7ac2f7b_uniq; Type: CONSTRAINT; Schema: public; Owner: saleor
--

ALTER TABLE ONLY public.discount_promotiontranslation
    ADD CONSTRAINT discount_promotiontransl_language_code_promotion__a7ac2f7b_uniq UNIQUE (language_code, promotion_id);


--
-- Name: discount_promotiontranslation discount_promotiontranslation_pkey; Type: CONSTRAINT; Schema: public; Owner: saleor
--

ALTER TABLE ONLY public.discount_promotiontranslation
    ADD CONSTRAINT discount_promotiontranslation_pkey PRIMARY KEY (id);


--
-- Name: discount_voucher_categories discount_voucher_categor_voucher_id_category_id_bb5f8954_uniq; Type: CONSTRAINT; Schema: public; Owner: saleor
--

ALTER TABLE ONLY public.discount_voucher_categories
    ADD CONSTRAINT discount_voucher_categor_voucher_id_category_id_bb5f8954_uniq UNIQUE (voucher_id, category_id);


--
-- Name: discount_voucher_categories discount_voucher_categories_pkey; Type: CONSTRAINT; Schema: public; Owner: saleor
--

ALTER TABLE ONLY public.discount_voucher_categories
    ADD CONSTRAINT discount_voucher_categories_pkey PRIMARY KEY (id);


--
-- Name: discount_voucher_collections discount_voucher_collect_voucher_id_collection_id_736b8f24_uniq; Type: CONSTRAINT; Schema: public; Owner: saleor
--

ALTER TABLE ONLY public.discount_voucher_collections
    ADD CONSTRAINT discount_voucher_collect_voucher_id_collection_id_736b8f24_uniq UNIQUE (voucher_id, collection_id);


--
-- Name: discount_voucher_collections discount_voucher_collections_pkey; Type: CONSTRAINT; Schema: public; Owner: saleor
--

ALTER TABLE ONLY public.discount_voucher_collections
    ADD CONSTRAINT discount_voucher_collections_pkey PRIMARY KEY (id);


--
-- Name: discount_voucher discount_voucher_pkey; Type: CONSTRAINT; Schema: public; Owner: saleor
--

ALTER TABLE ONLY public.discount_voucher
    ADD CONSTRAINT discount_voucher_pkey PRIMARY KEY (id);


--
-- Name: discount_voucher_products discount_voucher_products_pkey; Type: CONSTRAINT; Schema: public; Owner: saleor
--

ALTER TABLE ONLY public.discount_voucher_products
    ADD CONSTRAINT discount_voucher_products_pkey PRIMARY KEY (id);


--
-- Name: discount_voucher_products discount_voucher_products_voucher_id_product_id_2b092ec4_uniq; Type: CONSTRAINT; Schema: public; Owner: saleor
--

ALTER TABLE ONLY public.discount_voucher_products
    ADD CONSTRAINT discount_voucher_products_voucher_id_product_id_2b092ec4_uniq UNIQUE (voucher_id, product_id);


--
-- Name: discount_voucher_variants discount_voucher_variant_voucher_id_productvarian_64886a32_uniq; Type: CONSTRAINT; Schema: public; Owner: saleor
--

ALTER TABLE ONLY public.discount_voucher_variants
    ADD CONSTRAINT discount_voucher_variant_voucher_id_productvarian_64886a32_uniq UNIQUE (voucher_id, productvariant_id);


--
-- Name: discount_voucher_variants discount_voucher_variants_pkey; Type: CONSTRAINT; Schema: public; Owner: saleor
--

ALTER TABLE ONLY public.discount_voucher_variants
    ADD CONSTRAINT discount_voucher_variants_pkey PRIMARY KEY (id);


--
-- Name: discount_voucherchannellisting discount_voucherchannell_voucher_id_channel_id_ef4fd653_uniq; Type: CONSTRAINT; Schema: public; Owner: saleor
--

ALTER TABLE ONLY public.discount_voucherchannellisting
    ADD CONSTRAINT discount_voucherchannell_voucher_id_channel_id_ef4fd653_uniq UNIQUE (voucher_id, channel_id);


--
-- Name: discount_voucherchannellisting discount_voucherchannellisting_pkey; Type: CONSTRAINT; Schema: public; Owner: saleor
--

ALTER TABLE ONLY public.discount_voucherchannellisting
    ADD CONSTRAINT discount_voucherchannellisting_pkey PRIMARY KEY (id);


--
-- Name: discount_vouchercode discount_vouchercode_code_key; Type: CONSTRAINT; Schema: public; Owner: saleor
--

ALTER TABLE ONLY public.discount_vouchercode
    ADD CONSTRAINT discount_vouchercode_code_key UNIQUE (code);


--
-- Name: discount_vouchercode discount_vouchercode_pkey; Type: CONSTRAINT; Schema: public; Owner: saleor
--

ALTER TABLE ONLY public.discount_vouchercode
    ADD CONSTRAINT discount_vouchercode_pkey PRIMARY KEY (id);


--
-- Name: discount_vouchercustomer discount_vouchercustomer_pkey; Type: CONSTRAINT; Schema: public; Owner: saleor
--

ALTER TABLE ONLY public.discount_vouchercustomer
    ADD CONSTRAINT discount_vouchercustomer_pkey PRIMARY KEY (id);


--
-- Name: discount_vouchercustomer discount_vouchercustomer_voucher_code_id_customer_4411499e_uniq; Type: CONSTRAINT; Schema: public; Owner: saleor
--

ALTER TABLE ONLY public.discount_vouchercustomer
    ADD CONSTRAINT discount_vouchercustomer_voucher_code_id_customer_4411499e_uniq UNIQUE (voucher_code_id, customer_email);


--
-- Name: discount_vouchertranslation discount_vouchertranslat_language_code_voucher_id_af4428b5_uniq; Type: CONSTRAINT; Schema: public; Owner: saleor
--

ALTER TABLE ONLY public.discount_vouchertranslation
    ADD CONSTRAINT discount_vouchertranslat_language_code_voucher_id_af4428b5_uniq UNIQUE (language_code, voucher_id);


--
-- Name: discount_vouchertranslation discount_vouchertranslation_pkey; Type: CONSTRAINT; Schema: public; Owner: saleor
--

ALTER TABLE ONLY public.discount_vouchertranslation
    ADD CONSTRAINT discount_vouchertranslation_pkey PRIMARY KEY (id);


--
-- Name: django_celery_beat_clockedschedule django_celery_beat_clockedschedule_pkey; Type: CONSTRAINT; Schema: public; Owner: saleor
--

ALTER TABLE ONLY public.django_celery_beat_clockedschedule
    ADD CONSTRAINT django_celery_beat_clockedschedule_pkey PRIMARY KEY (id);


--
-- Name: django_celery_beat_crontabschedule django_celery_beat_crontabschedule_pkey; Type: CONSTRAINT; Schema: public; Owner: saleor
--

ALTER TABLE ONLY public.django_celery_beat_crontabschedule
    ADD CONSTRAINT django_celery_beat_crontabschedule_pkey PRIMARY KEY (id);


--
-- Name: django_celery_beat_intervalschedule django_celery_beat_intervalschedule_pkey; Type: CONSTRAINT; Schema: public; Owner: saleor
--

ALTER TABLE ONLY public.django_celery_beat_intervalschedule
    ADD CONSTRAINT django_celery_beat_intervalschedule_pkey PRIMARY KEY (id);


--
-- Name: django_celery_beat_periodictask django_celery_beat_periodictask_name_key; Type: CONSTRAINT; Schema: public; Owner: saleor
--

ALTER TABLE ONLY public.django_celery_beat_periodictask
    ADD CONSTRAINT django_celery_beat_periodictask_name_key UNIQUE (name);


--
-- Name: django_celery_beat_periodictask django_celery_beat_periodictask_pkey; Type: CONSTRAINT; Schema: public; Owner: saleor
--

ALTER TABLE ONLY public.django_celery_beat_periodictask
    ADD CONSTRAINT django_celery_beat_periodictask_pkey PRIMARY KEY (id);


--
-- Name: django_celery_beat_periodictasks django_celery_beat_periodictasks_pkey; Type: CONSTRAINT; Schema: public; Owner: saleor
--

ALTER TABLE ONLY public.django_celery_beat_periodictasks
    ADD CONSTRAINT django_celery_beat_periodictasks_pkey PRIMARY KEY (ident);


--
-- Name: django_celery_beat_solarschedule django_celery_beat_solar_event_latitude_longitude_ba64999a_uniq; Type: CONSTRAINT; Schema: public; Owner: saleor
--

ALTER TABLE ONLY public.django_celery_beat_solarschedule
    ADD CONSTRAINT django_celery_beat_solar_event_latitude_longitude_ba64999a_uniq UNIQUE (event, latitude, longitude);


--
-- Name: django_celery_beat_solarschedule django_celery_beat_solarschedule_pkey; Type: CONSTRAINT; Schema: public; Owner: saleor
--

ALTER TABLE ONLY public.django_celery_beat_solarschedule
    ADD CONSTRAINT django_celery_beat_solarschedule_pkey PRIMARY KEY (id);


--
-- Name: django_content_type django_content_type_app_label_model_76bd3d3b_uniq; Type: CONSTRAINT; Schema: public; Owner: saleor
--

ALTER TABLE ONLY public.django_content_type
    ADD CONSTRAINT django_content_type_app_label_model_76bd3d3b_uniq UNIQUE (app_label, model);


--
-- Name: django_content_type django_content_type_pkey; Type: CONSTRAINT; Schema: public; Owner: saleor
--

ALTER TABLE ONLY public.django_content_type
    ADD CONSTRAINT django_content_type_pkey PRIMARY KEY (id);


--
-- Name: django_migrations django_migrations_pkey; Type: CONSTRAINT; Schema: public; Owner: saleor
--

ALTER TABLE ONLY public.django_migrations
    ADD CONSTRAINT django_migrations_pkey PRIMARY KEY (id);


--
-- Name: django_site django_site_domain_a2e37b91_uniq; Type: CONSTRAINT; Schema: public; Owner: saleor
--

ALTER TABLE ONLY public.django_site
    ADD CONSTRAINT django_site_domain_a2e37b91_uniq UNIQUE (domain);


--
-- Name: django_site django_site_pkey; Type: CONSTRAINT; Schema: public; Owner: saleor
--

ALTER TABLE ONLY public.django_site
    ADD CONSTRAINT django_site_pkey PRIMARY KEY (id);


--
-- Name: giftcard_giftcard giftcard_giftcard_code_key; Type: CONSTRAINT; Schema: public; Owner: saleor
--

ALTER TABLE ONLY public.giftcard_giftcard
    ADD CONSTRAINT giftcard_giftcard_code_key UNIQUE (code);


--
-- Name: giftcard_giftcard giftcard_giftcard_pkey; Type: CONSTRAINT; Schema: public; Owner: saleor
--

ALTER TABLE ONLY public.giftcard_giftcard
    ADD CONSTRAINT giftcard_giftcard_pkey PRIMARY KEY (id);


--
-- Name: giftcard_giftcard_tags giftcard_giftcard_tags_giftcard_id_giftcardtag_id_c8db8a75_uniq; Type: CONSTRAINT; Schema: public; Owner: saleor
--

ALTER TABLE ONLY public.giftcard_giftcard_tags
    ADD CONSTRAINT giftcard_giftcard_tags_giftcard_id_giftcardtag_id_c8db8a75_uniq UNIQUE (giftcard_id, giftcardtag_id);


--
-- Name: giftcard_giftcard_tags giftcard_giftcard_tags_pkey; Type: CONSTRAINT; Schema: public; Owner: saleor
--

ALTER TABLE ONLY public.giftcard_giftcard_tags
    ADD CONSTRAINT giftcard_giftcard_tags_pkey PRIMARY KEY (id);


--
-- Name: giftcard_giftcardevent giftcard_giftcardevent_pkey; Type: CONSTRAINT; Schema: public; Owner: saleor
--

ALTER TABLE ONLY public.giftcard_giftcardevent
    ADD CONSTRAINT giftcard_giftcardevent_pkey PRIMARY KEY (id);


--
-- Name: giftcard_giftcardtag giftcard_giftcardtag_name_key; Type: CONSTRAINT; Schema: public; Owner: saleor
--

ALTER TABLE ONLY public.giftcard_giftcardtag
    ADD CONSTRAINT giftcard_giftcardtag_name_key UNIQUE (name);


--
-- Name: giftcard_giftcardtag giftcard_giftcardtag_pkey; Type: CONSTRAINT; Schema: public; Owner: saleor
--

ALTER TABLE ONLY public.giftcard_giftcardtag
    ADD CONSTRAINT giftcard_giftcardtag_pkey PRIMARY KEY (id);


--
-- Name: invoice_invoice invoice_invoice_pkey; Type: CONSTRAINT; Schema: public; Owner: saleor
--

ALTER TABLE ONLY public.invoice_invoice
    ADD CONSTRAINT invoice_invoice_pkey PRIMARY KEY (id);


--
-- Name: invoice_invoiceevent invoice_invoiceevent_pkey; Type: CONSTRAINT; Schema: public; Owner: saleor
--

ALTER TABLE ONLY public.invoice_invoiceevent
    ADD CONSTRAINT invoice_invoiceevent_pkey PRIMARY KEY (id);


--
-- Name: menu_menu menu_menu_pkey; Type: CONSTRAINT; Schema: public; Owner: saleor
--

ALTER TABLE ONLY public.menu_menu
    ADD CONSTRAINT menu_menu_pkey PRIMARY KEY (id);


--
-- Name: menu_menu menu_menu_slug_key; Type: CONSTRAINT; Schema: public; Owner: saleor
--

ALTER TABLE ONLY public.menu_menu
    ADD CONSTRAINT menu_menu_slug_key UNIQUE (slug);


--
-- Name: menu_menuitem menu_menuitem_pkey; Type: CONSTRAINT; Schema: public; Owner: saleor
--

ALTER TABLE ONLY public.menu_menuitem
    ADD CONSTRAINT menu_menuitem_pkey PRIMARY KEY (id);


--
-- Name: menu_menuitemtranslation menu_menuitemtranslation_language_code_menu_item__508dcdd8_uniq; Type: CONSTRAINT; Schema: public; Owner: saleor
--

ALTER TABLE ONLY public.menu_menuitemtranslation
    ADD CONSTRAINT menu_menuitemtranslation_language_code_menu_item__508dcdd8_uniq UNIQUE (language_code, menu_item_id);


--
-- Name: menu_menuitemtranslation menu_menuitemtranslation_pkey; Type: CONSTRAINT; Schema: public; Owner: saleor
--

ALTER TABLE ONLY public.menu_menuitemtranslation
    ADD CONSTRAINT menu_menuitemtranslation_pkey PRIMARY KEY (id);


--
-- Name: order_fulfillment order_fulfillment_pkey; Type: CONSTRAINT; Schema: public; Owner: saleor
--

ALTER TABLE ONLY public.order_fulfillment
    ADD CONSTRAINT order_fulfillment_pkey PRIMARY KEY (id);


--
-- Name: order_fulfillmentline order_fulfillmentline_pkey; Type: CONSTRAINT; Schema: public; Owner: saleor
--

ALTER TABLE ONLY public.order_fulfillmentline
    ADD CONSTRAINT order_fulfillmentline_pkey PRIMARY KEY (id);


--
-- Name: order_order order_order_external_reference_key; Type: CONSTRAINT; Schema: public; Owner: saleor
--

ALTER TABLE ONLY public.order_order
    ADD CONSTRAINT order_order_external_reference_key UNIQUE (external_reference);


--
-- Name: order_order_gift_cards order_order_gift_cards_pkey; Type: CONSTRAINT; Schema: public; Owner: saleor
--

ALTER TABLE ONLY public.order_order_gift_cards
    ADD CONSTRAINT order_order_gift_cards_pkey PRIMARY KEY (id);


--
-- Name: order_order order_order_number_49f06f1b_uniq; Type: CONSTRAINT; Schema: public; Owner: saleor
--

ALTER TABLE ONLY public.order_order
    ADD CONSTRAINT order_order_number_49f06f1b_uniq UNIQUE (number);


--
-- Name: order_order order_order_token_ddb7fb7b_pk; Type: CONSTRAINT; Schema: public; Owner: saleor
--

ALTER TABLE ONLY public.order_order
    ADD CONSTRAINT order_order_token_ddb7fb7b_pk PRIMARY KEY (id);


--
-- Name: order_orderevent order_orderevent_pkey; Type: CONSTRAINT; Schema: public; Owner: saleor
--

ALTER TABLE ONLY public.order_orderevent
    ADD CONSTRAINT order_orderevent_pkey PRIMARY KEY (id);


--
-- Name: order_ordergrantedrefund order_ordergrantedrefund_pkey; Type: CONSTRAINT; Schema: public; Owner: saleor
--

ALTER TABLE ONLY public.order_ordergrantedrefund
    ADD CONSTRAINT order_ordergrantedrefund_pkey PRIMARY KEY (id);


--
-- Name: order_ordergrantedrefundline order_ordergrantedrefundline_pkey; Type: CONSTRAINT; Schema: public; Owner: saleor
--

ALTER TABLE ONLY public.order_ordergrantedrefundline
    ADD CONSTRAINT order_ordergrantedrefundline_pkey PRIMARY KEY (id);


--
-- Name: order_orderline order_orderline_old_id_1da97079_uniq; Type: CONSTRAINT; Schema: public; Owner: saleor
--

ALTER TABLE ONLY public.order_orderline
    ADD CONSTRAINT order_orderline_old_id_1da97079_uniq UNIQUE (old_id);


--
-- Name: order_orderline order_orderline_token_47c4393d_pk; Type: CONSTRAINT; Schema: public; Owner: saleor
--

ALTER TABLE ONLY public.order_orderline
    ADD CONSTRAINT order_orderline_token_47c4393d_pk PRIMARY KEY (id);


--
-- Name: page_page page_page_pkey; Type: CONSTRAINT; Schema: public; Owner: saleor
--

ALTER TABLE ONLY public.page_page
    ADD CONSTRAINT page_page_pkey PRIMARY KEY (id);


--
-- Name: page_page page_page_slug_key; Type: CONSTRAINT; Schema: public; Owner: saleor
--

ALTER TABLE ONLY public.page_page
    ADD CONSTRAINT page_page_slug_key UNIQUE (slug);


--
-- Name: page_pagetranslation page_pagetranslation_language_code_page_id_35685962_uniq; Type: CONSTRAINT; Schema: public; Owner: saleor
--

ALTER TABLE ONLY public.page_pagetranslation
    ADD CONSTRAINT page_pagetranslation_language_code_page_id_35685962_uniq UNIQUE (language_code, page_id);


--
-- Name: page_pagetranslation page_pagetranslation_pkey; Type: CONSTRAINT; Schema: public; Owner: saleor
--

ALTER TABLE ONLY public.page_pagetranslation
    ADD CONSTRAINT page_pagetranslation_pkey PRIMARY KEY (id);


--
-- Name: page_pagetype page_pagetype_pkey; Type: CONSTRAINT; Schema: public; Owner: saleor
--

ALTER TABLE ONLY public.page_pagetype
    ADD CONSTRAINT page_pagetype_pkey PRIMARY KEY (id);


--
-- Name: page_pagetype page_pagetype_slug_key; Type: CONSTRAINT; Schema: public; Owner: saleor
--

ALTER TABLE ONLY public.page_pagetype
    ADD CONSTRAINT page_pagetype_slug_key UNIQUE (slug);


--
-- Name: payment_payment payment_paymentmethod_pkey; Type: CONSTRAINT; Schema: public; Owner: saleor
--

ALTER TABLE ONLY public.payment_payment
    ADD CONSTRAINT payment_paymentmethod_pkey PRIMARY KEY (id);


--
-- Name: payment_transaction payment_transaction_pkey; Type: CONSTRAINT; Schema: public; Owner: saleor
--

ALTER TABLE ONLY public.payment_transaction
    ADD CONSTRAINT payment_transaction_pkey PRIMARY KEY (id);


--
-- Name: payment_transactionevent payment_transactionevent_pkey; Type: CONSTRAINT; Schema: public; Owner: saleor
--

ALTER TABLE ONLY public.payment_transactionevent
    ADD CONSTRAINT payment_transactionevent_pkey PRIMARY KEY (id);


--
-- Name: payment_transactionitem payment_transactionitem_pkey; Type: CONSTRAINT; Schema: public; Owner: saleor
--

ALTER TABLE ONLY public.payment_transactionitem
    ADD CONSTRAINT payment_transactionitem_pkey PRIMARY KEY (id);


--
-- Name: payment_transactionitem payment_transactionitem_token_key; Type: CONSTRAINT; Schema: public; Owner: saleor
--

ALTER TABLE ONLY public.payment_transactionitem
    ADD CONSTRAINT payment_transactionitem_token_key UNIQUE (token);


--
-- Name: permission_permission permission_permission_content_type_id_codename_aa582bb6_uniq; Type: CONSTRAINT; Schema: public; Owner: saleor
--

ALTER TABLE ONLY public.permission_permission
    ADD CONSTRAINT permission_permission_content_type_id_codename_aa582bb6_uniq UNIQUE (content_type_id, codename);


--
-- Name: permission_permission permission_permission_pkey; Type: CONSTRAINT; Schema: public; Owner: saleor
--

ALTER TABLE ONLY public.permission_permission
    ADD CONSTRAINT permission_permission_pkey PRIMARY KEY (id);


--
-- Name: plugins_emailtemplate plugins_emailtemplate_pkey; Type: CONSTRAINT; Schema: public; Owner: saleor
--

ALTER TABLE ONLY public.plugins_emailtemplate
    ADD CONSTRAINT plugins_emailtemplate_pkey PRIMARY KEY (id);


--
-- Name: plugins_pluginconfiguration plugins_pluginconfiguration_identifier_channel_id_c4cc3730_uniq; Type: CONSTRAINT; Schema: public; Owner: saleor
--

ALTER TABLE ONLY public.plugins_pluginconfiguration
    ADD CONSTRAINT plugins_pluginconfiguration_identifier_channel_id_c4cc3730_uniq UNIQUE (identifier, channel_id);


--
-- Name: plugins_pluginconfiguration plugins_pluginconfiguration_pkey; Type: CONSTRAINT; Schema: public; Owner: saleor
--

ALTER TABLE ONLY public.plugins_pluginconfiguration
    ADD CONSTRAINT plugins_pluginconfiguration_pkey PRIMARY KEY (id);


--
-- Name: attribute_assignedvariantattribute product_assignedvarianta_variant_id_assignment_id_16584418_uniq; Type: CONSTRAINT; Schema: public; Owner: saleor
--

ALTER TABLE ONLY public.attribute_assignedvariantattribute
    ADD CONSTRAINT product_assignedvarianta_variant_id_assignment_id_16584418_uniq UNIQUE (variant_id, assignment_id);


--
-- Name: attribute_assignedvariantattribute product_assignedvariantattribute_pkey; Type: CONSTRAINT; Schema: public; Owner: saleor
--

ALTER TABLE ONLY public.attribute_assignedvariantattribute
    ADD CONSTRAINT product_assignedvariantattribute_pkey PRIMARY KEY (id);


--
-- Name: attribute_attribute product_attribute_slug_a2ba35f2_uniq; Type: CONSTRAINT; Schema: public; Owner: saleor
--

ALTER TABLE ONLY public.attribute_attribute
    ADD CONSTRAINT product_attribute_slug_a2ba35f2_uniq UNIQUE (slug);


--
-- Name: attribute_attributevaluetranslation product_attributechoicev_language_code_attribute__9b58af18_uniq; Type: CONSTRAINT; Schema: public; Owner: saleor
--

ALTER TABLE ONLY public.attribute_attributevaluetranslation
    ADD CONSTRAINT product_attributechoicev_language_code_attribute__9b58af18_uniq UNIQUE (language_code, attribute_value_id);


--
-- Name: attribute_attributevalue product_attributechoicevalue_pkey; Type: CONSTRAINT; Schema: public; Owner: saleor
--

ALTER TABLE ONLY public.attribute_attributevalue
    ADD CONSTRAINT product_attributechoicevalue_pkey PRIMARY KEY (id);


--
-- Name: attribute_attributevaluetranslation product_attributechoicevaluetranslation_pkey; Type: CONSTRAINT; Schema: public; Owner: saleor
--

ALTER TABLE ONLY public.attribute_attributevaluetranslation
    ADD CONSTRAINT product_attributechoicevaluetranslation_pkey PRIMARY KEY (id);


--
-- Name: attribute_attributepage product_attributepage_attribute_id_page_type_id_60aa672e_uniq; Type: CONSTRAINT; Schema: public; Owner: saleor
--

ALTER TABLE ONLY public.attribute_attributepage
    ADD CONSTRAINT product_attributepage_attribute_id_page_type_id_60aa672e_uniq UNIQUE (attribute_id, page_type_id);


--
-- Name: attribute_attributepage product_attributepage_pkey; Type: CONSTRAINT; Schema: public; Owner: saleor
--

ALTER TABLE ONLY public.attribute_attributepage
    ADD CONSTRAINT product_attributepage_pkey PRIMARY KEY (id);


--
-- Name: attribute_attributeproduct product_attributeproduct_attribute_id_product_typ_85ea87be_uniq; Type: CONSTRAINT; Schema: public; Owner: saleor
--

ALTER TABLE ONLY public.attribute_attributeproduct
    ADD CONSTRAINT product_attributeproduct_attribute_id_product_typ_85ea87be_uniq UNIQUE (attribute_id, product_type_id);


--
-- Name: attribute_attributeproduct product_attributeproduct_pkey; Type: CONSTRAINT; Schema: public; Owner: saleor
--

ALTER TABLE ONLY public.attribute_attributeproduct
    ADD CONSTRAINT product_attributeproduct_pkey PRIMARY KEY (id);


--
-- Name: attribute_attributevalue product_attributevalue_slug_attribute_id_a9b19472_uniq; Type: CONSTRAINT; Schema: public; Owner: saleor
--

ALTER TABLE ONLY public.attribute_attributevalue
    ADD CONSTRAINT product_attributevalue_slug_attribute_id_a9b19472_uniq UNIQUE (slug, attribute_id);


--
-- Name: attribute_attributevariant product_attributevariant_attribute_id_product_typ_304d6c95_uniq; Type: CONSTRAINT; Schema: public; Owner: saleor
--

ALTER TABLE ONLY public.attribute_attributevariant
    ADD CONSTRAINT product_attributevariant_attribute_id_product_typ_304d6c95_uniq UNIQUE (attribute_id, product_type_id);


--
-- Name: attribute_attributevariant product_attributevariant_pkey; Type: CONSTRAINT; Schema: public; Owner: saleor
--

ALTER TABLE ONLY public.attribute_attributevariant
    ADD CONSTRAINT product_attributevariant_pkey PRIMARY KEY (id);


--
-- Name: product_category product_category_pkey; Type: CONSTRAINT; Schema: public; Owner: saleor
--

ALTER TABLE ONLY public.product_category
    ADD CONSTRAINT product_category_pkey PRIMARY KEY (id);


--
-- Name: product_category product_category_slug_e1f8ccc4_uniq; Type: CONSTRAINT; Schema: public; Owner: saleor
--

ALTER TABLE ONLY public.product_category
    ADD CONSTRAINT product_category_slug_e1f8ccc4_uniq UNIQUE (slug);


--
-- Name: product_categorytranslation product_categorytranslat_language_code_category_i_f71fd11d_uniq; Type: CONSTRAINT; Schema: public; Owner: saleor
--

ALTER TABLE ONLY public.product_categorytranslation
    ADD CONSTRAINT product_categorytranslat_language_code_category_i_f71fd11d_uniq UNIQUE (language_code, category_id);


--
-- Name: product_categorytranslation product_categorytranslation_pkey; Type: CONSTRAINT; Schema: public; Owner: saleor
--

ALTER TABLE ONLY public.product_categorytranslation
    ADD CONSTRAINT product_categorytranslation_pkey PRIMARY KEY (id);


--
-- Name: product_collection product_collection_pkey; Type: CONSTRAINT; Schema: public; Owner: saleor
--

ALTER TABLE ONLY public.product_collection
    ADD CONSTRAINT product_collection_pkey PRIMARY KEY (id);


--
-- Name: product_collectionproduct product_collection_products_pkey; Type: CONSTRAINT; Schema: public; Owner: saleor
--

ALTER TABLE ONLY public.product_collectionproduct
    ADD CONSTRAINT product_collection_products_pkey PRIMARY KEY (id);


--
-- Name: product_collection product_collection_slug_ec186116_uniq; Type: CONSTRAINT; Schema: public; Owner: saleor
--

ALTER TABLE ONLY public.product_collection
    ADD CONSTRAINT product_collection_slug_ec186116_uniq UNIQUE (slug);


--
-- Name: product_collectionchannellisting product_collectionchanne_collection_id_channel_id_43d58a4f_uniq; Type: CONSTRAINT; Schema: public; Owner: saleor
--

ALTER TABLE ONLY public.product_collectionchannellisting
    ADD CONSTRAINT product_collectionchanne_collection_id_channel_id_43d58a4f_uniq UNIQUE (collection_id, channel_id);


--
-- Name: product_collectionchannellisting product_collectionchannellisting_pkey; Type: CONSTRAINT; Schema: public; Owner: saleor
--

ALTER TABLE ONLY public.product_collectionchannellisting
    ADD CONSTRAINT product_collectionchannellisting_pkey PRIMARY KEY (id);


--
-- Name: product_collectionproduct product_collectionproduc_collection_id_product_id_e582d799_uniq; Type: CONSTRAINT; Schema: public; Owner: saleor
--

ALTER TABLE ONLY public.product_collectionproduct
    ADD CONSTRAINT product_collectionproduc_collection_id_product_id_e582d799_uniq UNIQUE (collection_id, product_id);


--
-- Name: product_collectiontranslation product_collectiontransl_language_code_collection_b1200cd5_uniq; Type: CONSTRAINT; Schema: public; Owner: saleor
--

ALTER TABLE ONLY public.product_collectiontranslation
    ADD CONSTRAINT product_collectiontransl_language_code_collection_b1200cd5_uniq UNIQUE (language_code, collection_id);


--
-- Name: product_collectiontranslation product_collectiontranslation_pkey; Type: CONSTRAINT; Schema: public; Owner: saleor
--

ALTER TABLE ONLY public.product_collectiontranslation
    ADD CONSTRAINT product_collectiontranslation_pkey PRIMARY KEY (id);


--
-- Name: product_digitalcontent product_digitalcontent_pkey; Type: CONSTRAINT; Schema: public; Owner: saleor
--

ALTER TABLE ONLY public.product_digitalcontent
    ADD CONSTRAINT product_digitalcontent_pkey PRIMARY KEY (id);


--
-- Name: product_digitalcontent product_digitalcontent_product_variant_id_key; Type: CONSTRAINT; Schema: public; Owner: saleor
--

ALTER TABLE ONLY public.product_digitalcontent
    ADD CONSTRAINT product_digitalcontent_product_variant_id_key UNIQUE (product_variant_id);


--
-- Name: product_digitalcontenturl product_digitalcontenturl_order_line_token_id_6f89be20_uniq; Type: CONSTRAINT; Schema: public; Owner: saleor
--

ALTER TABLE ONLY public.product_digitalcontenturl
    ADD CONSTRAINT product_digitalcontenturl_order_line_token_id_6f89be20_uniq UNIQUE (line_id);


--
-- Name: product_digitalcontenturl product_digitalcontenturl_pkey; Type: CONSTRAINT; Schema: public; Owner: saleor
--

ALTER TABLE ONLY public.product_digitalcontenturl
    ADD CONSTRAINT product_digitalcontenturl_pkey PRIMARY KEY (id);


--
-- Name: product_digitalcontenturl product_digitalcontenturl_token_key; Type: CONSTRAINT; Schema: public; Owner: saleor
--

ALTER TABLE ONLY public.product_digitalcontenturl
    ADD CONSTRAINT product_digitalcontenturl_token_key UNIQUE (token);


--
-- Name: product_product product_product_default_variant_id_key; Type: CONSTRAINT; Schema: public; Owner: saleor
--

ALTER TABLE ONLY public.product_product
    ADD CONSTRAINT product_product_default_variant_id_key UNIQUE (default_variant_id);


--
-- Name: product_product product_product_external_reference_key; Type: CONSTRAINT; Schema: public; Owner: saleor
--

ALTER TABLE ONLY public.product_product
    ADD CONSTRAINT product_product_external_reference_key UNIQUE (external_reference);


--
-- Name: product_product product_product_pkey; Type: CONSTRAINT; Schema: public; Owner: saleor
--

ALTER TABLE ONLY public.product_product
    ADD CONSTRAINT product_product_pkey PRIMARY KEY (id);


--
-- Name: product_product product_product_slug_key; Type: CONSTRAINT; Schema: public; Owner: saleor
--

ALTER TABLE ONLY public.product_product
    ADD CONSTRAINT product_product_slug_key UNIQUE (slug);


--
-- Name: attribute_attributetranslation product_productattribute_language_code_product_at_58451db2_uniq; Type: CONSTRAINT; Schema: public; Owner: saleor
--

ALTER TABLE ONLY public.attribute_attributetranslation
    ADD CONSTRAINT product_productattribute_language_code_product_at_58451db2_uniq UNIQUE (language_code, attribute_id);


--
-- Name: attribute_attribute product_productattribute_pkey; Type: CONSTRAINT; Schema: public; Owner: saleor
--

ALTER TABLE ONLY public.attribute_attribute
    ADD CONSTRAINT product_productattribute_pkey PRIMARY KEY (id);


--
-- Name: attribute_attributetranslation product_productattributetranslation_pkey; Type: CONSTRAINT; Schema: public; Owner: saleor
--

ALTER TABLE ONLY public.attribute_attributetranslation
    ADD CONSTRAINT product_productattributetranslation_pkey PRIMARY KEY (id);


--
-- Name: product_productchannellisting product_productchannelli_product_id_channel_id_f50170b5_uniq; Type: CONSTRAINT; Schema: public; Owner: saleor
--

ALTER TABLE ONLY public.product_productchannellisting
    ADD CONSTRAINT product_productchannelli_product_id_channel_id_f50170b5_uniq UNIQUE (product_id, channel_id);


--
-- Name: product_productchannellisting product_productchannellisting_pkey; Type: CONSTRAINT; Schema: public; Owner: saleor
--

ALTER TABLE ONLY public.product_productchannellisting
    ADD CONSTRAINT product_productchannellisting_pkey PRIMARY KEY (id);


--
-- Name: product_producttype product_productclass_pkey; Type: CONSTRAINT; Schema: public; Owner: saleor
--

ALTER TABLE ONLY public.product_producttype
    ADD CONSTRAINT product_productclass_pkey PRIMARY KEY (id);


--
-- Name: product_productmedia product_productmedia_pkey; Type: CONSTRAINT; Schema: public; Owner: saleor
--

ALTER TABLE ONLY public.product_productmedia
    ADD CONSTRAINT product_productmedia_pkey PRIMARY KEY (id);


--
-- Name: product_producttranslation product_producttranslati_language_code_product_id_b06ba774_uniq; Type: CONSTRAINT; Schema: public; Owner: saleor
--

ALTER TABLE ONLY public.product_producttranslation
    ADD CONSTRAINT product_producttranslati_language_code_product_id_b06ba774_uniq UNIQUE (language_code, product_id);


--
-- Name: product_producttranslation product_producttranslation_pkey; Type: CONSTRAINT; Schema: public; Owner: saleor
--

ALTER TABLE ONLY public.product_producttranslation
    ADD CONSTRAINT product_producttranslation_pkey PRIMARY KEY (id);


--
-- Name: product_producttype product_producttype_slug_key; Type: CONSTRAINT; Schema: public; Owner: saleor
--

ALTER TABLE ONLY public.product_producttype
    ADD CONSTRAINT product_producttype_slug_key UNIQUE (slug);


--
-- Name: product_productvariant product_productvariant_external_reference_key; Type: CONSTRAINT; Schema: public; Owner: saleor
--

ALTER TABLE ONLY public.product_productvariant
    ADD CONSTRAINT product_productvariant_external_reference_key UNIQUE (external_reference);


--
-- Name: product_productvariant product_productvariant_pkey; Type: CONSTRAINT; Schema: public; Owner: saleor
--

ALTER TABLE ONLY public.product_productvariant
    ADD CONSTRAINT product_productvariant_pkey PRIMARY KEY (id);


--
-- Name: product_productvariant product_productvariant_sku_key; Type: CONSTRAINT; Schema: public; Owner: saleor
--

ALTER TABLE ONLY public.product_productvariant
    ADD CONSTRAINT product_productvariant_sku_key UNIQUE (sku);


--
-- Name: product_productvariantchannellisting product_productvariantch_variant_id_channel_id_123d5440_uniq; Type: CONSTRAINT; Schema: public; Owner: saleor
--

ALTER TABLE ONLY public.product_productvariantchannellisting
    ADD CONSTRAINT product_productvariantch_variant_id_channel_id_123d5440_uniq UNIQUE (variant_id, channel_id);


--
-- Name: product_productvariantchannellisting product_productvariantchannellisting_pkey; Type: CONSTRAINT; Schema: public; Owner: saleor
--

ALTER TABLE ONLY public.product_productvariantchannellisting
    ADD CONSTRAINT product_productvariantchannellisting_pkey PRIMARY KEY (id);


--
-- Name: product_productvarianttranslation product_productvarianttr_language_code_product_va_cf16d8d0_uniq; Type: CONSTRAINT; Schema: public; Owner: saleor
--

ALTER TABLE ONLY public.product_productvarianttranslation
    ADD CONSTRAINT product_productvarianttr_language_code_product_va_cf16d8d0_uniq UNIQUE (language_code, product_variant_id);


--
-- Name: product_productvarianttranslation product_productvarianttranslation_pkey; Type: CONSTRAINT; Schema: public; Owner: saleor
--

ALTER TABLE ONLY public.product_productvarianttranslation
    ADD CONSTRAINT product_productvarianttranslation_pkey PRIMARY KEY (id);


--
-- Name: product_variantchannellistingpromotionrule product_variantchannelli_variant_channel_listing__8f7a36d8_uniq; Type: CONSTRAINT; Schema: public; Owner: saleor
--

ALTER TABLE ONLY public.product_variantchannellistingpromotionrule
    ADD CONSTRAINT product_variantchannelli_variant_channel_listing__8f7a36d8_uniq UNIQUE (variant_channel_listing_id, promotion_rule_id);


--
-- Name: product_variantchannellistingpromotionrule product_variantchannellistingpromotionrule_pkey; Type: CONSTRAINT; Schema: public; Owner: saleor
--

ALTER TABLE ONLY public.product_variantchannellistingpromotionrule
    ADD CONSTRAINT product_variantchannellistingpromotionrule_pkey PRIMARY KEY (id);


--
-- Name: product_variantmedia product_variantmedia_pkey; Type: CONSTRAINT; Schema: public; Owner: saleor
--

ALTER TABLE ONLY public.product_variantmedia
    ADD CONSTRAINT product_variantmedia_pkey PRIMARY KEY (id);


--
-- Name: product_variantmedia product_variantmedia_variant_id_media_id_003e4321_uniq; Type: CONSTRAINT; Schema: public; Owner: saleor
--

ALTER TABLE ONLY public.product_variantmedia
    ADD CONSTRAINT product_variantmedia_variant_id_media_id_003e4321_uniq UNIQUE (variant_id, media_id);


--
-- Name: schedulers_customperiodictask schedulers_customperiodictask_pkey; Type: CONSTRAINT; Schema: public; Owner: saleor
--

ALTER TABLE ONLY public.schedulers_customperiodictask
    ADD CONSTRAINT schedulers_customperiodictask_pkey PRIMARY KEY (periodictask_ptr_id);


--
-- Name: schedulers_customschedule schedulers_customschedule_pkey; Type: CONSTRAINT; Schema: public; Owner: saleor
--

ALTER TABLE ONLY public.schedulers_customschedule
    ADD CONSTRAINT schedulers_customschedule_pkey PRIMARY KEY (id);


--
-- Name: schedulers_customschedule schedulers_customschedule_schedule_import_path_key; Type: CONSTRAINT; Schema: public; Owner: saleor
--

ALTER TABLE ONLY public.schedulers_customschedule
    ADD CONSTRAINT schedulers_customschedule_schedule_import_path_key UNIQUE (schedule_import_path);


--
-- Name: shipping_shippingmethod_excluded_products shipping_shippingmethod__shippingmethod_id_produc_2c1bbd46_uniq; Type: CONSTRAINT; Schema: public; Owner: saleor
--

ALTER TABLE ONLY public.shipping_shippingmethod_excluded_products
    ADD CONSTRAINT shipping_shippingmethod__shippingmethod_id_produc_2c1bbd46_uniq UNIQUE (shippingmethod_id, product_id);


--
-- Name: shipping_shippingmethod_excluded_products shipping_shippingmethod_excluded_products_pkey; Type: CONSTRAINT; Schema: public; Owner: saleor
--

ALTER TABLE ONLY public.shipping_shippingmethod_excluded_products
    ADD CONSTRAINT shipping_shippingmethod_excluded_products_pkey PRIMARY KEY (id);


--
-- Name: shipping_shippingmethod shipping_shippingmethod_pkey; Type: CONSTRAINT; Schema: public; Owner: saleor
--

ALTER TABLE ONLY public.shipping_shippingmethod
    ADD CONSTRAINT shipping_shippingmethod_pkey PRIMARY KEY (id);


--
-- Name: shipping_shippingmethodchannellisting shipping_shippingmethodc_shipping_method_id_chann_dcc7298d_uniq; Type: CONSTRAINT; Schema: public; Owner: saleor
--

ALTER TABLE ONLY public.shipping_shippingmethodchannellisting
    ADD CONSTRAINT shipping_shippingmethodc_shipping_method_id_chann_dcc7298d_uniq UNIQUE (shipping_method_id, channel_id);


--
-- Name: shipping_shippingmethodchannellisting shipping_shippingmethodchannellisting_pkey; Type: CONSTRAINT; Schema: public; Owner: saleor
--

ALTER TABLE ONLY public.shipping_shippingmethodchannellisting
    ADD CONSTRAINT shipping_shippingmethodchannellisting_pkey PRIMARY KEY (id);


--
-- Name: shipping_shippingmethodtranslation shipping_shippingmethodt_language_code_shipping_m_70e4f786_uniq; Type: CONSTRAINT; Schema: public; Owner: saleor
--

ALTER TABLE ONLY public.shipping_shippingmethodtranslation
    ADD CONSTRAINT shipping_shippingmethodt_language_code_shipping_m_70e4f786_uniq UNIQUE (language_code, shipping_method_id);


--
-- Name: shipping_shippingmethodtranslation shipping_shippingmethodtranslation_pkey; Type: CONSTRAINT; Schema: public; Owner: saleor
--

ALTER TABLE ONLY public.shipping_shippingmethodtranslation
    ADD CONSTRAINT shipping_shippingmethodtranslation_pkey PRIMARY KEY (id);


--
-- Name: shipping_shippingmethodpostalcoderule shipping_shippingmethodz_shipping_method_id_start_33dae54c_uniq; Type: CONSTRAINT; Schema: public; Owner: saleor
--

ALTER TABLE ONLY public.shipping_shippingmethodpostalcoderule
    ADD CONSTRAINT shipping_shippingmethodz_shipping_method_id_start_33dae54c_uniq UNIQUE (shipping_method_id, start, "end");


--
-- Name: shipping_shippingmethodpostalcoderule shipping_shippingmethodzipcoderule_pkey; Type: CONSTRAINT; Schema: public; Owner: saleor
--

ALTER TABLE ONLY public.shipping_shippingmethodpostalcoderule
    ADD CONSTRAINT shipping_shippingmethodzipcoderule_pkey PRIMARY KEY (id);


--
-- Name: shipping_shippingzone_channels shipping_shippingzone_ch_shippingzone_id_channel__509bee3d_uniq; Type: CONSTRAINT; Schema: public; Owner: saleor
--

ALTER TABLE ONLY public.shipping_shippingzone_channels
    ADD CONSTRAINT shipping_shippingzone_ch_shippingzone_id_channel__509bee3d_uniq UNIQUE (shippingzone_id, channel_id);


--
-- Name: shipping_shippingzone_channels shipping_shippingzone_channels_pkey; Type: CONSTRAINT; Schema: public; Owner: saleor
--

ALTER TABLE ONLY public.shipping_shippingzone_channels
    ADD CONSTRAINT shipping_shippingzone_channels_pkey PRIMARY KEY (id);


--
-- Name: shipping_shippingzone shipping_shippingzone_pkey; Type: CONSTRAINT; Schema: public; Owner: saleor
--

ALTER TABLE ONLY public.shipping_shippingzone
    ADD CONSTRAINT shipping_shippingzone_pkey PRIMARY KEY (id);


--
-- Name: site_sitesettings site_sitesettings_pkey; Type: CONSTRAINT; Schema: public; Owner: saleor
--

ALTER TABLE ONLY public.site_sitesettings
    ADD CONSTRAINT site_sitesettings_pkey PRIMARY KEY (id);


--
-- Name: site_sitesettings site_sitesettings_site_id_key; Type: CONSTRAINT; Schema: public; Owner: saleor
--

ALTER TABLE ONLY public.site_sitesettings
    ADD CONSTRAINT site_sitesettings_site_id_key UNIQUE (site_id);


--
-- Name: site_sitesettingstranslation site_sitesettingstransla_language_code_site_setti_e767d9e7_uniq; Type: CONSTRAINT; Schema: public; Owner: saleor
--

ALTER TABLE ONLY public.site_sitesettingstranslation
    ADD CONSTRAINT site_sitesettingstransla_language_code_site_setti_e767d9e7_uniq UNIQUE (language_code, site_settings_id);


--
-- Name: site_sitesettingstranslation site_sitesettingstranslation_pkey; Type: CONSTRAINT; Schema: public; Owner: saleor
--

ALTER TABLE ONLY public.site_sitesettingstranslation
    ADD CONSTRAINT site_sitesettingstranslation_pkey PRIMARY KEY (id);


--
-- Name: tax_taxclass tax_taxclass_pkey; Type: CONSTRAINT; Schema: public; Owner: saleor
--

ALTER TABLE ONLY public.tax_taxclass
    ADD CONSTRAINT tax_taxclass_pkey PRIMARY KEY (id);


--
-- Name: tax_taxclasscountryrate tax_taxclasscountryrate_pkey; Type: CONSTRAINT; Schema: public; Owner: saleor
--

ALTER TABLE ONLY public.tax_taxclasscountryrate
    ADD CONSTRAINT tax_taxclasscountryrate_pkey PRIMARY KEY (id);


--
-- Name: tax_taxconfiguration tax_taxconfiguration_channel_id_key; Type: CONSTRAINT; Schema: public; Owner: saleor
--

ALTER TABLE ONLY public.tax_taxconfiguration
    ADD CONSTRAINT tax_taxconfiguration_channel_id_key UNIQUE (channel_id);


--
-- Name: tax_taxconfiguration tax_taxconfiguration_pkey; Type: CONSTRAINT; Schema: public; Owner: saleor
--

ALTER TABLE ONLY public.tax_taxconfiguration
    ADD CONSTRAINT tax_taxconfiguration_pkey PRIMARY KEY (id);


--
-- Name: tax_taxconfigurationpercountry tax_taxconfigurationperc_tax_configuration_id_cou_6c2371f7_uniq; Type: CONSTRAINT; Schema: public; Owner: saleor
--

ALTER TABLE ONLY public.tax_taxconfigurationpercountry
    ADD CONSTRAINT tax_taxconfigurationperc_tax_configuration_id_cou_6c2371f7_uniq UNIQUE (tax_configuration_id, country);


--
-- Name: tax_taxconfigurationpercountry tax_taxconfigurationpercountry_pkey; Type: CONSTRAINT; Schema: public; Owner: saleor
--

ALTER TABLE ONLY public.tax_taxconfigurationpercountry
    ADD CONSTRAINT tax_taxconfigurationpercountry_pkey PRIMARY KEY (id);


--
-- Name: thumbnail_thumbnail thumbnail_thumbnail_pkey; Type: CONSTRAINT; Schema: public; Owner: saleor
--

ALTER TABLE ONLY public.thumbnail_thumbnail
    ADD CONSTRAINT thumbnail_thumbnail_pkey PRIMARY KEY (id);


--
-- Name: product_categorytranslation uniq_lang_slug_categorytransl; Type: CONSTRAINT; Schema: public; Owner: saleor
--

ALTER TABLE ONLY public.product_categorytranslation
    ADD CONSTRAINT uniq_lang_slug_categorytransl UNIQUE (language_code, slug);


--
-- Name: product_collectiontranslation uniq_lang_slug_collectiontransl; Type: CONSTRAINT; Schema: public; Owner: saleor
--

ALTER TABLE ONLY public.product_collectiontranslation
    ADD CONSTRAINT uniq_lang_slug_collectiontransl UNIQUE (language_code, slug);


--
-- Name: page_pagetranslation uniq_lang_slug_pagetransl; Type: CONSTRAINT; Schema: public; Owner: saleor
--

ALTER TABLE ONLY public.page_pagetranslation
    ADD CONSTRAINT uniq_lang_slug_pagetransl UNIQUE (language_code, slug);


--
-- Name: product_producttranslation uniq_lang_slug_producttransl; Type: CONSTRAINT; Schema: public; Owner: saleor
--

ALTER TABLE ONLY public.product_producttranslation
    ADD CONSTRAINT uniq_lang_slug_producttransl UNIQUE (language_code, slug);


--
-- Name: discount_checkoutlinediscount unique_checkoutline_discount_type; Type: CONSTRAINT; Schema: public; Owner: saleor
--

ALTER TABLE ONLY public.discount_checkoutlinediscount
    ADD CONSTRAINT unique_checkoutline_discount_type UNIQUE (line_id, unique_type);


--
-- Name: tax_taxclasscountryrate unique_country_tax_class; Type: CONSTRAINT; Schema: public; Owner: saleor
--

ALTER TABLE ONLY public.tax_taxclasscountryrate
    ADD CONSTRAINT unique_country_tax_class UNIQUE (country, tax_class_id);


--
-- Name: discount_orderlinediscount unique_orderline_discount_type; Type: CONSTRAINT; Schema: public; Owner: saleor
--

ALTER TABLE ONLY public.discount_orderlinediscount
    ADD CONSTRAINT unique_orderline_discount_type UNIQUE (line_id, unique_type);


--
-- Name: payment_transactionevent unique_transaction_event_idempotency; Type: CONSTRAINT; Schema: public; Owner: saleor
--

ALTER TABLE ONLY public.payment_transactionevent
    ADD CONSTRAINT unique_transaction_event_idempotency UNIQUE (transaction_id, idempotency_key);


--
-- Name: payment_transactionitem unique_transaction_idempotency; Type: CONSTRAINT; Schema: public; Owner: saleor
--

ALTER TABLE ONLY public.payment_transactionitem
    ADD CONSTRAINT unique_transaction_idempotency UNIQUE (app_identifier, idempotency_key);


--
-- Name: account_address userprofile_address_pkey; Type: CONSTRAINT; Schema: public; Owner: saleor
--

ALTER TABLE ONLY public.account_address
    ADD CONSTRAINT userprofile_address_pkey PRIMARY KEY (id);


--
-- Name: account_user_addresses userprofile_user_addresses_pkey; Type: CONSTRAINT; Schema: public; Owner: saleor
--

ALTER TABLE ONLY public.account_user_addresses
    ADD CONSTRAINT userprofile_user_addresses_pkey PRIMARY KEY (id);


--
-- Name: account_user_addresses userprofile_user_addresses_user_id_address_id_6cb87bcc_uniq; Type: CONSTRAINT; Schema: public; Owner: saleor
--

ALTER TABLE ONLY public.account_user_addresses
    ADD CONSTRAINT userprofile_user_addresses_user_id_address_id_6cb87bcc_uniq UNIQUE (user_id, address_id);


--
-- Name: account_user userprofile_user_email_key; Type: CONSTRAINT; Schema: public; Owner: saleor
--

ALTER TABLE ONLY public.account_user
    ADD CONSTRAINT userprofile_user_email_key UNIQUE (email);


--
-- Name: account_user_groups userprofile_user_groups_pkey; Type: CONSTRAINT; Schema: public; Owner: saleor
--

ALTER TABLE ONLY public.account_user_groups
    ADD CONSTRAINT userprofile_user_groups_pkey PRIMARY KEY (id);


--
-- Name: account_user_groups userprofile_user_groups_user_id_group_id_90ce1781_uniq; Type: CONSTRAINT; Schema: public; Owner: saleor
--

ALTER TABLE ONLY public.account_user_groups
    ADD CONSTRAINT userprofile_user_groups_user_id_group_id_90ce1781_uniq UNIQUE (user_id, group_id);


--
-- Name: account_user userprofile_user_pkey; Type: CONSTRAINT; Schema: public; Owner: saleor
--

ALTER TABLE ONLY public.account_user
    ADD CONSTRAINT userprofile_user_pkey PRIMARY KEY (id);


--
-- Name: account_user_user_permissions userprofile_user_user_pe_user_id_permission_id_706d65c8_uniq; Type: CONSTRAINT; Schema: public; Owner: saleor
--

ALTER TABLE ONLY public.account_user_user_permissions
    ADD CONSTRAINT userprofile_user_user_pe_user_id_permission_id_706d65c8_uniq UNIQUE (user_id, permission_id);


--
-- Name: account_user_user_permissions userprofile_user_user_permissions_pkey; Type: CONSTRAINT; Schema: public; Owner: saleor
--

ALTER TABLE ONLY public.account_user_user_permissions
    ADD CONSTRAINT userprofile_user_user_permissions_pkey PRIMARY KEY (id);


--
-- Name: warehouse_allocation warehouse_allocation_pkey; Type: CONSTRAINT; Schema: public; Owner: saleor
--

ALTER TABLE ONLY public.warehouse_allocation
    ADD CONSTRAINT warehouse_allocation_pkey PRIMARY KEY (id);


--
-- Name: warehouse_channelwarehouse warehouse_channelwarehou_channel_id_warehouse_id_a78ef311_uniq; Type: CONSTRAINT; Schema: public; Owner: saleor
--

ALTER TABLE ONLY public.warehouse_channelwarehouse
    ADD CONSTRAINT warehouse_channelwarehou_channel_id_warehouse_id_a78ef311_uniq UNIQUE (channel_id, warehouse_id);


--
-- Name: warehouse_preorderallocation warehouse_preorderallocation_pkey; Type: CONSTRAINT; Schema: public; Owner: saleor
--

ALTER TABLE ONLY public.warehouse_preorderallocation
    ADD CONSTRAINT warehouse_preorderallocation_pkey PRIMARY KEY (id);


--
-- Name: warehouse_preorderreservation warehouse_preorderreservation_pkey; Type: CONSTRAINT; Schema: public; Owner: saleor
--

ALTER TABLE ONLY public.warehouse_preorderreservation
    ADD CONSTRAINT warehouse_preorderreservation_pkey PRIMARY KEY (id);


--
-- Name: warehouse_reservation warehouse_reservation_pkey; Type: CONSTRAINT; Schema: public; Owner: saleor
--

ALTER TABLE ONLY public.warehouse_reservation
    ADD CONSTRAINT warehouse_reservation_pkey PRIMARY KEY (id);


--
-- Name: warehouse_stock warehouse_stock_pkey; Type: CONSTRAINT; Schema: public; Owner: saleor
--

ALTER TABLE ONLY public.warehouse_stock
    ADD CONSTRAINT warehouse_stock_pkey PRIMARY KEY (id);


--
-- Name: warehouse_stock warehouse_stock_warehouse_id_product_variant_id_b04a0a40_uniq; Type: CONSTRAINT; Schema: public; Owner: saleor
--

ALTER TABLE ONLY public.warehouse_stock
    ADD CONSTRAINT warehouse_stock_warehouse_id_product_variant_id_b04a0a40_uniq UNIQUE (warehouse_id, product_variant_id);


--
-- Name: warehouse_channelwarehouse warehouse_warehouse_chan_warehouse_id_channel_id_61b3a7c8_uniq; Type: CONSTRAINT; Schema: public; Owner: saleor
--

ALTER TABLE ONLY public.warehouse_channelwarehouse
    ADD CONSTRAINT warehouse_warehouse_chan_warehouse_id_channel_id_61b3a7c8_uniq UNIQUE (warehouse_id, channel_id);


--
-- Name: warehouse_channelwarehouse warehouse_warehouse_channels_pkey; Type: CONSTRAINT; Schema: public; Owner: saleor
--

ALTER TABLE ONLY public.warehouse_channelwarehouse
    ADD CONSTRAINT warehouse_warehouse_channels_pkey PRIMARY KEY (id);


--
-- Name: warehouse_warehouse warehouse_warehouse_external_reference_key; Type: CONSTRAINT; Schema: public; Owner: saleor
--

ALTER TABLE ONLY public.warehouse_warehouse
    ADD CONSTRAINT warehouse_warehouse_external_reference_key UNIQUE (external_reference);


--
-- Name: warehouse_warehouse warehouse_warehouse_pkey; Type: CONSTRAINT; Schema: public; Owner: saleor
--

ALTER TABLE ONLY public.warehouse_warehouse
    ADD CONSTRAINT warehouse_warehouse_pkey PRIMARY KEY (id);


--
-- Name: warehouse_warehouse_shipping_zones warehouse_warehouse_ship_warehouse_id_shippingzon_e18400fa_uniq; Type: CONSTRAINT; Schema: public; Owner: saleor
--

ALTER TABLE ONLY public.warehouse_warehouse_shipping_zones
    ADD CONSTRAINT warehouse_warehouse_ship_warehouse_id_shippingzon_e18400fa_uniq UNIQUE (warehouse_id, shippingzone_id);


--
-- Name: warehouse_warehouse_shipping_zones warehouse_warehouse_shipping_zones_pkey; Type: CONSTRAINT; Schema: public; Owner: saleor
--

ALTER TABLE ONLY public.warehouse_warehouse_shipping_zones
    ADD CONSTRAINT warehouse_warehouse_shipping_zones_pkey PRIMARY KEY (id);


--
-- Name: warehouse_warehouse warehouse_warehouse_slug_key; Type: CONSTRAINT; Schema: public; Owner: saleor
--

ALTER TABLE ONLY public.warehouse_warehouse
    ADD CONSTRAINT warehouse_warehouse_slug_key UNIQUE (slug);


--
-- Name: webhook_webhook webhook_webhook_pkey; Type: CONSTRAINT; Schema: public; Owner: saleor
--

ALTER TABLE ONLY public.webhook_webhook
    ADD CONSTRAINT webhook_webhook_pkey PRIMARY KEY (id);


--
-- Name: webhook_webhookevent webhook_webhookevent_pkey; Type: CONSTRAINT; Schema: public; Owner: saleor
--

ALTER TABLE ONLY public.webhook_webhookevent
    ADD CONSTRAINT webhook_webhookevent_pkey PRIMARY KEY (id);


--
-- Name: account_address_phone_7966e995; Type: INDEX; Schema: public; Owner: saleor
--

CREATE INDEX account_address_phone_7966e995 ON public.account_address USING btree (phone);


--
-- Name: account_address_phone_7966e995_like; Type: INDEX; Schema: public; Owner: saleor
--

CREATE INDEX account_address_phone_7966e995_like ON public.account_address USING btree (phone varchar_pattern_ops);


--
-- Name: account_customerevent_app_id_b022b4d7; Type: INDEX; Schema: public; Owner: saleor
--

CREATE INDEX account_customerevent_app_id_b022b4d7 ON public.account_customerevent USING btree (app_id);


--
-- Name: account_customerevent_order_token_id_fd941a39; Type: INDEX; Schema: public; Owner: saleor
--

CREATE INDEX account_customerevent_order_token_id_fd941a39 ON public.account_customerevent USING btree (order_id);


--
-- Name: account_customerevent_user_id_b3d6ec36; Type: INDEX; Schema: public; Owner: saleor
--

CREATE INDEX account_customerevent_user_id_b3d6ec36 ON public.account_customerevent USING btree (user_id);


--
-- Name: account_customernote_customer_id_ec50cbf6; Type: INDEX; Schema: public; Owner: saleor
--

CREATE INDEX account_customernote_customer_id_ec50cbf6 ON public.account_customernote USING btree (customer_id);


--
-- Name: account_customernote_date_231c3474; Type: INDEX; Schema: public; Owner: saleor
--

CREATE INDEX account_customernote_date_231c3474 ON public.account_customernote USING btree (date);


--
-- Name: account_customernote_user_id_b10a6c14; Type: INDEX; Schema: public; Owner: saleor
--

CREATE INDEX account_customernote_user_id_b10a6c14 ON public.account_customernote USING btree (user_id);


--
-- Name: account_group_channels_channel_id_04ca83ef; Type: INDEX; Schema: public; Owner: saleor
--

CREATE INDEX account_group_channels_channel_id_04ca83ef ON public.account_group_channels USING btree (channel_id);


--
-- Name: account_group_channels_group_id_301893d0; Type: INDEX; Schema: public; Owner: saleor
--

CREATE INDEX account_group_channels_group_id_301893d0 ON public.account_group_channels USING btree (group_id);


--
-- Name: account_group_name_034e9f3f_like; Type: INDEX; Schema: public; Owner: saleor
--

CREATE INDEX account_group_name_034e9f3f_like ON public.account_group USING btree (name varchar_pattern_ops);


--
-- Name: account_group_permissions_group_id_37f7fcd9; Type: INDEX; Schema: public; Owner: saleor
--

CREATE INDEX account_group_permissions_group_id_37f7fcd9 ON public.account_group_permissions USING btree (group_id);


--
-- Name: account_group_permissions_permission_id_f654f978; Type: INDEX; Schema: public; Owner: saleor
--

CREATE INDEX account_group_permissions_permission_id_f654f978 ON public.account_group_permissions USING btree (permission_id);


--
-- Name: account_serviceaccount_permissions_permission_id_449791f0; Type: INDEX; Schema: public; Owner: saleor
--

CREATE INDEX account_serviceaccount_permissions_permission_id_449791f0 ON public.app_app_permissions USING btree (permission_id);


--
-- Name: account_serviceaccount_permissions_serviceaccount_id_ec78f497; Type: INDEX; Schema: public; Owner: saleor
--

CREATE INDEX account_serviceaccount_permissions_serviceaccount_id_ec78f497 ON public.app_app_permissions USING btree (app_id);


--
-- Name: account_serviceaccounttoken_auth_token_e4c38601_like; Type: INDEX; Schema: public; Owner: saleor
--

CREATE INDEX account_serviceaccounttoken_auth_token_e4c38601_like ON public.app_apptoken USING btree (auth_token varchar_pattern_ops);


--
-- Name: account_serviceaccounttoken_service_account_id_a8e6dee8; Type: INDEX; Schema: public; Owner: saleor
--

CREATE INDEX account_serviceaccounttoken_service_account_id_a8e6dee8 ON public.app_apptoken USING btree (app_id);


--
-- Name: account_staffnotificationrecipient_staff_email_a309b82e_like; Type: INDEX; Schema: public; Owner: saleor
--

CREATE INDEX account_staffnotificationrecipient_staff_email_a309b82e_like ON public.account_staffnotificationrecipient USING btree (staff_email varchar_pattern_ops);


--
-- Name: account_user_external_reference_ba2fbb61_like; Type: INDEX; Schema: public; Owner: saleor
--

CREATE INDEX account_user_external_reference_ba2fbb61_like ON public.account_user USING btree (external_reference varchar_pattern_ops);


--
-- Name: account_user_updated_at_d33bcfd6; Type: INDEX; Schema: public; Owner: saleor
--

CREATE INDEX account_user_updated_at_d33bcfd6 ON public.account_user USING btree (updated_at);


--
-- Name: address_meta_idx; Type: INDEX; Schema: public; Owner: saleor
--

CREATE INDEX address_meta_idx ON public.account_address USING gin (metadata);


--
-- Name: address_p_meta_idx; Type: INDEX; Schema: public; Owner: saleor
--

CREATE INDEX address_p_meta_idx ON public.account_address USING gin (private_metadata);


--
-- Name: address_search_gin; Type: INDEX; Schema: public; Owner: saleor
--

CREATE INDEX address_search_gin ON public.account_address USING gin (first_name public.gin_trgm_ops, last_name public.gin_trgm_ops, city public.gin_trgm_ops, country public.gin_trgm_ops);


--
-- Name: app_appextension_app_id_4b2d27e9; Type: INDEX; Schema: public; Owner: saleor
--

CREATE INDEX app_appextension_app_id_4b2d27e9 ON public.app_appextension USING btree (app_id);


--
-- Name: app_appextension_permissions_appextension_id_8ad99c02; Type: INDEX; Schema: public; Owner: saleor
--

CREATE INDEX app_appextension_permissions_appextension_id_8ad99c02 ON public.app_appextension_permissions USING btree (appextension_id);


--
-- Name: app_appextension_permissions_permission_id_cb6c3ce0; Type: INDEX; Schema: public; Owner: saleor
--

CREATE INDEX app_appextension_permissions_permission_id_cb6c3ce0 ON public.app_appextension_permissions USING btree (permission_id);


--
-- Name: app_appinstallation_permissions_appinstallation_id_f7fe0271; Type: INDEX; Schema: public; Owner: saleor
--

CREATE INDEX app_appinstallation_permissions_appinstallation_id_f7fe0271 ON public.app_appinstallation_permissions USING btree (appinstallation_id);


--
-- Name: app_appinstallation_permissions_permission_id_4ee9f6c8; Type: INDEX; Schema: public; Owner: saleor
--

CREATE INDEX app_appinstallation_permissions_permission_id_4ee9f6c8 ON public.app_appinstallation_permissions USING btree (permission_id);


--
-- Name: app_meta_idx; Type: INDEX; Schema: public; Owner: saleor
--

CREATE INDEX app_meta_idx ON public.app_app USING gin (metadata);


--
-- Name: app_p_meta_idx; Type: INDEX; Schema: public; Owner: saleor
--

CREATE INDEX app_p_meta_idx ON public.app_app USING gin (private_metadata);


--
-- Name: assignedpageattrvalue_page_idx; Type: INDEX; Schema: public; Owner: saleor
--

CREATE INDEX assignedpageattrvalue_page_idx ON public.attribute_assignedpageattributevalue USING btree (page_id);


--
-- Name: assignedprodattrval_product_idx; Type: INDEX; Schema: public; Owner: saleor
--

CREATE INDEX assignedprodattrval_product_idx ON public.attribute_assignedproductattributevalue USING btree (product_id);


--
-- Name: attribute_assignedpageattributevalue_sort_order_4a2a6d66; Type: INDEX; Schema: public; Owner: saleor
--

CREATE INDEX attribute_assignedpageattributevalue_sort_order_4a2a6d66 ON public.attribute_assignedpageattributevalue USING btree (sort_order);


--
-- Name: attribute_assignedpageattributevalue_value_id_9d9ee1aa; Type: INDEX; Schema: public; Owner: saleor
--

CREATE INDEX attribute_assignedpageattributevalue_value_id_9d9ee1aa ON public.attribute_assignedpageattributevalue USING btree (value_id);


--
-- Name: attribute_assignedproductattributevalue_sort_order_3f6252d6; Type: INDEX; Schema: public; Owner: saleor
--

CREATE INDEX attribute_assignedproductattributevalue_sort_order_3f6252d6 ON public.attribute_assignedproductattributevalue USING btree (sort_order);


--
-- Name: attribute_assignedproductattributevalue_value_id_9b9c0c68; Type: INDEX; Schema: public; Owner: saleor
--

CREATE INDEX attribute_assignedproductattributevalue_value_id_9b9c0c68 ON public.attribute_assignedproductattributevalue USING btree (value_id);


--
-- Name: attribute_assignedvariantattributevalue_assignment_id_040f7499; Type: INDEX; Schema: public; Owner: saleor
--

CREATE INDEX attribute_assignedvariantattributevalue_assignment_id_040f7499 ON public.attribute_assignedvariantattributevalue USING btree (assignment_id);


--
-- Name: attribute_assignedvariantattributevalue_sort_order_3e207536; Type: INDEX; Schema: public; Owner: saleor
--

CREATE INDEX attribute_assignedvariantattributevalue_sort_order_3e207536 ON public.attribute_assignedvariantattributevalue USING btree (sort_order);


--
-- Name: attribute_assignedvariantattributevalue_value_id_4bbdc9fa; Type: INDEX; Schema: public; Owner: saleor
--

CREATE INDEX attribute_assignedvariantattributevalue_value_id_4bbdc9fa ON public.attribute_assignedvariantattributevalue USING btree (value_id);


--
-- Name: attribute_attribute_external_reference_792d92de_like; Type: INDEX; Schema: public; Owner: saleor
--

CREATE INDEX attribute_attribute_external_reference_792d92de_like ON public.attribute_attribute USING btree (external_reference varchar_pattern_ops);


--
-- Name: attribute_attributevalue_external_reference_c57fc8fd_like; Type: INDEX; Schema: public; Owner: saleor
--

CREATE INDEX attribute_attributevalue_external_reference_c57fc8fd_like ON public.attribute_attributevalue USING btree (external_reference varchar_pattern_ops);


--
-- Name: attribute_attributevalue_reference_page_id_33727843; Type: INDEX; Schema: public; Owner: saleor
--

CREATE INDEX attribute_attributevalue_reference_page_id_33727843 ON public.attribute_attributevalue USING btree (reference_page_id);


--
-- Name: attribute_attributevalue_reference_product_id_43329b37; Type: INDEX; Schema: public; Owner: saleor
--

CREATE INDEX attribute_attributevalue_reference_product_id_43329b37 ON public.attribute_attributevalue USING btree (reference_product_id);


--
-- Name: attribute_attributevalue_reference_variant_id_670c09ee; Type: INDEX; Schema: public; Owner: saleor
--

CREATE INDEX attribute_attributevalue_reference_variant_id_670c09ee ON public.attribute_attributevalue USING btree (reference_variant_id);


--
-- Name: attribute_gin; Type: INDEX; Schema: public; Owner: saleor
--

CREATE INDEX attribute_gin ON public.attribute_attribute USING gin (slug public.gin_trgm_ops, name public.gin_trgm_ops, type public.gin_trgm_ops, input_type public.gin_trgm_ops, entity_type public.gin_trgm_ops, unit public.gin_trgm_ops);


--
-- Name: attribute_meta_idx; Type: INDEX; Schema: public; Owner: saleor
--

CREATE INDEX attribute_meta_idx ON public.attribute_attribute USING gin (metadata);


--
-- Name: attribute_p_meta_idx; Type: INDEX; Schema: public; Owner: saleor
--

CREATE INDEX attribute_p_meta_idx ON public.attribute_attribute USING gin (private_metadata);


--
-- Name: attribute_search_gin; Type: INDEX; Schema: public; Owner: saleor
--

CREATE INDEX attribute_search_gin ON public.attribute_attributevalue USING gin (name public.gin_trgm_ops, slug public.gin_trgm_ops);


--
-- Name: cart_cart_billing_address_id_9eb62ddd; Type: INDEX; Schema: public; Owner: saleor
--

CREATE INDEX cart_cart_billing_address_id_9eb62ddd ON public.checkout_checkout USING btree (billing_address_id);


--
-- Name: cart_cart_shipping_address_id_adfddaf9; Type: INDEX; Schema: public; Owner: saleor
--

CREATE INDEX cart_cart_shipping_address_id_adfddaf9 ON public.checkout_checkout USING btree (shipping_address_id);


--
-- Name: cart_cart_shipping_method_id_835c02e0; Type: INDEX; Schema: public; Owner: saleor
--

CREATE INDEX cart_cart_shipping_method_id_835c02e0 ON public.checkout_checkout USING btree (shipping_method_id);


--
-- Name: cart_cart_user_id_9b4220b9; Type: INDEX; Schema: public; Owner: saleor
--

CREATE INDEX cart_cart_user_id_9b4220b9 ON public.checkout_checkout USING btree (user_id);


--
-- Name: cart_cartline_cart_id_c7b9981e; Type: INDEX; Schema: public; Owner: saleor
--

CREATE INDEX cart_cartline_cart_id_c7b9981e ON public.checkout_checkoutline USING btree (checkout_id);


--
-- Name: cart_cartline_product_id_1a54130f; Type: INDEX; Schema: public; Owner: saleor
--

CREATE INDEX cart_cartline_product_id_1a54130f ON public.checkout_checkoutline USING btree (variant_id);


--
-- Name: category_meta_idx; Type: INDEX; Schema: public; Owner: saleor
--

CREATE INDEX category_meta_idx ON public.product_category USING gin (metadata);


--
-- Name: category_p_meta_idx; Type: INDEX; Schema: public; Owner: saleor
--

CREATE INDEX category_p_meta_idx ON public.product_category USING gin (private_metadata);


--
-- Name: category_search_name_slug_gin; Type: INDEX; Schema: public; Owner: saleor
--

CREATE INDEX category_search_name_slug_gin ON public.product_category USING gin (name public.gin_trgm_ops, slug public.gin_trgm_ops, description_plaintext public.gin_trgm_ops);


--
-- Name: channel_channel_slug_91801cbf_like; Type: INDEX; Schema: public; Owner: saleor
--

CREATE INDEX channel_channel_slug_91801cbf_like ON public.channel_channel USING btree (slug varchar_pattern_ops);


--
-- Name: channel_meta_idx; Type: INDEX; Schema: public; Owner: saleor
--

CREATE INDEX channel_meta_idx ON public.channel_channel USING gin (metadata);


--
-- Name: channel_p_meta_idx; Type: INDEX; Schema: public; Owner: saleor
--

CREATE INDEX channel_p_meta_idx ON public.channel_channel USING gin (private_metadata);


--
-- Name: checklinedisc_promotion_rule_idx; Type: INDEX; Schema: public; Owner: saleor
--

CREATE INDEX checklinedisc_promotion_rule_idx ON public.discount_checkoutlinediscount USING btree (promotion_rule_id);


--
-- Name: checklinedisc_voucher_code_idx; Type: INDEX; Schema: public; Owner: saleor
--

CREATE INDEX checklinedisc_voucher_code_idx ON public.discount_checkoutlinediscount USING gin (voucher_code);


--
-- Name: checkout_checkout_authorize_status_27351893; Type: INDEX; Schema: public; Owner: saleor
--

CREATE INDEX checkout_checkout_authorize_status_27351893 ON public.checkout_checkout USING btree (authorize_status);


--
-- Name: checkout_checkout_authorize_status_27351893_like; Type: INDEX; Schema: public; Owner: saleor
--

CREATE INDEX checkout_checkout_authorize_status_27351893_like ON public.checkout_checkout USING btree (authorize_status varchar_pattern_ops);


--
-- Name: checkout_checkout_channel_id_3b1a1e12; Type: INDEX; Schema: public; Owner: saleor
--

CREATE INDEX checkout_checkout_channel_id_3b1a1e12 ON public.checkout_checkout USING btree (channel_id);


--
-- Name: checkout_checkout_charge_status_bd143b33; Type: INDEX; Schema: public; Owner: saleor
--

CREATE INDEX checkout_checkout_charge_status_bd143b33 ON public.checkout_checkout USING btree (charge_status);


--
-- Name: checkout_checkout_charge_status_bd143b33_like; Type: INDEX; Schema: public; Owner: saleor
--

CREATE INDEX checkout_checkout_charge_status_bd143b33_like ON public.checkout_checkout USING btree (charge_status varchar_pattern_ops);


--
-- Name: checkout_checkout_collection_point_id_2dfc8e33; Type: INDEX; Schema: public; Owner: saleor
--

CREATE INDEX checkout_checkout_collection_point_id_2dfc8e33 ON public.checkout_checkout USING btree (collection_point_id);


--
-- Name: checkout_checkout_gift_cards_checkout_id_e314728d; Type: INDEX; Schema: public; Owner: saleor
--

CREATE INDEX checkout_checkout_gift_cards_checkout_id_e314728d ON public.checkout_checkout_gift_cards USING btree (checkout_id);


--
-- Name: checkout_checkout_gift_cards_giftcard_id_f5994462; Type: INDEX; Schema: public; Owner: saleor
--

CREATE INDEX checkout_checkout_gift_cards_giftcard_id_f5994462 ON public.checkout_checkout_gift_cards USING btree (giftcard_id);


--
-- Name: checkout_checkout_last_change_dfde0b31; Type: INDEX; Schema: public; Owner: saleor
--

CREATE INDEX checkout_checkout_last_change_dfde0b31 ON public.checkout_checkout USING btree (last_change);


--
-- Name: checkout_meta_idx; Type: INDEX; Schema: public; Owner: saleor
--

CREATE INDEX checkout_meta_idx ON public.checkout_checkout USING gin (metadata);


--
-- Name: checkout_p_meta_idx; Type: INDEX; Schema: public; Owner: saleor
--

CREATE INDEX checkout_p_meta_idx ON public.checkout_checkout USING gin (private_metadata);


--
-- Name: checkout_token_btree_idx; Type: INDEX; Schema: public; Owner: saleor
--

CREATE INDEX checkout_token_btree_idx ON public.order_order USING btree (checkout_token);


--
-- Name: checkoutdiscount_rule_idx; Type: INDEX; Schema: public; Owner: saleor
--

CREATE INDEX checkoutdiscount_rule_idx ON public.discount_checkoutdiscount USING btree (promotion_rule_id);


--
-- Name: checkoutdiscount_voucher_idx; Type: INDEX; Schema: public; Owner: saleor
--

CREATE INDEX checkoutdiscount_voucher_idx ON public.discount_checkoutdiscount USING gin (voucher_code);


--
-- Name: checkoutline_meta_idx; Type: INDEX; Schema: public; Owner: saleor
--

CREATE INDEX checkoutline_meta_idx ON public.checkout_checkoutline USING gin (metadata);


--
-- Name: checkoutline_p_meta_idx; Type: INDEX; Schema: public; Owner: saleor
--

CREATE INDEX checkoutline_p_meta_idx ON public.checkout_checkoutline USING gin (private_metadata);


--
-- Name: checkoutmetadata_meta_idx; Type: INDEX; Schema: public; Owner: saleor
--

CREATE INDEX checkoutmetadata_meta_idx ON public.checkout_checkoutmetadata USING gin (metadata);


--
-- Name: checkoutmetadata_p_meta_idx; Type: INDEX; Schema: public; Owner: saleor
--

CREATE INDEX checkoutmetadata_p_meta_idx ON public.checkout_checkoutmetadata USING gin (private_metadata);


--
-- Name: click_and_collect_option_idx; Type: INDEX; Schema: public; Owner: saleor
--

CREATE INDEX click_and_collect_option_idx ON public.warehouse_warehouse USING btree (click_and_collect_option);


--
-- Name: collection_meta_idx; Type: INDEX; Schema: public; Owner: saleor
--

CREATE INDEX collection_meta_idx ON public.product_collection USING gin (metadata);


--
-- Name: collection_p_meta_idx; Type: INDEX; Schema: public; Owner: saleor
--

CREATE INDEX collection_p_meta_idx ON public.product_collection USING gin (private_metadata);


--
-- Name: collection_search_gin; Type: INDEX; Schema: public; Owner: saleor
--

CREATE INDEX collection_search_gin ON public.product_collection USING gin (name public.gin_trgm_ops, slug public.gin_trgm_ops);


--
-- Name: core_eventdelivery_payload_id_34de9fbd; Type: INDEX; Schema: public; Owner: saleor
--

CREATE INDEX core_eventdelivery_payload_id_34de9fbd ON public.core_eventdelivery USING btree (payload_id);


--
-- Name: core_eventdelivery_webhook_id_1ff668bb; Type: INDEX; Schema: public; Owner: saleor
--

CREATE INDEX core_eventdelivery_webhook_id_1ff668bb ON public.core_eventdelivery USING btree (webhook_id);


--
-- Name: core_eventdeliveryattempt_delivery_id_278cb539; Type: INDEX; Schema: public; Owner: saleor
--

CREATE INDEX core_eventdeliveryattempt_delivery_id_278cb539 ON public.core_eventdeliveryattempt USING btree (delivery_id);


--
-- Name: csv_exportevent_app_id_8637fcc5; Type: INDEX; Schema: public; Owner: saleor
--

CREATE INDEX csv_exportevent_app_id_8637fcc5 ON public.csv_exportevent USING btree (app_id);


--
-- Name: csv_exportevent_export_file_id_35f6c448; Type: INDEX; Schema: public; Owner: saleor
--

CREATE INDEX csv_exportevent_export_file_id_35f6c448 ON public.csv_exportevent USING btree (export_file_id);


--
-- Name: csv_exportevent_user_id_6111f193; Type: INDEX; Schema: public; Owner: saleor
--

CREATE INDEX csv_exportevent_user_id_6111f193 ON public.csv_exportevent USING btree (user_id);


--
-- Name: csv_exportfile_app_id_bc900999; Type: INDEX; Schema: public; Owner: saleor
--

CREATE INDEX csv_exportfile_app_id_bc900999 ON public.csv_exportfile USING btree (app_id);


--
-- Name: csv_exportfile_user_id_2c9071e6; Type: INDEX; Schema: public; Owner: saleor
--

CREATE INDEX csv_exportfile_user_id_2c9071e6 ON public.csv_exportfile USING btree (user_id);


--
-- Name: digitalcontent_meta_idx; Type: INDEX; Schema: public; Owner: saleor
--

CREATE INDEX digitalcontent_meta_idx ON public.product_digitalcontent USING gin (metadata);


--
-- Name: digitalcontent_p_meta_idx; Type: INDEX; Schema: public; Owner: saleor
--

CREATE INDEX digitalcontent_p_meta_idx ON public.product_digitalcontent USING gin (private_metadata);


--
-- Name: discount_ch_name_64e096_gin; Type: INDEX; Schema: public; Owner: saleor
--

CREATE INDEX discount_ch_name_64e096_gin ON public.discount_checkoutdiscount USING gin (name, translated_name);


--
-- Name: discount_checkoutdiscount_checkout_id_e5063abc; Type: INDEX; Schema: public; Owner: saleor
--

CREATE INDEX discount_checkoutdiscount_checkout_id_e5063abc ON public.discount_checkoutdiscount USING btree (checkout_id);


--
-- Name: discount_checkoutdiscount_created_at_c8166ad7; Type: INDEX; Schema: public; Owner: saleor
--

CREATE INDEX discount_checkoutdiscount_created_at_c8166ad7 ON public.discount_checkoutdiscount USING btree (created_at);


--
-- Name: discount_checkoutdiscount_voucher_id_1ef32adb; Type: INDEX; Schema: public; Owner: saleor
--

CREATE INDEX discount_checkoutdiscount_voucher_id_1ef32adb ON public.discount_checkoutdiscount USING btree (voucher_id);


--
-- Name: discount_checkoutlinediscount_created_at_000ed677; Type: INDEX; Schema: public; Owner: saleor
--

CREATE INDEX discount_checkoutlinediscount_created_at_000ed677 ON public.discount_checkoutlinediscount USING btree (created_at);


--
-- Name: discount_checkoutlinediscount_line_id_b93245a9; Type: INDEX; Schema: public; Owner: saleor
--

CREATE INDEX discount_checkoutlinediscount_line_id_b93245a9 ON public.discount_checkoutlinediscount USING btree (line_id);


--
-- Name: discount_checkoutlinediscount_voucher_id_66a61d93; Type: INDEX; Schema: public; Owner: saleor
--

CREATE INDEX discount_checkoutlinediscount_voucher_id_66a61d93 ON public.discount_checkoutlinediscount USING btree (voucher_id);


--
-- Name: discount_or_name_d16858_gin; Type: INDEX; Schema: public; Owner: saleor
--

CREATE INDEX discount_or_name_d16858_gin ON public.discount_orderdiscount USING gin (name, translated_name);


--
-- Name: discount_orderdiscount_created_at_8ee20efc; Type: INDEX; Schema: public; Owner: saleor
--

CREATE INDEX discount_orderdiscount_created_at_8ee20efc ON public.discount_orderdiscount USING btree (created_at);


--
-- Name: discount_orderdiscount_order_token_id_2e6b263a; Type: INDEX; Schema: public; Owner: saleor
--

CREATE INDEX discount_orderdiscount_order_token_id_2e6b263a ON public.discount_orderdiscount USING btree (order_id);


--
-- Name: discount_orderdiscount_voucher_id_10f0a1db; Type: INDEX; Schema: public; Owner: saleor
--

CREATE INDEX discount_orderdiscount_voucher_id_10f0a1db ON public.discount_orderdiscount USING btree (voucher_id);


--
-- Name: discount_orderlinediscount_created_at_acd29d5a; Type: INDEX; Schema: public; Owner: saleor
--

CREATE INDEX discount_orderlinediscount_created_at_acd29d5a ON public.discount_orderlinediscount USING btree (created_at);


--
-- Name: discount_orderlinediscount_line_id_045244c7; Type: INDEX; Schema: public; Owner: saleor
--

CREATE INDEX discount_orderlinediscount_line_id_045244c7 ON public.discount_orderlinediscount USING btree (line_id);


--
-- Name: discount_orderlinediscount_voucher_id_07e8fb8a; Type: INDEX; Schema: public; Owner: saleor
--

CREATE INDEX discount_orderlinediscount_voucher_id_07e8fb8a ON public.discount_orderlinediscount USING btree (voucher_id);


--
-- Name: discount_promotion_created_at_8775e81a; Type: INDEX; Schema: public; Owner: saleor
--

CREATE INDEX discount_promotion_created_at_8775e81a ON public.discount_promotion USING btree (created_at);


--
-- Name: discount_promotion_updated_at_680bf304; Type: INDEX; Schema: public; Owner: saleor
--

CREATE INDEX discount_promotion_updated_at_680bf304 ON public.discount_promotion USING btree (updated_at);


--
-- Name: discount_promotionevent_app_id_bf6964c4; Type: INDEX; Schema: public; Owner: saleor
--

CREATE INDEX discount_promotionevent_app_id_bf6964c4 ON public.discount_promotionevent USING btree (app_id);


--
-- Name: discount_promotionevent_date_37b2d832; Type: INDEX; Schema: public; Owner: saleor
--

CREATE INDEX discount_promotionevent_date_37b2d832 ON public.discount_promotionevent USING btree (date);


--
-- Name: discount_promotionevent_promotion_id_df51584a; Type: INDEX; Schema: public; Owner: saleor
--

CREATE INDEX discount_promotionevent_promotion_id_df51584a ON public.discount_promotionevent USING btree (promotion_id);


--
-- Name: discount_promotionevent_user_id_935d264f; Type: INDEX; Schema: public; Owner: saleor
--

CREATE INDEX discount_promotionevent_user_id_935d264f ON public.discount_promotionevent USING btree (user_id);


--
-- Name: discount_promotionrule_channels_channel_id_698c2436; Type: INDEX; Schema: public; Owner: saleor
--

CREATE INDEX discount_promotionrule_channels_channel_id_698c2436 ON public.discount_promotionrule_channels USING btree (channel_id);


--
-- Name: discount_promotionrule_channels_promotionrule_id_878da3b9; Type: INDEX; Schema: public; Owner: saleor
--

CREATE INDEX discount_promotionrule_channels_promotionrule_id_878da3b9 ON public.discount_promotionrule_channels USING btree (promotionrule_id);


--
-- Name: discount_promotionrule_gifts_productvariant_id_5409d0a9; Type: INDEX; Schema: public; Owner: saleor
--

CREATE INDEX discount_promotionrule_gifts_productvariant_id_5409d0a9 ON public.discount_promotionrule_gifts USING btree (productvariant_id);


--
-- Name: discount_promotionrule_gifts_promotionrule_id_d56c403e; Type: INDEX; Schema: public; Owner: saleor
--

CREATE INDEX discount_promotionrule_gifts_promotionrule_id_d56c403e ON public.discount_promotionrule_gifts USING btree (promotionrule_id);


--
-- Name: discount_promotionrule_promotion_id_6deaa086; Type: INDEX; Schema: public; Owner: saleor
--

CREATE INDEX discount_promotionrule_promotion_id_6deaa086 ON public.discount_promotionrule USING btree (promotion_id);


--
-- Name: discount_promotionrule_variants_productvariant_id_e715ba55; Type: INDEX; Schema: public; Owner: saleor
--

CREATE INDEX discount_promotionrule_variants_productvariant_id_e715ba55 ON public.discount_promotionrule_variants USING btree (productvariant_id);


--
-- Name: discount_promotionrule_variants_promotionrule_id_d16c1004; Type: INDEX; Schema: public; Owner: saleor
--

CREATE INDEX discount_promotionrule_variants_promotionrule_id_d16c1004 ON public.discount_promotionrule_variants USING btree (promotionrule_id);


--
-- Name: discount_promotionruletranslation_promotion_rule_id_e2ab38d7; Type: INDEX; Schema: public; Owner: saleor
--

CREATE INDEX discount_promotionruletranslation_promotion_rule_id_e2ab38d7 ON public.discount_promotionruletranslation USING btree (promotion_rule_id);


--
-- Name: discount_promotiontranslation_promotion_id_bc72ea07; Type: INDEX; Schema: public; Owner: saleor
--

CREATE INDEX discount_promotiontranslation_promotion_id_bc72ea07 ON public.discount_promotiontranslation USING btree (promotion_id);


--
-- Name: discount_voucher_categories_category_id_fc9d044a; Type: INDEX; Schema: public; Owner: saleor
--

CREATE INDEX discount_voucher_categories_category_id_fc9d044a ON public.discount_voucher_categories USING btree (category_id);


--
-- Name: discount_voucher_categories_voucher_id_19a56338; Type: INDEX; Schema: public; Owner: saleor
--

CREATE INDEX discount_voucher_categories_voucher_id_19a56338 ON public.discount_voucher_categories USING btree (voucher_id);


--
-- Name: discount_voucher_collections_collection_id_b9de6b54; Type: INDEX; Schema: public; Owner: saleor
--

CREATE INDEX discount_voucher_collections_collection_id_b9de6b54 ON public.discount_voucher_collections USING btree (collection_id);


--
-- Name: discount_voucher_collections_voucher_id_4ce1fde3; Type: INDEX; Schema: public; Owner: saleor
--

CREATE INDEX discount_voucher_collections_voucher_id_4ce1fde3 ON public.discount_voucher_collections USING btree (voucher_id);


--
-- Name: discount_voucher_products_product_id_4a3131ff; Type: INDEX; Schema: public; Owner: saleor
--

CREATE INDEX discount_voucher_products_product_id_4a3131ff ON public.discount_voucher_products USING btree (product_id);


--
-- Name: discount_voucher_products_voucher_id_8a2e6c3a; Type: INDEX; Schema: public; Owner: saleor
--

CREATE INDEX discount_voucher_products_voucher_id_8a2e6c3a ON public.discount_voucher_products USING btree (voucher_id);


--
-- Name: discount_voucher_variants_productvariant_id_dcab0bb4; Type: INDEX; Schema: public; Owner: saleor
--

CREATE INDEX discount_voucher_variants_productvariant_id_dcab0bb4 ON public.discount_voucher_variants USING btree (productvariant_id);


--
-- Name: discount_voucher_variants_voucher_id_40d96698; Type: INDEX; Schema: public; Owner: saleor
--

CREATE INDEX discount_voucher_variants_voucher_id_40d96698 ON public.discount_voucher_variants USING btree (voucher_id);


--
-- Name: discount_voucherchannellisting_channel_id_09f3ed34; Type: INDEX; Schema: public; Owner: saleor
--

CREATE INDEX discount_voucherchannellisting_channel_id_09f3ed34 ON public.discount_voucherchannellisting USING btree (channel_id);


--
-- Name: discount_voucherchannellisting_voucher_id_7963fcbd; Type: INDEX; Schema: public; Owner: saleor
--

CREATE INDEX discount_voucherchannellisting_voucher_id_7963fcbd ON public.discount_voucherchannellisting USING btree (voucher_id);


--
-- Name: discount_vouchercode_code_8ba04be7_like; Type: INDEX; Schema: public; Owner: saleor
--

CREATE INDEX discount_vouchercode_code_8ba04be7_like ON public.discount_vouchercode USING btree (code varchar_pattern_ops);


--
-- Name: discount_vouchertranslation_voucher_id_288246a9; Type: INDEX; Schema: public; Owner: saleor
--

CREATE INDEX discount_vouchertranslation_voucher_id_288246a9 ON public.discount_vouchertranslation USING btree (voucher_id);


--
-- Name: django_celery_beat_periodictask_clocked_id_47a69f82; Type: INDEX; Schema: public; Owner: saleor
--

CREATE INDEX django_celery_beat_periodictask_clocked_id_47a69f82 ON public.django_celery_beat_periodictask USING btree (clocked_id);


--
-- Name: django_celery_beat_periodictask_crontab_id_d3cba168; Type: INDEX; Schema: public; Owner: saleor
--

CREATE INDEX django_celery_beat_periodictask_crontab_id_d3cba168 ON public.django_celery_beat_periodictask USING btree (crontab_id);


--
-- Name: django_celery_beat_periodictask_interval_id_a8ca27da; Type: INDEX; Schema: public; Owner: saleor
--

CREATE INDEX django_celery_beat_periodictask_interval_id_a8ca27da ON public.django_celery_beat_periodictask USING btree (interval_id);


--
-- Name: django_celery_beat_periodictask_name_265a36b7_like; Type: INDEX; Schema: public; Owner: saleor
--

CREATE INDEX django_celery_beat_periodictask_name_265a36b7_like ON public.django_celery_beat_periodictask USING btree (name varchar_pattern_ops);


--
-- Name: django_celery_beat_periodictask_solar_id_a87ce72c; Type: INDEX; Schema: public; Owner: saleor
--

CREATE INDEX django_celery_beat_periodictask_solar_id_a87ce72c ON public.django_celery_beat_periodictask USING btree (solar_id);


--
-- Name: django_site_domain_a2e37b91_like; Type: INDEX; Schema: public; Owner: saleor
--

CREATE INDEX django_site_domain_a2e37b91_like ON public.django_site USING btree (domain varchar_pattern_ops);


--
-- Name: email_upper_idx; Type: INDEX; Schema: public; Owner: saleor
--

CREATE INDEX email_upper_idx ON public.account_user USING btree (upper((email)::text));


--
-- Name: end_date_idx; Type: INDEX; Schema: public; Owner: saleor
--

CREATE INDEX end_date_idx ON public.discount_promotion USING btree (end_date);


--
-- Name: filterable_channel_slugs_idx; Type: INDEX; Schema: public; Owner: saleor
--

CREATE INDEX filterable_channel_slugs_idx ON public.webhook_webhook USING gin (filterable_channel_slugs);


--
-- Name: first_name_gin; Type: INDEX; Schema: public; Owner: saleor
--

CREATE INDEX first_name_gin ON public.account_user USING gin (first_name public.gin_trgm_ops);


--
-- Name: fulfillment_meta_idx; Type: INDEX; Schema: public; Owner: saleor
--

CREATE INDEX fulfillment_meta_idx ON public.order_fulfillment USING gin (metadata);


--
-- Name: fulfillment_p_meta_idx; Type: INDEX; Schema: public; Owner: saleor
--

CREATE INDEX fulfillment_p_meta_idx ON public.order_fulfillment USING gin (private_metadata);


--
-- Name: gift_card_tag_search_gin; Type: INDEX; Schema: public; Owner: saleor
--

CREATE INDEX gift_card_tag_search_gin ON public.giftcard_giftcardtag USING gin (name public.gin_trgm_ops);


--
-- Name: giftcard_giftcard_app_id_8d9d46f0; Type: INDEX; Schema: public; Owner: saleor
--

CREATE INDEX giftcard_giftcard_app_id_8d9d46f0 ON public.giftcard_giftcard USING btree (app_id);


--
-- Name: giftcard_giftcard_code_f6fb6be8_like; Type: INDEX; Schema: public; Owner: saleor
--

CREATE INDEX giftcard_giftcard_code_f6fb6be8_like ON public.giftcard_giftcard USING btree (code varchar_pattern_ops);


--
-- Name: giftcard_giftcard_created_at_62cb921a; Type: INDEX; Schema: public; Owner: saleor
--

CREATE INDEX giftcard_giftcard_created_at_62cb921a ON public.giftcard_giftcard USING btree (created_at);


--
-- Name: giftcard_giftcard_created_by_id_b70093de; Type: INDEX; Schema: public; Owner: saleor
--

CREATE INDEX giftcard_giftcard_created_by_id_b70093de ON public.giftcard_giftcard USING btree (created_by_id);


--
-- Name: giftcard_giftcard_fulfillment_line_id_f5bb8062; Type: INDEX; Schema: public; Owner: saleor
--

CREATE INDEX giftcard_giftcard_fulfillment_line_id_f5bb8062 ON public.giftcard_giftcard USING btree (fulfillment_line_id);


--
-- Name: giftcard_giftcard_product_id_d4ad7ecd; Type: INDEX; Schema: public; Owner: saleor
--

CREATE INDEX giftcard_giftcard_product_id_d4ad7ecd ON public.giftcard_giftcard USING btree (product_id);


--
-- Name: giftcard_giftcard_tags_giftcard_id_4e7e8444; Type: INDEX; Schema: public; Owner: saleor
--

CREATE INDEX giftcard_giftcard_tags_giftcard_id_4e7e8444 ON public.giftcard_giftcard_tags USING btree (giftcard_id);


--
-- Name: giftcard_giftcard_tags_giftcardtag_id_8d425074; Type: INDEX; Schema: public; Owner: saleor
--

CREATE INDEX giftcard_giftcard_tags_giftcardtag_id_8d425074 ON public.giftcard_giftcard_tags USING btree (giftcardtag_id);


--
-- Name: giftcard_giftcard_used_by_id_4e019509; Type: INDEX; Schema: public; Owner: saleor
--

CREATE INDEX giftcard_giftcard_used_by_id_4e019509 ON public.giftcard_giftcard USING btree (used_by_id);


--
-- Name: giftcard_giftcardevent_app_id_9e107653; Type: INDEX; Schema: public; Owner: saleor
--

CREATE INDEX giftcard_giftcardevent_app_id_9e107653 ON public.giftcard_giftcardevent USING btree (app_id);


--
-- Name: giftcard_giftcardevent_gift_card_id_28f4a30a; Type: INDEX; Schema: public; Owner: saleor
--

CREATE INDEX giftcard_giftcardevent_gift_card_id_28f4a30a ON public.giftcard_giftcardevent USING btree (gift_card_id);


--
-- Name: giftcard_giftcardevent_order_id_a934cb10; Type: INDEX; Schema: public; Owner: saleor
--

CREATE INDEX giftcard_giftcardevent_order_id_a934cb10 ON public.giftcard_giftcardevent USING btree (order_id);


--
-- Name: giftcard_giftcardevent_user_id_6b906b4a; Type: INDEX; Schema: public; Owner: saleor
--

CREATE INDEX giftcard_giftcardevent_user_id_6b906b4a ON public.giftcard_giftcardevent USING btree (user_id);


--
-- Name: giftcard_giftcardtag_name_215cd989_like; Type: INDEX; Schema: public; Owner: saleor
--

CREATE INDEX giftcard_giftcardtag_name_215cd989_like ON public.giftcard_giftcardtag USING btree (name varchar_pattern_ops);


--
-- Name: giftcard_meta_idx; Type: INDEX; Schema: public; Owner: saleor
--

CREATE INDEX giftcard_meta_idx ON public.giftcard_giftcard USING gin (metadata);


--
-- Name: giftcard_p_meta_idx; Type: INDEX; Schema: public; Owner: saleor
--

CREATE INDEX giftcard_p_meta_idx ON public.giftcard_giftcard USING gin (private_metadata);


--
-- Name: giftcard_tsearch; Type: INDEX; Schema: public; Owner: saleor
--

CREATE INDEX giftcard_tsearch ON public.giftcard_giftcard USING gin (search_vector);


--
-- Name: idx_order_created_at; Type: INDEX; Schema: public; Owner: saleor
--

CREATE INDEX idx_order_created_at ON public.order_order USING btree (created_at);


--
-- Name: idx_user_full_name; Type: INDEX; Schema: public; Owner: saleor
--

CREATE INDEX idx_user_full_name ON public.account_user USING gin (((((first_name)::text || ' '::text) || (last_name)::text)) public.gin_trgm_ops);


--
-- Name: invoice_invoice_order_token_id_d2755b86; Type: INDEX; Schema: public; Owner: saleor
--

CREATE INDEX invoice_invoice_order_token_id_d2755b86 ON public.invoice_invoice USING btree (order_id);


--
-- Name: invoice_invoiceevent_app_id_eb92fa41; Type: INDEX; Schema: public; Owner: saleor
--

CREATE INDEX invoice_invoiceevent_app_id_eb92fa41 ON public.invoice_invoiceevent USING btree (app_id);


--
-- Name: invoice_invoiceevent_invoice_id_de0632ca; Type: INDEX; Schema: public; Owner: saleor
--

CREATE INDEX invoice_invoiceevent_invoice_id_de0632ca ON public.invoice_invoiceevent USING btree (invoice_id);


--
-- Name: invoice_invoiceevent_order_token_id_acbb2c92; Type: INDEX; Schema: public; Owner: saleor
--

CREATE INDEX invoice_invoiceevent_order_token_id_acbb2c92 ON public.invoice_invoiceevent USING btree (order_id);


--
-- Name: invoice_invoiceevent_user_id_cd599b8d; Type: INDEX; Schema: public; Owner: saleor
--

CREATE INDEX invoice_invoiceevent_user_id_cd599b8d ON public.invoice_invoiceevent USING btree (user_id);


--
-- Name: invoice_meta_idx; Type: INDEX; Schema: public; Owner: saleor
--

CREATE INDEX invoice_meta_idx ON public.invoice_invoice USING gin (metadata);


--
-- Name: invoice_p_meta_idx; Type: INDEX; Schema: public; Owner: saleor
--

CREATE INDEX invoice_p_meta_idx ON public.invoice_invoice USING gin (private_metadata);


--
-- Name: last_name_gin; Type: INDEX; Schema: public; Owner: saleor
--

CREATE INDEX last_name_gin ON public.account_user USING gin (last_name public.gin_trgm_ops);


--
-- Name: menu_menu_slug_98939c4e_like; Type: INDEX; Schema: public; Owner: saleor
--

CREATE INDEX menu_menu_slug_98939c4e_like ON public.menu_menu USING btree (slug varchar_pattern_ops);


--
-- Name: menu_menuitem_category_id_af353a3b; Type: INDEX; Schema: public; Owner: saleor
--

CREATE INDEX menu_menuitem_category_id_af353a3b ON public.menu_menuitem USING btree (category_id);


--
-- Name: menu_menuitem_collection_id_b913b19e; Type: INDEX; Schema: public; Owner: saleor
--

CREATE INDEX menu_menuitem_collection_id_b913b19e ON public.menu_menuitem USING btree (collection_id);


--
-- Name: menu_menuitem_menu_id_f466b139; Type: INDEX; Schema: public; Owner: saleor
--

CREATE INDEX menu_menuitem_menu_id_f466b139 ON public.menu_menuitem USING btree (menu_id);


--
-- Name: menu_menuitem_page_id_a0c8f92d; Type: INDEX; Schema: public; Owner: saleor
--

CREATE INDEX menu_menuitem_page_id_a0c8f92d ON public.menu_menuitem USING btree (page_id);


--
-- Name: menu_menuitem_parent_id_439f55a5; Type: INDEX; Schema: public; Owner: saleor
--

CREATE INDEX menu_menuitem_parent_id_439f55a5 ON public.menu_menuitem USING btree (parent_id);


--
-- Name: menu_menuitem_sort_order_f96ed184; Type: INDEX; Schema: public; Owner: saleor
--

CREATE INDEX menu_menuitem_sort_order_f96ed184 ON public.menu_menuitem USING btree (sort_order);


--
-- Name: menu_menuitem_tree_id_0d2e9c9a; Type: INDEX; Schema: public; Owner: saleor
--

CREATE INDEX menu_menuitem_tree_id_0d2e9c9a ON public.menu_menuitem USING btree (tree_id);


--
-- Name: menu_menuitemtranslation_menu_item_id_3445926c; Type: INDEX; Schema: public; Owner: saleor
--

CREATE INDEX menu_menuitemtranslation_menu_item_id_3445926c ON public.menu_menuitemtranslation USING btree (menu_item_id);


--
-- Name: menu_meta_idx; Type: INDEX; Schema: public; Owner: saleor
--

CREATE INDEX menu_meta_idx ON public.menu_menu USING gin (metadata);


--
-- Name: menu_p_meta_idx; Type: INDEX; Schema: public; Owner: saleor
--

CREATE INDEX menu_p_meta_idx ON public.menu_menu USING gin (private_metadata);


--
-- Name: menuitem_meta_idx; Type: INDEX; Schema: public; Owner: saleor
--

CREATE INDEX menuitem_meta_idx ON public.menu_menuitem USING gin (metadata);


--
-- Name: menuitem_p_meta_idx; Type: INDEX; Schema: public; Owner: saleor
--

CREATE INDEX menuitem_p_meta_idx ON public.menu_menuitem USING gin (private_metadata);


--
-- Name: order_email_search_gin; Type: INDEX; Schema: public; Owner: saleor
--

CREATE INDEX order_email_search_gin ON public.order_order USING gin (user_email public.gin_trgm_ops);


--
-- Name: order_fulfillment_order_token_id_9cb8226d; Type: INDEX; Schema: public; Owner: saleor
--

CREATE INDEX order_fulfillment_order_token_id_9cb8226d ON public.order_fulfillment USING btree (order_id);


--
-- Name: order_fulfillmentline_fulfillment_id_68f3291d; Type: INDEX; Schema: public; Owner: saleor
--

CREATE INDEX order_fulfillmentline_fulfillment_id_68f3291d ON public.order_fulfillmentline USING btree (fulfillment_id);


--
-- Name: order_fulfillmentline_order_line_token_id_5d3adfcf; Type: INDEX; Schema: public; Owner: saleor
--

CREATE INDEX order_fulfillmentline_order_line_token_id_5d3adfcf ON public.order_fulfillmentline USING btree (order_line_id);


--
-- Name: order_fulfillmentline_stock_id_da5a99fe; Type: INDEX; Schema: public; Owner: saleor
--

CREATE INDEX order_fulfillmentline_stock_id_da5a99fe ON public.order_fulfillmentline USING btree (stock_id);


--
-- Name: order_meta_idx; Type: INDEX; Schema: public; Owner: saleor
--

CREATE INDEX order_meta_idx ON public.order_order USING gin (metadata);


--
-- Name: order_order_authorize_status_3d7fd7b0; Type: INDEX; Schema: public; Owner: saleor
--

CREATE INDEX order_order_authorize_status_3d7fd7b0 ON public.order_order USING btree (authorize_status);


--
-- Name: order_order_authorize_status_3d7fd7b0_like; Type: INDEX; Schema: public; Owner: saleor
--

CREATE INDEX order_order_authorize_status_3d7fd7b0_like ON public.order_order USING btree (authorize_status varchar_pattern_ops);


--
-- Name: order_order_billing_address_id_8fe537cf; Type: INDEX; Schema: public; Owner: saleor
--

CREATE INDEX order_order_billing_address_id_8fe537cf ON public.order_order USING btree (billing_address_id);


--
-- Name: order_order_channel_id_4dacf8a4; Type: INDEX; Schema: public; Owner: saleor
--

CREATE INDEX order_order_channel_id_4dacf8a4 ON public.order_order USING btree (channel_id);


--
-- Name: order_order_charge_status_d96729ef; Type: INDEX; Schema: public; Owner: saleor
--

CREATE INDEX order_order_charge_status_d96729ef ON public.order_order USING btree (charge_status);


--
-- Name: order_order_charge_status_d96729ef_like; Type: INDEX; Schema: public; Owner: saleor
--

CREATE INDEX order_order_charge_status_d96729ef_like ON public.order_order USING btree (charge_status varchar_pattern_ops);


--
-- Name: order_order_collection_point_id_0762767b; Type: INDEX; Schema: public; Owner: saleor
--

CREATE INDEX order_order_collection_point_id_0762767b ON public.order_order USING btree (collection_point_id);


--
-- Name: order_order_external_reference_8badbaae_like; Type: INDEX; Schema: public; Owner: saleor
--

CREATE INDEX order_order_external_reference_8badbaae_like ON public.order_order USING btree (external_reference varchar_pattern_ops);


--
-- Name: order_order_gift_cards_giftcard_id_f6844926; Type: INDEX; Schema: public; Owner: saleor
--

CREATE INDEX order_order_gift_cards_giftcard_id_f6844926 ON public.order_order_gift_cards USING btree (giftcard_id);


--
-- Name: order_order_original_token_id_f061b357; Type: INDEX; Schema: public; Owner: saleor
--

CREATE INDEX order_order_original_token_id_f061b357 ON public.order_order USING btree (original_id);


--
-- Name: order_order_shipping_address_id_57e64931; Type: INDEX; Schema: public; Owner: saleor
--

CREATE INDEX order_order_shipping_address_id_57e64931 ON public.order_order USING btree (shipping_address_id);


--
-- Name: order_order_shipping_method_id_2a742834; Type: INDEX; Schema: public; Owner: saleor
--

CREATE INDEX order_order_shipping_method_id_2a742834 ON public.order_order USING btree (shipping_method_id);


--
-- Name: order_order_shipping_tax_class_id_ec0a5734; Type: INDEX; Schema: public; Owner: saleor
--

CREATE INDEX order_order_shipping_tax_class_id_ec0a5734 ON public.order_order USING btree (shipping_tax_class_id);


--
-- Name: order_order_type_37fa0c_idx; Type: INDEX; Schema: public; Owner: saleor
--

CREATE INDEX order_order_type_37fa0c_idx ON public.order_orderevent USING btree (type);


--
-- Name: order_order_updated_at_6d31c2bd; Type: INDEX; Schema: public; Owner: saleor
--

CREATE INDEX order_order_updated_at_6d31c2bd ON public.order_order USING btree (updated_at);


--
-- Name: order_order_user_id_7cf9bc2b; Type: INDEX; Schema: public; Owner: saleor
--

CREATE INDEX order_order_user_id_7cf9bc2b ON public.order_order USING btree (user_id);


--
-- Name: order_order_voucher_id_0748ca22; Type: INDEX; Schema: public; Owner: saleor
--

CREATE INDEX order_order_voucher_id_0748ca22 ON public.order_order USING btree (voucher_id);


--
-- Name: order_orderevent_app_id_2d642e9c; Type: INDEX; Schema: public; Owner: saleor
--

CREATE INDEX order_orderevent_app_id_2d642e9c ON public.order_orderevent USING btree (app_id);


--
-- Name: order_orderevent_order_token_id_56352b3d; Type: INDEX; Schema: public; Owner: saleor
--

CREATE INDEX order_orderevent_order_token_id_56352b3d ON public.order_orderevent USING btree (order_id);


--
-- Name: order_orderevent_related_id_idx; Type: INDEX; Schema: public; Owner: saleor
--

CREATE INDEX order_orderevent_related_id_idx ON public.order_orderevent USING btree (related_id);


--
-- Name: order_orderevent_user_id_1056ac9c; Type: INDEX; Schema: public; Owner: saleor
--

CREATE INDEX order_orderevent_user_id_1056ac9c ON public.order_orderevent USING btree (user_id);


--
-- Name: order_ordergrantedrefund_app_id_38ac1ecf; Type: INDEX; Schema: public; Owner: saleor
--

CREATE INDEX order_ordergrantedrefund_app_id_38ac1ecf ON public.order_ordergrantedrefund USING btree (app_id);


--
-- Name: order_ordergrantedrefund_order_id_2905d3e7; Type: INDEX; Schema: public; Owner: saleor
--

CREATE INDEX order_ordergrantedrefund_order_id_2905d3e7 ON public.order_ordergrantedrefund USING btree (order_id);


--
-- Name: order_ordergrantedrefund_transaction_item_id_13928191; Type: INDEX; Schema: public; Owner: saleor
--

CREATE INDEX order_ordergrantedrefund_transaction_item_id_13928191 ON public.order_ordergrantedrefund USING btree (transaction_item_id);


--
-- Name: order_ordergrantedrefund_updated_at_3aa80ec9; Type: INDEX; Schema: public; Owner: saleor
--

CREATE INDEX order_ordergrantedrefund_updated_at_3aa80ec9 ON public.order_ordergrantedrefund USING btree (updated_at);


--
-- Name: order_ordergrantedrefund_user_id_f344f8ec; Type: INDEX; Schema: public; Owner: saleor
--

CREATE INDEX order_ordergrantedrefund_user_id_f344f8ec ON public.order_ordergrantedrefund USING btree (user_id);


--
-- Name: order_ordergrantedrefundline_granted_refund_id_cd1bb9f6; Type: INDEX; Schema: public; Owner: saleor
--

CREATE INDEX order_ordergrantedrefundline_granted_refund_id_cd1bb9f6 ON public.order_ordergrantedrefundline USING btree (granted_refund_id);


--
-- Name: order_ordergrantedrefundline_order_line_id_c2b8e4af; Type: INDEX; Schema: public; Owner: saleor
--

CREATE INDEX order_ordergrantedrefundline_order_line_id_c2b8e4af ON public.order_ordergrantedrefundline USING btree (order_line_id);


--
-- Name: order_orderline_order_token_id_c8d256ee; Type: INDEX; Schema: public; Owner: saleor
--

CREATE INDEX order_orderline_order_token_id_c8d256ee ON public.order_orderline USING btree (order_id);


--
-- Name: order_orderline_tax_class_id_bc719d4f; Type: INDEX; Schema: public; Owner: saleor
--

CREATE INDEX order_orderline_tax_class_id_bc719d4f ON public.order_orderline USING btree (tax_class_id);


--
-- Name: order_orderline_variant_id_866774cb; Type: INDEX; Schema: public; Owner: saleor
--

CREATE INDEX order_orderline_variant_id_866774cb ON public.order_orderline USING btree (variant_id);


--
-- Name: order_p_meta_idx; Type: INDEX; Schema: public; Owner: saleor
--

CREATE INDEX order_p_meta_idx ON public.order_order USING gin (private_metadata);


--
-- Name: order_search_gin; Type: INDEX; Schema: public; Owner: saleor
--

CREATE INDEX order_search_gin ON public.order_order USING gin (search_document public.gin_trgm_ops);


--
-- Name: order_tsearch; Type: INDEX; Schema: public; Owner: saleor
--

CREATE INDEX order_tsearch ON public.order_order USING gin (search_vector);


--
-- Name: order_user_email_user_id_idx; Type: INDEX; Schema: public; Owner: saleor
--

CREATE INDEX order_user_email_user_id_idx ON public.order_order USING gin (user_email, user_id);


--
-- Name: order_user_search_gin; Type: INDEX; Schema: public; Owner: saleor
--

CREATE INDEX order_user_search_gin ON public.account_user USING gin (email public.gin_trgm_ops, first_name public.gin_trgm_ops, last_name public.gin_trgm_ops);


--
-- Name: order_voucher_code_idx; Type: INDEX; Schema: public; Owner: saleor
--

CREATE INDEX order_voucher_code_idx ON public.order_order USING gin (voucher_code);


--
-- Name: orderdiscount_promotion_rule_idx; Type: INDEX; Schema: public; Owner: saleor
--

CREATE INDEX orderdiscount_promotion_rule_idx ON public.discount_orderdiscount USING btree (promotion_rule_id);


--
-- Name: orderdiscount_voucher_code_idx; Type: INDEX; Schema: public; Owner: saleor
--

CREATE INDEX orderdiscount_voucher_code_idx ON public.discount_orderdiscount USING gin (voucher_code);


--
-- Name: orderline_meta_idx; Type: INDEX; Schema: public; Owner: saleor
--

CREATE INDEX orderline_meta_idx ON public.order_orderline USING gin (metadata);


--
-- Name: orderline_p_meta_idx; Type: INDEX; Schema: public; Owner: saleor
--

CREATE INDEX orderline_p_meta_idx ON public.order_orderline USING gin (private_metadata);


--
-- Name: orderlinedisc_promotion_rule_idx; Type: INDEX; Schema: public; Owner: saleor
--

CREATE INDEX orderlinedisc_promotion_rule_idx ON public.discount_orderlinediscount USING btree (promotion_rule_id);


--
-- Name: orderlinedisc_voucher_code_idx; Type: INDEX; Schema: public; Owner: saleor
--

CREATE INDEX orderlinedisc_voucher_code_idx ON public.discount_orderlinediscount USING gin (voucher_code);


--
-- Name: page_meta_idx; Type: INDEX; Schema: public; Owner: saleor
--

CREATE INDEX page_meta_idx ON public.page_page USING gin (metadata);


--
-- Name: page_p_meta_idx; Type: INDEX; Schema: public; Owner: saleor
--

CREATE INDEX page_p_meta_idx ON public.page_page USING gin (private_metadata);


--
-- Name: page_page_created_at_86e521f7; Type: INDEX; Schema: public; Owner: saleor
--

CREATE INDEX page_page_created_at_86e521f7 ON public.page_page USING btree (created_at);


--
-- Name: page_page_page_type_id_06acc00e; Type: INDEX; Schema: public; Owner: saleor
--

CREATE INDEX page_page_page_type_id_06acc00e ON public.page_page USING btree (page_type_id);


--
-- Name: page_page_slug_d6b7c8ed_like; Type: INDEX; Schema: public; Owner: saleor
--

CREATE INDEX page_page_slug_d6b7c8ed_like ON public.page_page USING btree (slug varchar_pattern_ops);


--
-- Name: page_page_title_964714_gin; Type: INDEX; Schema: public; Owner: saleor
--

CREATE INDEX page_page_title_964714_gin ON public.page_page USING gin (title, slug);


--
-- Name: page_pagetranslation_page_id_60216ef5; Type: INDEX; Schema: public; Owner: saleor
--

CREATE INDEX page_pagetranslation_page_id_60216ef5 ON public.page_pagetranslation USING btree (page_id);


--
-- Name: page_pagetranslation_slug_4a090cce; Type: INDEX; Schema: public; Owner: saleor
--

CREATE INDEX page_pagetranslation_slug_4a090cce ON public.page_pagetranslation USING btree (slug);


--
-- Name: page_pagetranslation_slug_4a090cce_like; Type: INDEX; Schema: public; Owner: saleor
--

CREATE INDEX page_pagetranslation_slug_4a090cce_like ON public.page_pagetranslation USING btree (slug varchar_pattern_ops);


--
-- Name: page_pagety_name_7c1cb8_gin; Type: INDEX; Schema: public; Owner: saleor
--

CREATE INDEX page_pagety_name_7c1cb8_gin ON public.page_pagetype USING gin (name, slug);


--
-- Name: page_pagetype_slug_dc1e7a3f_like; Type: INDEX; Schema: public; Owner: saleor
--

CREATE INDEX page_pagetype_slug_dc1e7a3f_like ON public.page_pagetype USING btree (slug varchar_pattern_ops);


--
-- Name: pagetype_meta_idx; Type: INDEX; Schema: public; Owner: saleor
--

CREATE INDEX pagetype_meta_idx ON public.page_pagetype USING gin (metadata);


--
-- Name: pagetype_p_meta_idx; Type: INDEX; Schema: public; Owner: saleor
--

CREATE INDEX pagetype_p_meta_idx ON public.page_pagetype USING gin (private_metadata);


--
-- Name: payment_meta_idx; Type: INDEX; Schema: public; Owner: saleor
--

CREATE INDEX payment_meta_idx ON public.payment_payment USING gin (metadata);


--
-- Name: payment_p_meta_idx; Type: INDEX; Schema: public; Owner: saleor
--

CREATE INDEX payment_p_meta_idx ON public.payment_payment USING gin (private_metadata);


--
-- Name: payment_payment_order_token_id_6823f402; Type: INDEX; Schema: public; Owner: saleor
--

CREATE INDEX payment_payment_order_token_id_6823f402 ON public.payment_payment USING btree (order_id);


--
-- Name: payment_payment_psp_reference_720e9ba9; Type: INDEX; Schema: public; Owner: saleor
--

CREATE INDEX payment_payment_psp_reference_720e9ba9 ON public.payment_payment USING btree (psp_reference);


--
-- Name: payment_payment_psp_reference_720e9ba9_like; Type: INDEX; Schema: public; Owner: saleor
--

CREATE INDEX payment_payment_psp_reference_720e9ba9_like ON public.payment_payment USING btree (psp_reference varchar_pattern_ops);


--
-- Name: payment_paymentmethod_checkout_id_5c0aae3d; Type: INDEX; Schema: public; Owner: saleor
--

CREATE INDEX payment_paymentmethod_checkout_id_5c0aae3d ON public.payment_payment USING btree (checkout_id);


--
-- Name: payment_transaction_payment_method_id_d35e75c1; Type: INDEX; Schema: public; Owner: saleor
--

CREATE INDEX payment_transaction_payment_method_id_d35e75c1 ON public.payment_transaction USING btree (payment_id);


--
-- Name: payment_transactionevent_app_id_98888f6d; Type: INDEX; Schema: public; Owner: saleor
--

CREATE INDEX payment_transactionevent_app_id_98888f6d ON public.payment_transactionevent USING btree (app_id);


--
-- Name: payment_transactionevent_related_granted_refund_id_bc5e73e4; Type: INDEX; Schema: public; Owner: saleor
--

CREATE INDEX payment_transactionevent_related_granted_refund_id_bc5e73e4 ON public.payment_transactionevent USING btree (related_granted_refund_id);


--
-- Name: payment_transactionevent_transaction_id_381f97d4; Type: INDEX; Schema: public; Owner: saleor
--

CREATE INDEX payment_transactionevent_transaction_id_381f97d4 ON public.payment_transactionevent USING btree (transaction_id);


--
-- Name: payment_transactionevent_user_id_7f9244da; Type: INDEX; Schema: public; Owner: saleor
--

CREATE INDEX payment_transactionevent_user_id_7f9244da ON public.payment_transactionevent USING btree (user_id);


--
-- Name: payment_transactionitem_app_id_75ae2f40; Type: INDEX; Schema: public; Owner: saleor
--

CREATE INDEX payment_transactionitem_app_id_75ae2f40 ON public.payment_transactionitem USING btree (app_id);


--
-- Name: payment_transactionitem_checkout_id_bc8a405f; Type: INDEX; Schema: public; Owner: saleor
--

CREATE INDEX payment_transactionitem_checkout_id_bc8a405f ON public.payment_transactionitem USING btree (checkout_id);


--
-- Name: payment_transactionitem_order_id_1e36872b; Type: INDEX; Schema: public; Owner: saleor
--

CREATE INDEX payment_transactionitem_order_id_1e36872b ON public.payment_transactionitem USING btree (order_id);


--
-- Name: payment_transactionitem_user_id_780fab59; Type: INDEX; Schema: public; Owner: saleor
--

CREATE INDEX payment_transactionitem_user_id_780fab59 ON public.payment_transactionitem USING btree (user_id);


--
-- Name: permission_permission_content_type_id_e526e8f2; Type: INDEX; Schema: public; Owner: saleor
--

CREATE INDEX permission_permission_content_type_id_e526e8f2 ON public.permission_permission USING btree (content_type_id);


--
-- Name: plugins_emailtemplate_plugin_configuration_id_9abac2f2; Type: INDEX; Schema: public; Owner: saleor
--

CREATE INDEX plugins_emailtemplate_plugin_configuration_id_9abac2f2 ON public.plugins_emailtemplate USING btree (plugin_configuration_id);


--
-- Name: plugins_pluginconfiguration_channel_id_c880e95c; Type: INDEX; Schema: public; Owner: saleor
--

CREATE INDEX plugins_pluginconfiguration_channel_id_c880e95c ON public.plugins_pluginconfiguration USING btree (channel_id);


--
-- Name: product_assignedvariantattribute_assignment_id_8fdbffe8; Type: INDEX; Schema: public; Owner: saleor
--

CREATE INDEX product_assignedvariantattribute_assignment_id_8fdbffe8 ON public.attribute_assignedvariantattribute USING btree (assignment_id);


--
-- Name: product_assignedvariantattribute_variant_id_27483e6a; Type: INDEX; Schema: public; Owner: saleor
--

CREATE INDEX product_assignedvariantattribute_variant_id_27483e6a ON public.attribute_assignedvariantattribute USING btree (variant_id);


--
-- Name: product_attribute_slug_a2ba35f2_like; Type: INDEX; Schema: public; Owner: saleor
--

CREATE INDEX product_attribute_slug_a2ba35f2_like ON public.attribute_attribute USING btree (slug varchar_pattern_ops);


--
-- Name: product_attributechoiceval_attribute_choice_value_id_71c4c0a7; Type: INDEX; Schema: public; Owner: saleor
--

CREATE INDEX product_attributechoiceval_attribute_choice_value_id_71c4c0a7 ON public.attribute_attributevaluetranslation USING btree (attribute_value_id);


--
-- Name: product_attributechoicevalue_attribute_id_c28c6c92; Type: INDEX; Schema: public; Owner: saleor
--

CREATE INDEX product_attributechoicevalue_attribute_id_c28c6c92 ON public.attribute_attributevalue USING btree (attribute_id);


--
-- Name: product_attributechoicevalue_slug_e0d2d25b; Type: INDEX; Schema: public; Owner: saleor
--

CREATE INDEX product_attributechoicevalue_slug_e0d2d25b ON public.attribute_attributevalue USING btree (slug);


--
-- Name: product_attributechoicevalue_slug_e0d2d25b_like; Type: INDEX; Schema: public; Owner: saleor
--

CREATE INDEX product_attributechoicevalue_slug_e0d2d25b_like ON public.attribute_attributevalue USING btree (slug varchar_pattern_ops);


--
-- Name: product_attributechoicevalue_sort_order_c4c071c4; Type: INDEX; Schema: public; Owner: saleor
--

CREATE INDEX product_attributechoicevalue_sort_order_c4c071c4 ON public.attribute_attributevalue USING btree (sort_order);


--
-- Name: product_attributepage_attribute_id_29005ba0; Type: INDEX; Schema: public; Owner: saleor
--

CREATE INDEX product_attributepage_attribute_id_29005ba0 ON public.attribute_attributepage USING btree (attribute_id);


--
-- Name: product_attributepage_page_type_id_2723ed1f; Type: INDEX; Schema: public; Owner: saleor
--

CREATE INDEX product_attributepage_page_type_id_2723ed1f ON public.attribute_attributepage USING btree (page_type_id);


--
-- Name: product_attributepage_sort_order_88af052d; Type: INDEX; Schema: public; Owner: saleor
--

CREATE INDEX product_attributepage_sort_order_88af052d ON public.attribute_attributepage USING btree (sort_order);


--
-- Name: product_attributeproduct_attribute_id_0051c706; Type: INDEX; Schema: public; Owner: saleor
--

CREATE INDEX product_attributeproduct_attribute_id_0051c706 ON public.attribute_attributeproduct USING btree (attribute_id);


--
-- Name: product_attributeproduct_product_type_id_54357b3b; Type: INDEX; Schema: public; Owner: saleor
--

CREATE INDEX product_attributeproduct_product_type_id_54357b3b ON public.attribute_attributeproduct USING btree (product_type_id);


--
-- Name: product_attributeproduct_sort_order_cec8a8e2; Type: INDEX; Schema: public; Owner: saleor
--

CREATE INDEX product_attributeproduct_sort_order_cec8a8e2 ON public.attribute_attributeproduct USING btree (sort_order);


--
-- Name: product_attributevariant_attribute_id_e47d3bc3; Type: INDEX; Schema: public; Owner: saleor
--

CREATE INDEX product_attributevariant_attribute_id_e47d3bc3 ON public.attribute_attributevariant USING btree (attribute_id);


--
-- Name: product_attributevariant_product_type_id_ba95c6dd; Type: INDEX; Schema: public; Owner: saleor
--

CREATE INDEX product_attributevariant_product_type_id_ba95c6dd ON public.attribute_attributevariant USING btree (product_type_id);


--
-- Name: product_attributevariant_sort_order_cf4b00ef; Type: INDEX; Schema: public; Owner: saleor
--

CREATE INDEX product_attributevariant_sort_order_cf4b00ef ON public.attribute_attributevariant USING btree (sort_order);


--
-- Name: product_category_parent_id_f6860923; Type: INDEX; Schema: public; Owner: saleor
--

CREATE INDEX product_category_parent_id_f6860923 ON public.product_category USING btree (parent_id);


--
-- Name: product_category_slug_e1f8ccc4_like; Type: INDEX; Schema: public; Owner: saleor
--

CREATE INDEX product_category_slug_e1f8ccc4_like ON public.product_category USING btree (slug varchar_pattern_ops);


--
-- Name: product_category_tree_id_f3c46461; Type: INDEX; Schema: public; Owner: saleor
--

CREATE INDEX product_category_tree_id_f3c46461 ON public.product_category USING btree (tree_id);


--
-- Name: product_categorytranslation_category_id_aa8d0917; Type: INDEX; Schema: public; Owner: saleor
--

CREATE INDEX product_categorytranslation_category_id_aa8d0917 ON public.product_categorytranslation USING btree (category_id);


--
-- Name: product_categorytranslation_slug_457854dd; Type: INDEX; Schema: public; Owner: saleor
--

CREATE INDEX product_categorytranslation_slug_457854dd ON public.product_categorytranslation USING btree (slug);


--
-- Name: product_categorytranslation_slug_457854dd_like; Type: INDEX; Schema: public; Owner: saleor
--

CREATE INDEX product_categorytranslation_slug_457854dd_like ON public.product_categorytranslation USING btree (slug varchar_pattern_ops);


--
-- Name: product_collection_products_collection_id_0bc817dc; Type: INDEX; Schema: public; Owner: saleor
--

CREATE INDEX product_collection_products_collection_id_0bc817dc ON public.product_collectionproduct USING btree (collection_id);


--
-- Name: product_collection_products_product_id_a45a5b06; Type: INDEX; Schema: public; Owner: saleor
--

CREATE INDEX product_collection_products_product_id_a45a5b06 ON public.product_collectionproduct USING btree (product_id);


--
-- Name: product_collection_slug_ec186116_like; Type: INDEX; Schema: public; Owner: saleor
--

CREATE INDEX product_collection_slug_ec186116_like ON public.product_collection USING btree (slug varchar_pattern_ops);


--
-- Name: product_collectionchannellisting_channel_id_5e167702; Type: INDEX; Schema: public; Owner: saleor
--

CREATE INDEX product_collectionchannellisting_channel_id_5e167702 ON public.product_collectionchannellisting USING btree (channel_id);


--
-- Name: product_collectionchannellisting_collection_id_2ce1b16b; Type: INDEX; Schema: public; Owner: saleor
--

CREATE INDEX product_collectionchannellisting_collection_id_2ce1b16b ON public.product_collectionchannellisting USING btree (collection_id);


--
-- Name: product_collectionproduct_sort_order_5e7b55bb; Type: INDEX; Schema: public; Owner: saleor
--

CREATE INDEX product_collectionproduct_sort_order_5e7b55bb ON public.product_collectionproduct USING btree (sort_order);


--
-- Name: product_collectiontranslation_collection_id_cfbbd453; Type: INDEX; Schema: public; Owner: saleor
--

CREATE INDEX product_collectiontranslation_collection_id_cfbbd453 ON public.product_collectiontranslation USING btree (collection_id);


--
-- Name: product_collectiontranslation_slug_5c279028; Type: INDEX; Schema: public; Owner: saleor
--

CREATE INDEX product_collectiontranslation_slug_5c279028 ON public.product_collectiontranslation USING btree (slug);


--
-- Name: product_collectiontranslation_slug_5c279028_like; Type: INDEX; Schema: public; Owner: saleor
--

CREATE INDEX product_collectiontranslation_slug_5c279028_like ON public.product_collectiontranslation USING btree (slug varchar_pattern_ops);


--
-- Name: product_digitalcontenturl_content_id_654197bd; Type: INDEX; Schema: public; Owner: saleor
--

CREATE INDEX product_digitalcontenturl_content_id_654197bd ON public.product_digitalcontenturl USING btree (content_id);


--
-- Name: product_gin; Type: INDEX; Schema: public; Owner: saleor
--

CREATE INDEX product_gin ON public.product_product USING gin (name public.gin_trgm_ops, slug public.gin_trgm_ops);


--
-- Name: product_meta_idx; Type: INDEX; Schema: public; Owner: saleor
--

CREATE INDEX product_meta_idx ON public.product_product USING gin (metadata);


--
-- Name: product_p_meta_idx; Type: INDEX; Schema: public; Owner: saleor
--

CREATE INDEX product_p_meta_idx ON public.product_product USING gin (private_metadata);


--
-- Name: product_pro_categor_8de99d_idx; Type: INDEX; Schema: public; Owner: saleor
--

CREATE INDEX product_pro_categor_8de99d_idx ON public.product_product USING btree (category_id, slug);


--
-- Name: product_pro_discoun_3145f3_btree; Type: INDEX; Schema: public; Owner: saleor
--

CREATE INDEX product_pro_discoun_3145f3_btree ON public.product_productchannellisting USING btree (discounted_price_amount);


--
-- Name: product_pro_price_a_fb6bd3_gin; Type: INDEX; Schema: public; Owner: saleor
--

CREATE INDEX product_pro_price_a_fb6bd3_gin ON public.product_productvariantchannellisting USING gin (price_amount, channel_id);


--
-- Name: product_pro_publish_a3c049_idx; Type: INDEX; Schema: public; Owner: saleor
--

CREATE INDEX product_pro_publish_a3c049_idx ON public.product_productchannellisting USING btree (published_at);


--
-- Name: product_product_category_id_0c725779; Type: INDEX; Schema: public; Owner: saleor
--

CREATE INDEX product_product_category_id_0c725779 ON public.product_product USING btree (category_id);


--
-- Name: product_product_created_526af21d; Type: INDEX; Schema: public; Owner: saleor
--

CREATE INDEX product_product_created_526af21d ON public.product_product USING btree (created_at);


--
-- Name: product_product_external_reference_af10ae04_like; Type: INDEX; Schema: public; Owner: saleor
--

CREATE INDEX product_product_external_reference_af10ae04_like ON public.product_product USING btree (external_reference varchar_pattern_ops);


--
-- Name: product_product_product_class_id_0547c998; Type: INDEX; Schema: public; Owner: saleor
--

CREATE INDEX product_product_product_class_id_0547c998 ON public.product_product USING btree (product_type_id);


--
-- Name: product_product_search_index_dirty_724d006b; Type: INDEX; Schema: public; Owner: saleor
--

CREATE INDEX product_product_search_index_dirty_724d006b ON public.product_product USING btree (search_index_dirty);


--
-- Name: product_product_slug_76cde0ae_like; Type: INDEX; Schema: public; Owner: saleor
--

CREATE INDEX product_product_slug_76cde0ae_like ON public.product_product USING btree (slug varchar_pattern_ops);


--
-- Name: product_product_tax_class_id_a0476487; Type: INDEX; Schema: public; Owner: saleor
--

CREATE INDEX product_product_tax_class_id_a0476487 ON public.product_product USING btree (tax_class_id);


--
-- Name: product_product_updated_at_0eb084a6; Type: INDEX; Schema: public; Owner: saleor
--

CREATE INDEX product_product_updated_at_0eb084a6 ON public.product_product USING btree (updated_at);


--
-- Name: product_productattributetr_product_attribute_id_56b48511; Type: INDEX; Schema: public; Owner: saleor
--

CREATE INDEX product_productattributetr_product_attribute_id_56b48511 ON public.attribute_attributetranslation USING btree (attribute_id);


--
-- Name: product_productchannellisting_channel_id_f8b52350; Type: INDEX; Schema: public; Owner: saleor
--

CREATE INDEX product_productchannellisting_channel_id_f8b52350 ON public.product_productchannellisting USING btree (channel_id);


--
-- Name: product_productchannellisting_product_id_7838c7a9; Type: INDEX; Schema: public; Owner: saleor
--

CREATE INDEX product_productchannellisting_product_id_7838c7a9 ON public.product_productchannellisting USING btree (product_id);


--
-- Name: product_productmedia_product_id_b83ecd16; Type: INDEX; Schema: public; Owner: saleor
--

CREATE INDEX product_productmedia_product_id_b83ecd16 ON public.product_productmedia USING btree (product_id);


--
-- Name: product_productmedia_sort_order_d9f18acb; Type: INDEX; Schema: public; Owner: saleor
--

CREATE INDEX product_productmedia_sort_order_d9f18acb ON public.product_productmedia USING btree (sort_order);


--
-- Name: product_producttranslation_product_id_2c2c7532; Type: INDEX; Schema: public; Owner: saleor
--

CREATE INDEX product_producttranslation_product_id_2c2c7532 ON public.product_producttranslation USING btree (product_id);


--
-- Name: product_producttranslation_slug_6f13488c; Type: INDEX; Schema: public; Owner: saleor
--

CREATE INDEX product_producttranslation_slug_6f13488c ON public.product_producttranslation USING btree (slug);


--
-- Name: product_producttranslation_slug_6f13488c_like; Type: INDEX; Schema: public; Owner: saleor
--

CREATE INDEX product_producttranslation_slug_6f13488c_like ON public.product_producttranslation USING btree (slug varchar_pattern_ops);


--
-- Name: product_producttype_slug_6871faf2_like; Type: INDEX; Schema: public; Owner: saleor
--

CREATE INDEX product_producttype_slug_6871faf2_like ON public.product_producttype USING btree (slug varchar_pattern_ops);


--
-- Name: product_producttype_tax_class_id_cc83fe88; Type: INDEX; Schema: public; Owner: saleor
--

CREATE INDEX product_producttype_tax_class_id_cc83fe88 ON public.product_producttype USING btree (tax_class_id);


--
-- Name: product_productvariant_created_355c17e4; Type: INDEX; Schema: public; Owner: saleor
--

CREATE INDEX product_productvariant_created_355c17e4 ON public.product_productvariant USING btree (created_at);


--
-- Name: product_productvariant_external_reference_8f7f4882_like; Type: INDEX; Schema: public; Owner: saleor
--

CREATE INDEX product_productvariant_external_reference_8f7f4882_like ON public.product_productvariant USING btree (external_reference varchar_pattern_ops);


--
-- Name: product_productvariant_product_id_43c5a310; Type: INDEX; Schema: public; Owner: saleor
--

CREATE INDEX product_productvariant_product_id_43c5a310 ON public.product_productvariant USING btree (product_id);


--
-- Name: product_productvariant_sku_50706818_like; Type: INDEX; Schema: public; Owner: saleor
--

CREATE INDEX product_productvariant_sku_50706818_like ON public.product_productvariant USING btree (sku varchar_pattern_ops);


--
-- Name: product_productvariant_sort_order_d4acf89b; Type: INDEX; Schema: public; Owner: saleor
--

CREATE INDEX product_productvariant_sort_order_d4acf89b ON public.product_productvariant USING btree (sort_order);


--
-- Name: product_productvariant_updated_at_4ed8c13c; Type: INDEX; Schema: public; Owner: saleor
--

CREATE INDEX product_productvariant_updated_at_4ed8c13c ON public.product_productvariant USING btree (updated_at);


--
-- Name: product_productvariantchannellisting_channel_id_23e849ed; Type: INDEX; Schema: public; Owner: saleor
--

CREATE INDEX product_productvariantchannellisting_channel_id_23e849ed ON public.product_productvariantchannellisting USING btree (channel_id);


--
-- Name: product_productvariantchannellisting_variant_id_f8e7abba; Type: INDEX; Schema: public; Owner: saleor
--

CREATE INDEX product_productvariantchannellisting_variant_id_f8e7abba ON public.product_productvariantchannellisting USING btree (variant_id);


--
-- Name: product_productvarianttranslation_product_variant_id_1b144a85; Type: INDEX; Schema: public; Owner: saleor
--

CREATE INDEX product_productvarianttranslation_product_variant_id_1b144a85 ON public.product_productvarianttranslation USING btree (product_variant_id);


--
-- Name: product_search_gin; Type: INDEX; Schema: public; Owner: saleor
--

CREATE INDEX product_search_gin ON public.product_product USING gin (search_document public.gin_trgm_ops);


--
-- Name: product_tsearch; Type: INDEX; Schema: public; Owner: saleor
--

CREATE INDEX product_tsearch ON public.product_product USING gin (search_vector);


--
-- Name: product_type_search_gin; Type: INDEX; Schema: public; Owner: saleor
--

CREATE INDEX product_type_search_gin ON public.product_producttype USING gin (name public.gin_trgm_ops, slug public.gin_trgm_ops);


--
-- Name: product_variantchannellist_promotion_rule_id_af12d96f; Type: INDEX; Schema: public; Owner: saleor
--

CREATE INDEX product_variantchannellist_promotion_rule_id_af12d96f ON public.product_variantchannellistingpromotionrule USING btree (promotion_rule_id);


--
-- Name: product_variantchannellist_variant_channel_listing_id_3d6a575a; Type: INDEX; Schema: public; Owner: saleor
--

CREATE INDEX product_variantchannellist_variant_channel_listing_id_3d6a575a ON public.product_variantchannellistingpromotionrule USING btree (variant_channel_listing_id);


--
-- Name: product_variantmedia_media_id_e94208c4; Type: INDEX; Schema: public; Owner: saleor
--

CREATE INDEX product_variantmedia_media_id_e94208c4 ON public.product_variantmedia USING btree (media_id);


--
-- Name: product_variantmedia_variant_id_2a29a589; Type: INDEX; Schema: public; Owner: saleor
--

CREATE INDEX product_variantmedia_variant_id_2a29a589 ON public.product_variantmedia USING btree (variant_id);


--
-- Name: productmedia_meta_idx; Type: INDEX; Schema: public; Owner: saleor
--

CREATE INDEX productmedia_meta_idx ON public.product_productmedia USING gin (metadata);


--
-- Name: productmedia_p_meta_idx; Type: INDEX; Schema: public; Owner: saleor
--

CREATE INDEX productmedia_p_meta_idx ON public.product_productmedia USING gin (private_metadata);


--
-- Name: producttype_meta_idx; Type: INDEX; Schema: public; Owner: saleor
--

CREATE INDEX producttype_meta_idx ON public.product_producttype USING gin (metadata);


--
-- Name: producttype_p_meta_idx; Type: INDEX; Schema: public; Owner: saleor
--

CREATE INDEX producttype_p_meta_idx ON public.product_producttype USING gin (private_metadata);


--
-- Name: productvariant_meta_idx; Type: INDEX; Schema: public; Owner: saleor
--

CREATE INDEX productvariant_meta_idx ON public.product_productvariant USING gin (metadata);


--
-- Name: productvariant_p_meta_idx; Type: INDEX; Schema: public; Owner: saleor
--

CREATE INDEX productvariant_p_meta_idx ON public.product_productvariant USING gin (private_metadata);


--
-- Name: s_z_countries_idx; Type: INDEX; Schema: public; Owner: saleor
--

CREATE INDEX s_z_countries_idx ON public.shipping_shippingzone USING gin (countries public.gin_trgm_ops);


--
-- Name: schedulers_customperiodictask_custom_id_2ce85a70; Type: INDEX; Schema: public; Owner: saleor
--

CREATE INDEX schedulers_customperiodictask_custom_id_2ce85a70 ON public.schedulers_customperiodictask USING btree (custom_id);


--
-- Name: schedulers_customschedule_schedule_import_path_d6057fed_like; Type: INDEX; Schema: public; Owner: saleor
--

CREATE INDEX schedulers_customschedule_schedule_import_path_d6057fed_like ON public.schedulers_customschedule USING btree (schedule_import_path varchar_pattern_ops);


--
-- Name: shipping_shippingmethod_ex_shippingmethod_id_a522e057; Type: INDEX; Schema: public; Owner: saleor
--

CREATE INDEX shipping_shippingmethod_ex_shippingmethod_id_a522e057 ON public.shipping_shippingmethod_excluded_products USING btree (shippingmethod_id);


--
-- Name: shipping_shippingmethod_excluded_products_product_id_c2c20af6; Type: INDEX; Schema: public; Owner: saleor
--

CREATE INDEX shipping_shippingmethod_excluded_products_product_id_c2c20af6 ON public.shipping_shippingmethod_excluded_products USING btree (product_id);


--
-- Name: shipping_shippingmethod_shipping_zone_id_265b7413; Type: INDEX; Schema: public; Owner: saleor
--

CREATE INDEX shipping_shippingmethod_shipping_zone_id_265b7413 ON public.shipping_shippingmethod USING btree (shipping_zone_id);


--
-- Name: shipping_shippingmethod_tax_class_id_59ec5c19; Type: INDEX; Schema: public; Owner: saleor
--

CREATE INDEX shipping_shippingmethod_tax_class_id_59ec5c19 ON public.shipping_shippingmethod USING btree (tax_class_id);


--
-- Name: shipping_shippingmethodcha_shipping_method_id_20c0bc65; Type: INDEX; Schema: public; Owner: saleor
--

CREATE INDEX shipping_shippingmethodcha_shipping_method_id_20c0bc65 ON public.shipping_shippingmethodchannellisting USING btree (shipping_method_id);


--
-- Name: shipping_shippingmethodchannellisting_channel_id_10933a3c; Type: INDEX; Schema: public; Owner: saleor
--

CREATE INDEX shipping_shippingmethodchannellisting_channel_id_10933a3c ON public.shipping_shippingmethodchannellisting USING btree (channel_id);


--
-- Name: shipping_shippingmethodtranslation_shipping_method_id_31d925d2; Type: INDEX; Schema: public; Owner: saleor
--

CREATE INDEX shipping_shippingmethodtranslation_shipping_method_id_31d925d2 ON public.shipping_shippingmethodtranslation USING btree (shipping_method_id);


--
-- Name: shipping_shippingmethodzipcoderule_shipping_method_id_825fd462; Type: INDEX; Schema: public; Owner: saleor
--

CREATE INDEX shipping_shippingmethodzipcoderule_shipping_method_id_825fd462 ON public.shipping_shippingmethodpostalcoderule USING btree (shipping_method_id);


--
-- Name: shipping_shippingzone_channels_channel_id_36548abc; Type: INDEX; Schema: public; Owner: saleor
--

CREATE INDEX shipping_shippingzone_channels_channel_id_36548abc ON public.shipping_shippingzone_channels USING btree (channel_id);


--
-- Name: shipping_shippingzone_channels_shippingzone_id_6724d6e4; Type: INDEX; Schema: public; Owner: saleor
--

CREATE INDEX shipping_shippingzone_channels_shippingzone_id_6724d6e4 ON public.shipping_shippingzone_channels USING btree (shippingzone_id);


--
-- Name: shippingmethod_meta_idx; Type: INDEX; Schema: public; Owner: saleor
--

CREATE INDEX shippingmethod_meta_idx ON public.shipping_shippingmethod USING gin (metadata);


--
-- Name: shippingmethod_p_meta_idx; Type: INDEX; Schema: public; Owner: saleor
--

CREATE INDEX shippingmethod_p_meta_idx ON public.shipping_shippingmethod USING gin (private_metadata);


--
-- Name: shippingzone_meta_idx; Type: INDEX; Schema: public; Owner: saleor
--

CREATE INDEX shippingzone_meta_idx ON public.shipping_shippingzone USING gin (metadata);


--
-- Name: shippingzone_p_meta_idx; Type: INDEX; Schema: public; Owner: saleor
--

CREATE INDEX shippingzone_p_meta_idx ON public.shipping_shippingzone USING gin (private_metadata);


--
-- Name: site_sitesettings_bottom_menu_id_e2a78098; Type: INDEX; Schema: public; Owner: saleor
--

CREATE INDEX site_sitesettings_bottom_menu_id_e2a78098 ON public.site_sitesettings USING btree (bottom_menu_id);


--
-- Name: site_sitesettings_company_address_id_f0825427; Type: INDEX; Schema: public; Owner: saleor
--

CREATE INDEX site_sitesettings_company_address_id_f0825427 ON public.site_sitesettings USING btree (company_address_id);


--
-- Name: site_sitesettings_top_menu_id_ab6f8c46; Type: INDEX; Schema: public; Owner: saleor
--

CREATE INDEX site_sitesettings_top_menu_id_ab6f8c46 ON public.site_sitesettings USING btree (top_menu_id);


--
-- Name: site_sitesettingstranslation_site_settings_id_ca085ff6; Type: INDEX; Schema: public; Owner: saleor
--

CREATE INDEX site_sitesettingstranslation_site_settings_id_ca085ff6 ON public.site_sitesettingstranslation USING btree (site_settings_id);


--
-- Name: start_date_idx; Type: INDEX; Schema: public; Owner: saleor
--

CREATE INDEX start_date_idx ON public.discount_promotion USING btree (start_date);


--
-- Name: tax_taxclasscountryrate_tax_class_id_6ce938aa; Type: INDEX; Schema: public; Owner: saleor
--

CREATE INDEX tax_taxclasscountryrate_tax_class_id_6ce938aa ON public.tax_taxclasscountryrate USING btree (tax_class_id);


--
-- Name: tax_taxconfigurationpercountry_tax_configuration_id_63347e1b; Type: INDEX; Schema: public; Owner: saleor
--

CREATE INDEX tax_taxconfigurationpercountry_tax_configuration_id_63347e1b ON public.tax_taxconfigurationpercountry USING btree (tax_configuration_id);


--
-- Name: thumbnail_thumbnail_app_id_aa70f2d4; Type: INDEX; Schema: public; Owner: saleor
--

CREATE INDEX thumbnail_thumbnail_app_id_aa70f2d4 ON public.thumbnail_thumbnail USING btree (app_id);


--
-- Name: thumbnail_thumbnail_app_installation_id_a5a97d99; Type: INDEX; Schema: public; Owner: saleor
--

CREATE INDEX thumbnail_thumbnail_app_installation_id_a5a97d99 ON public.thumbnail_thumbnail USING btree (app_installation_id);


--
-- Name: thumbnail_thumbnail_category_id_e3196106; Type: INDEX; Schema: public; Owner: saleor
--

CREATE INDEX thumbnail_thumbnail_category_id_e3196106 ON public.thumbnail_thumbnail USING btree (category_id);


--
-- Name: thumbnail_thumbnail_collection_id_0aa16183; Type: INDEX; Schema: public; Owner: saleor
--

CREATE INDEX thumbnail_thumbnail_collection_id_0aa16183 ON public.thumbnail_thumbnail USING btree (collection_id);


--
-- Name: thumbnail_thumbnail_product_media_id_85602a99; Type: INDEX; Schema: public; Owner: saleor
--

CREATE INDEX thumbnail_thumbnail_product_media_id_85602a99 ON public.thumbnail_thumbnail USING btree (product_media_id);


--
-- Name: thumbnail_thumbnail_user_id_0bc68981; Type: INDEX; Schema: public; Owner: saleor
--

CREATE INDEX thumbnail_thumbnail_user_id_0bc68981 ON public.thumbnail_thumbnail USING btree (user_id);


--
-- Name: token_idx; Type: INDEX; Schema: public; Owner: saleor
--

CREATE INDEX token_idx ON public.payment_transaction USING gin (token);


--
-- Name: transactionitem_meta_idx; Type: INDEX; Schema: public; Owner: saleor
--

CREATE INDEX transactionitem_meta_idx ON public.payment_transactionitem USING gin (metadata);


--
-- Name: transactionitem_p_meta_idx; Type: INDEX; Schema: public; Owner: saleor
--

CREATE INDEX transactionitem_p_meta_idx ON public.payment_transactionitem USING gin (private_metadata);


--
-- Name: unique_country_without_tax_class; Type: INDEX; Schema: public; Owner: saleor
--

CREATE UNIQUE INDEX unique_country_without_tax_class ON public.tax_taxclasscountryrate USING btree (country) WHERE (tax_class_id IS NULL);


--
-- Name: updated_at_idx; Type: INDEX; Schema: public; Owner: saleor
--

CREATE INDEX updated_at_idx ON public.product_category USING btree (updated_at);


--
-- Name: user_meta_idx; Type: INDEX; Schema: public; Owner: saleor
--

CREATE INDEX user_meta_idx ON public.account_user USING gin (metadata);


--
-- Name: user_p_meta_idx; Type: INDEX; Schema: public; Owner: saleor
--

CREATE INDEX user_p_meta_idx ON public.account_user USING gin (private_metadata);


--
-- Name: user_p_meta_jsonb_path_idx; Type: INDEX; Schema: public; Owner: saleor
--

CREATE INDEX user_p_meta_jsonb_path_idx ON public.account_user USING gin (private_metadata jsonb_path_ops);


--
-- Name: user_search_gin; Type: INDEX; Schema: public; Owner: saleor
--

CREATE INDEX user_search_gin ON public.account_user USING gin (search_document public.gin_trgm_ops);


--
-- Name: userprofile_user_addresses_address_id_ad7646b4; Type: INDEX; Schema: public; Owner: saleor
--

CREATE INDEX userprofile_user_addresses_address_id_ad7646b4 ON public.account_user_addresses USING btree (address_id);


--
-- Name: userprofile_user_addresses_user_id_bb5aa55e; Type: INDEX; Schema: public; Owner: saleor
--

CREATE INDEX userprofile_user_addresses_user_id_bb5aa55e ON public.account_user_addresses USING btree (user_id);


--
-- Name: userprofile_user_default_billing_address_id_0489abf1; Type: INDEX; Schema: public; Owner: saleor
--

CREATE INDEX userprofile_user_default_billing_address_id_0489abf1 ON public.account_user USING btree (default_billing_address_id);


--
-- Name: userprofile_user_default_shipping_address_id_aae7a203; Type: INDEX; Schema: public; Owner: saleor
--

CREATE INDEX userprofile_user_default_shipping_address_id_aae7a203 ON public.account_user USING btree (default_shipping_address_id);


--
-- Name: userprofile_user_email_b0fb0137_like; Type: INDEX; Schema: public; Owner: saleor
--

CREATE INDEX userprofile_user_email_b0fb0137_like ON public.account_user USING btree (email varchar_pattern_ops);


--
-- Name: userprofile_user_groups_group_id_c7eec74e; Type: INDEX; Schema: public; Owner: saleor
--

CREATE INDEX userprofile_user_groups_group_id_c7eec74e ON public.account_user_groups USING btree (group_id);


--
-- Name: userprofile_user_groups_user_id_5e712a24; Type: INDEX; Schema: public; Owner: saleor
--

CREATE INDEX userprofile_user_groups_user_id_5e712a24 ON public.account_user_groups USING btree (user_id);


--
-- Name: userprofile_user_user_permissions_permission_id_1caa8a71; Type: INDEX; Schema: public; Owner: saleor
--

CREATE INDEX userprofile_user_user_permissions_permission_id_1caa8a71 ON public.account_user_user_permissions USING btree (permission_id);


--
-- Name: userprofile_user_user_permissions_user_id_6d654469; Type: INDEX; Schema: public; Owner: saleor
--

CREATE INDEX userprofile_user_user_permissions_user_id_6d654469 ON public.account_user_user_permissions USING btree (user_id);


--
-- Name: vouchercode_voucher_idx; Type: INDEX; Schema: public; Owner: saleor
--

CREATE INDEX vouchercode_voucher_idx ON public.discount_vouchercode USING btree (voucher_id);


--
-- Name: vouchercustomer_voucher_code_idx; Type: INDEX; Schema: public; Owner: saleor
--

CREATE INDEX vouchercustomer_voucher_code_idx ON public.discount_vouchercustomer USING btree (voucher_code_id);


--
-- Name: warehouse_address_search_gin; Type: INDEX; Schema: public; Owner: saleor
--

CREATE INDEX warehouse_address_search_gin ON public.account_address USING gin (company_name public.gin_trgm_ops, street_address_1 public.gin_trgm_ops, street_address_2 public.gin_trgm_ops, city public.gin_trgm_ops, postal_code public.gin_trgm_ops, phone public.gin_trgm_ops);


--
-- Name: warehouse_allocation_order_line_token_id_a42364d3; Type: INDEX; Schema: public; Owner: saleor
--

CREATE INDEX warehouse_allocation_order_line_token_id_a42364d3 ON public.warehouse_allocation USING btree (order_line_id);


--
-- Name: warehouse_allocation_stock_id_73541542; Type: INDEX; Schema: public; Owner: saleor
--

CREATE INDEX warehouse_allocation_stock_id_73541542 ON public.warehouse_allocation USING btree (stock_id);


--
-- Name: warehouse_channelwarehouse_sort_order_c572ec34; Type: INDEX; Schema: public; Owner: saleor
--

CREATE INDEX warehouse_channelwarehouse_sort_order_c572ec34 ON public.warehouse_channelwarehouse USING btree (sort_order);


--
-- Name: warehouse_meta_idx; Type: INDEX; Schema: public; Owner: saleor
--

CREATE INDEX warehouse_meta_idx ON public.warehouse_warehouse USING gin (metadata);


--
-- Name: warehouse_p_meta_idx; Type: INDEX; Schema: public; Owner: saleor
--

CREATE INDEX warehouse_p_meta_idx ON public.warehouse_warehouse USING gin (private_metadata);


--
-- Name: warehouse_preorderallocati_product_variant_channel_li_d243ee40; Type: INDEX; Schema: public; Owner: saleor
--

CREATE INDEX warehouse_preorderallocati_product_variant_channel_li_d243ee40 ON public.warehouse_preorderallocation USING btree (product_variant_channel_listing_id);


--
-- Name: warehouse_preorderallocation_order_line_token_id_5c2ada8e; Type: INDEX; Schema: public; Owner: saleor
--

CREATE INDEX warehouse_preorderallocation_order_line_token_id_5c2ada8e ON public.warehouse_preorderallocation USING btree (order_line_id);


--
-- Name: warehouse_preorderreservat_product_variant_channel_li_3c2d488e; Type: INDEX; Schema: public; Owner: saleor
--

CREATE INDEX warehouse_preorderreservat_product_variant_channel_li_3c2d488e ON public.warehouse_preorderreservation USING btree (product_variant_channel_listing_id);


--
-- Name: warehouse_preorderreservation_checkout_line_token_id_e35f4484; Type: INDEX; Schema: public; Owner: saleor
--

CREATE INDEX warehouse_preorderreservation_checkout_line_token_id_e35f4484 ON public.warehouse_preorderreservation USING btree (checkout_line_id);


--
-- Name: warehouse_reservation_checkout_line_token_id_1b6b9353; Type: INDEX; Schema: public; Owner: saleor
--

CREATE INDEX warehouse_reservation_checkout_line_token_id_1b6b9353 ON public.warehouse_reservation USING btree (checkout_line_id);


--
-- Name: warehouse_reservation_stock_id_5d178c00; Type: INDEX; Schema: public; Owner: saleor
--

CREATE INDEX warehouse_reservation_stock_id_5d178c00 ON public.warehouse_reservation USING btree (stock_id);


--
-- Name: warehouse_stock_product_variant_id_bea58a82; Type: INDEX; Schema: public; Owner: saleor
--

CREATE INDEX warehouse_stock_product_variant_id_bea58a82 ON public.warehouse_stock USING btree (product_variant_id);


--
-- Name: warehouse_stock_warehouse_id_cc9d4e5d; Type: INDEX; Schema: public; Owner: saleor
--

CREATE INDEX warehouse_stock_warehouse_id_cc9d4e5d ON public.warehouse_stock USING btree (warehouse_id);


--
-- Name: warehouse_warehouse_address_id_d46e1096; Type: INDEX; Schema: public; Owner: saleor
--

CREATE INDEX warehouse_warehouse_address_id_d46e1096 ON public.warehouse_warehouse USING btree (address_id);


--
-- Name: warehouse_warehouse_channels_channel_id_586b1124; Type: INDEX; Schema: public; Owner: saleor
--

CREATE INDEX warehouse_warehouse_channels_channel_id_586b1124 ON public.warehouse_channelwarehouse USING btree (channel_id);


--
-- Name: warehouse_warehouse_channels_warehouse_id_d1b0e96d; Type: INDEX; Schema: public; Owner: saleor
--

CREATE INDEX warehouse_warehouse_channels_warehouse_id_d1b0e96d ON public.warehouse_channelwarehouse USING btree (warehouse_id);


--
-- Name: warehouse_warehouse_external_reference_9b228bae_like; Type: INDEX; Schema: public; Owner: saleor
--

CREATE INDEX warehouse_warehouse_external_reference_9b228bae_like ON public.warehouse_warehouse USING btree (external_reference varchar_pattern_ops);


--
-- Name: warehouse_warehouse_shipping_zones_shippingzone_id_aeee255b; Type: INDEX; Schema: public; Owner: saleor
--

CREATE INDEX warehouse_warehouse_shipping_zones_shippingzone_id_aeee255b ON public.warehouse_warehouse_shipping_zones USING btree (shippingzone_id);


--
-- Name: warehouse_warehouse_shipping_zones_warehouse_id_fccd6647; Type: INDEX; Schema: public; Owner: saleor
--

CREATE INDEX warehouse_warehouse_shipping_zones_warehouse_id_fccd6647 ON public.warehouse_warehouse_shipping_zones USING btree (warehouse_id);


--
-- Name: warehouse_warehouse_slug_5ca9c575_like; Type: INDEX; Schema: public; Owner: saleor
--

CREATE INDEX warehouse_warehouse_slug_5ca9c575_like ON public.warehouse_warehouse USING btree (slug varchar_pattern_ops);


--
-- Name: webhook_webhook_service_account_id_1073b057; Type: INDEX; Schema: public; Owner: saleor
--

CREATE INDEX webhook_webhook_service_account_id_1073b057 ON public.webhook_webhook USING btree (app_id);


--
-- Name: webhook_webhookevent_event_type_cd6b8c13; Type: INDEX; Schema: public; Owner: saleor
--

CREATE INDEX webhook_webhookevent_event_type_cd6b8c13 ON public.webhook_webhookevent USING btree (event_type);


--
-- Name: webhook_webhookevent_event_type_cd6b8c13_like; Type: INDEX; Schema: public; Owner: saleor
--

CREATE INDEX webhook_webhookevent_event_type_cd6b8c13_like ON public.webhook_webhookevent USING btree (event_type varchar_pattern_ops);


--
-- Name: webhook_webhookevent_webhook_id_73b5c9e1; Type: INDEX; Schema: public; Owner: saleor
--

CREATE INDEX webhook_webhookevent_webhook_id_73b5c9e1 ON public.webhook_webhookevent USING btree (webhook_id);


--
-- Name: account_customerevent account_customerevent_app_id_b022b4d7_fk_app_app_id; Type: FK CONSTRAINT; Schema: public; Owner: saleor
--

ALTER TABLE ONLY public.account_customerevent
    ADD CONSTRAINT account_customerevent_app_id_b022b4d7_fk_app_app_id FOREIGN KEY (app_id) REFERENCES public.app_app(id) DEFERRABLE INITIALLY DEFERRED;


--
-- Name: account_customerevent account_customerevent_order_id_2d6e2d20_fk_order_order_token; Type: FK CONSTRAINT; Schema: public; Owner: saleor
--

ALTER TABLE ONLY public.account_customerevent
    ADD CONSTRAINT account_customerevent_order_id_2d6e2d20_fk_order_order_token FOREIGN KEY (order_id) REFERENCES public.order_order(id) DEFERRABLE INITIALLY DEFERRED;


--
-- Name: account_customerevent account_customerevent_user_id_b3d6ec36_fk_account_user_id; Type: FK CONSTRAINT; Schema: public; Owner: saleor
--

ALTER TABLE ONLY public.account_customerevent
    ADD CONSTRAINT account_customerevent_user_id_b3d6ec36_fk_account_user_id FOREIGN KEY (user_id) REFERENCES public.account_user(id) DEFERRABLE INITIALLY DEFERRED;


--
-- Name: account_customernote account_customernote_customer_id_ec50cbf6_fk_account_user_id; Type: FK CONSTRAINT; Schema: public; Owner: saleor
--

ALTER TABLE ONLY public.account_customernote
    ADD CONSTRAINT account_customernote_customer_id_ec50cbf6_fk_account_user_id FOREIGN KEY (customer_id) REFERENCES public.account_user(id) DEFERRABLE INITIALLY DEFERRED;


--
-- Name: account_customernote account_customernote_user_id_b10a6c14_fk_account_user_id; Type: FK CONSTRAINT; Schema: public; Owner: saleor
--

ALTER TABLE ONLY public.account_customernote
    ADD CONSTRAINT account_customernote_user_id_b10a6c14_fk_account_user_id FOREIGN KEY (user_id) REFERENCES public.account_user(id) DEFERRABLE INITIALLY DEFERRED;


--
-- Name: account_group_channels account_group_channe_channel_id_04ca83ef_fk_channel_c; Type: FK CONSTRAINT; Schema: public; Owner: saleor
--

ALTER TABLE ONLY public.account_group_channels
    ADD CONSTRAINT account_group_channe_channel_id_04ca83ef_fk_channel_c FOREIGN KEY (channel_id) REFERENCES public.channel_channel(id) DEFERRABLE INITIALLY DEFERRED;


--
-- Name: account_group_channels account_group_channels_group_id_301893d0_fk_account_group_id; Type: FK CONSTRAINT; Schema: public; Owner: saleor
--

ALTER TABLE ONLY public.account_group_channels
    ADD CONSTRAINT account_group_channels_group_id_301893d0_fk_account_group_id FOREIGN KEY (group_id) REFERENCES public.account_group(id) DEFERRABLE INITIALLY DEFERRED;


--
-- Name: account_group_permissions account_group_permis_permission_id_f654f978_fk_permissio; Type: FK CONSTRAINT; Schema: public; Owner: saleor
--

ALTER TABLE ONLY public.account_group_permissions
    ADD CONSTRAINT account_group_permis_permission_id_f654f978_fk_permissio FOREIGN KEY (permission_id) REFERENCES public.permission_permission(id) DEFERRABLE INITIALLY DEFERRED;


--
-- Name: account_group_permissions account_group_permissions_group_id_37f7fcd9_fk_account_group_id; Type: FK CONSTRAINT; Schema: public; Owner: saleor
--

ALTER TABLE ONLY public.account_group_permissions
    ADD CONSTRAINT account_group_permissions_group_id_37f7fcd9_fk_account_group_id FOREIGN KEY (group_id) REFERENCES public.account_group(id) DEFERRABLE INITIALLY DEFERRED;


--
-- Name: account_staffnotificationrecipient account_staffnotific_user_id_538fa3a4_fk_account_u; Type: FK CONSTRAINT; Schema: public; Owner: saleor
--

ALTER TABLE ONLY public.account_staffnotificationrecipient
    ADD CONSTRAINT account_staffnotific_user_id_538fa3a4_fk_account_u FOREIGN KEY (user_id) REFERENCES public.account_user(id) DEFERRABLE INITIALLY DEFERRED;


--
-- Name: account_user_groups account_user_groups_group_id_6c71f749_fk_account_group_id; Type: FK CONSTRAINT; Schema: public; Owner: saleor
--

ALTER TABLE ONLY public.account_user_groups
    ADD CONSTRAINT account_user_groups_group_id_6c71f749_fk_account_group_id FOREIGN KEY (group_id) REFERENCES public.account_group(id) DEFERRABLE INITIALLY DEFERRED;


--
-- Name: account_user_user_permissions account_user_user_pe_permission_id_66c44191_fk_permissio; Type: FK CONSTRAINT; Schema: public; Owner: saleor
--

ALTER TABLE ONLY public.account_user_user_permissions
    ADD CONSTRAINT account_user_user_pe_permission_id_66c44191_fk_permissio FOREIGN KEY (permission_id) REFERENCES public.permission_permission(id) DEFERRABLE INITIALLY DEFERRED;


--
-- Name: app_app_permissions app_app_permissions_app_id_5941597d_fk_app_app_id; Type: FK CONSTRAINT; Schema: public; Owner: saleor
--

ALTER TABLE ONLY public.app_app_permissions
    ADD CONSTRAINT app_app_permissions_app_id_5941597d_fk_app_app_id FOREIGN KEY (app_id) REFERENCES public.app_app(id) DEFERRABLE INITIALLY DEFERRED;


--
-- Name: app_app_permissions app_app_permissions_permission_id_defe4a88_fk_permissio; Type: FK CONSTRAINT; Schema: public; Owner: saleor
--

ALTER TABLE ONLY public.app_app_permissions
    ADD CONSTRAINT app_app_permissions_permission_id_defe4a88_fk_permissio FOREIGN KEY (permission_id) REFERENCES public.permission_permission(id) DEFERRABLE INITIALLY DEFERRED;


--
-- Name: app_appextension app_appextension_app_id_4b2d27e9_fk_app_app_id; Type: FK CONSTRAINT; Schema: public; Owner: saleor
--

ALTER TABLE ONLY public.app_appextension
    ADD CONSTRAINT app_appextension_app_id_4b2d27e9_fk_app_app_id FOREIGN KEY (app_id) REFERENCES public.app_app(id) DEFERRABLE INITIALLY DEFERRED;


--
-- Name: app_appextension_permissions app_appextension_per_appextension_id_8ad99c02_fk_app_appex; Type: FK CONSTRAINT; Schema: public; Owner: saleor
--

ALTER TABLE ONLY public.app_appextension_permissions
    ADD CONSTRAINT app_appextension_per_appextension_id_8ad99c02_fk_app_appex FOREIGN KEY (appextension_id) REFERENCES public.app_appextension(id) DEFERRABLE INITIALLY DEFERRED;


--
-- Name: app_appextension_permissions app_appextension_per_permission_id_cb6c3ce0_fk_permissio; Type: FK CONSTRAINT; Schema: public; Owner: saleor
--

ALTER TABLE ONLY public.app_appextension_permissions
    ADD CONSTRAINT app_appextension_per_permission_id_cb6c3ce0_fk_permissio FOREIGN KEY (permission_id) REFERENCES public.permission_permission(id) DEFERRABLE INITIALLY DEFERRED;


--
-- Name: app_appinstallation_permissions app_appinstallation__appinstallation_id_f7fe0271_fk_app_appin; Type: FK CONSTRAINT; Schema: public; Owner: saleor
--

ALTER TABLE ONLY public.app_appinstallation_permissions
    ADD CONSTRAINT app_appinstallation__appinstallation_id_f7fe0271_fk_app_appin FOREIGN KEY (appinstallation_id) REFERENCES public.app_appinstallation(id) DEFERRABLE INITIALLY DEFERRED;


--
-- Name: app_appinstallation_permissions app_appinstallation__permission_id_4ee9f6c8_fk_permissio; Type: FK CONSTRAINT; Schema: public; Owner: saleor
--

ALTER TABLE ONLY public.app_appinstallation_permissions
    ADD CONSTRAINT app_appinstallation__permission_id_4ee9f6c8_fk_permissio FOREIGN KEY (permission_id) REFERENCES public.permission_permission(id) DEFERRABLE INITIALLY DEFERRED;


--
-- Name: app_apptoken app_apptoken_app_id_68561141_fk_app_app_id; Type: FK CONSTRAINT; Schema: public; Owner: saleor
--

ALTER TABLE ONLY public.app_apptoken
    ADD CONSTRAINT app_apptoken_app_id_68561141_fk_app_app_id FOREIGN KEY (app_id) REFERENCES public.app_app(id) DEFERRABLE INITIALLY DEFERRED;


--
-- Name: attribute_assignedpageattributevalue attribute_assignedpa_page_id_3a9fcc7b_fk_page_page; Type: FK CONSTRAINT; Schema: public; Owner: saleor
--

ALTER TABLE ONLY public.attribute_assignedpageattributevalue
    ADD CONSTRAINT attribute_assignedpa_page_id_3a9fcc7b_fk_page_page FOREIGN KEY (page_id) REFERENCES public.page_page(id) DEFERRABLE INITIALLY DEFERRED;


--
-- Name: attribute_assignedpageattributevalue attribute_assignedpa_value_id_9d9ee1aa_fk_attribute; Type: FK CONSTRAINT; Schema: public; Owner: saleor
--

ALTER TABLE ONLY public.attribute_assignedpageattributevalue
    ADD CONSTRAINT attribute_assignedpa_value_id_9d9ee1aa_fk_attribute FOREIGN KEY (value_id) REFERENCES public.attribute_attributevalue(id) DEFERRABLE INITIALLY DEFERRED;


--
-- Name: attribute_assignedproductattributevalue attribute_assignedpr_product_id_805656f1_fk_product_p; Type: FK CONSTRAINT; Schema: public; Owner: saleor
--

ALTER TABLE ONLY public.attribute_assignedproductattributevalue
    ADD CONSTRAINT attribute_assignedpr_product_id_805656f1_fk_product_p FOREIGN KEY (product_id) REFERENCES public.product_product(id) DEFERRABLE INITIALLY DEFERRED;


--
-- Name: attribute_assignedproductattributevalue attribute_assignedpr_value_id_9b9c0c68_fk_attribute; Type: FK CONSTRAINT; Schema: public; Owner: saleor
--

ALTER TABLE ONLY public.attribute_assignedproductattributevalue
    ADD CONSTRAINT attribute_assignedpr_value_id_9b9c0c68_fk_attribute FOREIGN KEY (value_id) REFERENCES public.attribute_attributevalue(id) DEFERRABLE INITIALLY DEFERRED;


--
-- Name: attribute_assignedvariantattributevalue attribute_assignedva_assignment_id_040f7499_fk_attribute; Type: FK CONSTRAINT; Schema: public; Owner: saleor
--

ALTER TABLE ONLY public.attribute_assignedvariantattributevalue
    ADD CONSTRAINT attribute_assignedva_assignment_id_040f7499_fk_attribute FOREIGN KEY (assignment_id) REFERENCES public.attribute_assignedvariantattribute(id) DEFERRABLE INITIALLY DEFERRED;


--
-- Name: attribute_assignedvariantattributevalue attribute_assignedva_value_id_4bbdc9fa_fk_attribute; Type: FK CONSTRAINT; Schema: public; Owner: saleor
--

ALTER TABLE ONLY public.attribute_assignedvariantattributevalue
    ADD CONSTRAINT attribute_assignedva_value_id_4bbdc9fa_fk_attribute FOREIGN KEY (value_id) REFERENCES public.attribute_attributevalue(id) DEFERRABLE INITIALLY DEFERRED;


--
-- Name: attribute_attributevalue attribute_attributev_reference_page_id_33727843_fk_page_page; Type: FK CONSTRAINT; Schema: public; Owner: saleor
--

ALTER TABLE ONLY public.attribute_attributevalue
    ADD CONSTRAINT attribute_attributev_reference_page_id_33727843_fk_page_page FOREIGN KEY (reference_page_id) REFERENCES public.page_page(id) DEFERRABLE INITIALLY DEFERRED;


--
-- Name: attribute_attributevalue attribute_attributev_reference_product_id_43329b37_fk_product_p; Type: FK CONSTRAINT; Schema: public; Owner: saleor
--

ALTER TABLE ONLY public.attribute_attributevalue
    ADD CONSTRAINT attribute_attributev_reference_product_id_43329b37_fk_product_p FOREIGN KEY (reference_product_id) REFERENCES public.product_product(id) DEFERRABLE INITIALLY DEFERRED;


--
-- Name: attribute_attributevalue attribute_attributev_reference_variant_id_670c09ee_fk_product_p; Type: FK CONSTRAINT; Schema: public; Owner: saleor
--

ALTER TABLE ONLY public.attribute_attributevalue
    ADD CONSTRAINT attribute_attributev_reference_variant_id_670c09ee_fk_product_p FOREIGN KEY (reference_variant_id) REFERENCES public.product_productvariant(id) DEFERRABLE INITIALLY DEFERRED;


--
-- Name: checkout_checkout cart_cart_billing_address_id_9eb62ddd_fk_account_address_id; Type: FK CONSTRAINT; Schema: public; Owner: saleor
--

ALTER TABLE ONLY public.checkout_checkout
    ADD CONSTRAINT cart_cart_billing_address_id_9eb62ddd_fk_account_address_id FOREIGN KEY (billing_address_id) REFERENCES public.account_address(id) DEFERRABLE INITIALLY DEFERRED;


--
-- Name: checkout_checkout cart_cart_shipping_address_id_adfddaf9_fk_account_address_id; Type: FK CONSTRAINT; Schema: public; Owner: saleor
--

ALTER TABLE ONLY public.checkout_checkout
    ADD CONSTRAINT cart_cart_shipping_address_id_adfddaf9_fk_account_address_id FOREIGN KEY (shipping_address_id) REFERENCES public.account_address(id) DEFERRABLE INITIALLY DEFERRED;


--
-- Name: checkout_checkout cart_cart_user_id_9b4220b9_fk_userprofile_user_id; Type: FK CONSTRAINT; Schema: public; Owner: saleor
--

ALTER TABLE ONLY public.checkout_checkout
    ADD CONSTRAINT cart_cart_user_id_9b4220b9_fk_userprofile_user_id FOREIGN KEY (user_id) REFERENCES public.account_user(id) DEFERRABLE INITIALLY DEFERRED;


--
-- Name: checkout_checkoutline cart_cartline_variant_id_dbca56c9_fk_product_productvariant_id; Type: FK CONSTRAINT; Schema: public; Owner: saleor
--

ALTER TABLE ONLY public.checkout_checkoutline
    ADD CONSTRAINT cart_cartline_variant_id_dbca56c9_fk_product_productvariant_id FOREIGN KEY (variant_id) REFERENCES public.product_productvariant(id) DEFERRABLE INITIALLY DEFERRED;


--
-- Name: checkout_checkout checkout_cart_shipping_method_id_9f7efa8a_fk_shipping_; Type: FK CONSTRAINT; Schema: public; Owner: saleor
--

ALTER TABLE ONLY public.checkout_checkout
    ADD CONSTRAINT checkout_cart_shipping_method_id_9f7efa8a_fk_shipping_ FOREIGN KEY (shipping_method_id) REFERENCES public.shipping_shippingmethod(id) DEFERRABLE INITIALLY DEFERRED;


--
-- Name: checkout_checkoutline checkout_cartline_checkout_id_41d95a5d_fk_checkout_; Type: FK CONSTRAINT; Schema: public; Owner: saleor
--

ALTER TABLE ONLY public.checkout_checkoutline
    ADD CONSTRAINT checkout_cartline_checkout_id_41d95a5d_fk_checkout_ FOREIGN KEY (checkout_id) REFERENCES public.checkout_checkout(token) DEFERRABLE INITIALLY DEFERRED;


--
-- Name: checkout_checkout checkout_checkout_channel_id_3b1a1e12_fk_channel_channel_id; Type: FK CONSTRAINT; Schema: public; Owner: saleor
--

ALTER TABLE ONLY public.checkout_checkout
    ADD CONSTRAINT checkout_checkout_channel_id_3b1a1e12_fk_channel_channel_id FOREIGN KEY (channel_id) REFERENCES public.channel_channel(id) DEFERRABLE INITIALLY DEFERRED;


--
-- Name: checkout_checkout checkout_checkout_collection_point_id_2dfc8e33_fk_warehouse; Type: FK CONSTRAINT; Schema: public; Owner: saleor
--

ALTER TABLE ONLY public.checkout_checkout
    ADD CONSTRAINT checkout_checkout_collection_point_id_2dfc8e33_fk_warehouse FOREIGN KEY (collection_point_id) REFERENCES public.warehouse_warehouse(id) DEFERRABLE INITIALLY DEFERRED;


--
-- Name: checkout_checkout_gift_cards checkout_checkout_gi_checkout_id_e314728d_fk_checkout_; Type: FK CONSTRAINT; Schema: public; Owner: saleor
--

ALTER TABLE ONLY public.checkout_checkout_gift_cards
    ADD CONSTRAINT checkout_checkout_gi_checkout_id_e314728d_fk_checkout_ FOREIGN KEY (checkout_id) REFERENCES public.checkout_checkout(token) DEFERRABLE INITIALLY DEFERRED;


--
-- Name: checkout_checkout_gift_cards checkout_checkout_gi_giftcard_id_f5994462_fk_giftcard_; Type: FK CONSTRAINT; Schema: public; Owner: saleor
--

ALTER TABLE ONLY public.checkout_checkout_gift_cards
    ADD CONSTRAINT checkout_checkout_gi_giftcard_id_f5994462_fk_giftcard_ FOREIGN KEY (giftcard_id) REFERENCES public.giftcard_giftcard(id) DEFERRABLE INITIALLY DEFERRED;


--
-- Name: checkout_checkoutmetadata checkout_checkoutmet_checkout_id_24c0ce82_fk_checkout_; Type: FK CONSTRAINT; Schema: public; Owner: saleor
--

ALTER TABLE ONLY public.checkout_checkoutmetadata
    ADD CONSTRAINT checkout_checkoutmet_checkout_id_24c0ce82_fk_checkout_ FOREIGN KEY (checkout_id) REFERENCES public.checkout_checkout(token) DEFERRABLE INITIALLY DEFERRED;


--
-- Name: core_eventdelivery core_eventdelivery_payload_id_34de9fbd_fk_core_eventpayload_id; Type: FK CONSTRAINT; Schema: public; Owner: saleor
--

ALTER TABLE ONLY public.core_eventdelivery
    ADD CONSTRAINT core_eventdelivery_payload_id_34de9fbd_fk_core_eventpayload_id FOREIGN KEY (payload_id) REFERENCES public.core_eventpayload(id) DEFERRABLE INITIALLY DEFERRED;


--
-- Name: core_eventdelivery core_eventdelivery_webhook_id_1ff668bb_fk_webhook_webhook_id; Type: FK CONSTRAINT; Schema: public; Owner: saleor
--

ALTER TABLE ONLY public.core_eventdelivery
    ADD CONSTRAINT core_eventdelivery_webhook_id_1ff668bb_fk_webhook_webhook_id FOREIGN KEY (webhook_id) REFERENCES public.webhook_webhook(id) DEFERRABLE INITIALLY DEFERRED;


--
-- Name: core_eventdeliveryattempt core_eventdeliveryat_delivery_id_278cb539_fk_core_even; Type: FK CONSTRAINT; Schema: public; Owner: saleor
--

ALTER TABLE ONLY public.core_eventdeliveryattempt
    ADD CONSTRAINT core_eventdeliveryat_delivery_id_278cb539_fk_core_even FOREIGN KEY (delivery_id) REFERENCES public.core_eventdelivery(id) DEFERRABLE INITIALLY DEFERRED;


--
-- Name: csv_exportevent csv_exportevent_app_id_8637fcc5_fk_app_app_id; Type: FK CONSTRAINT; Schema: public; Owner: saleor
--

ALTER TABLE ONLY public.csv_exportevent
    ADD CONSTRAINT csv_exportevent_app_id_8637fcc5_fk_app_app_id FOREIGN KEY (app_id) REFERENCES public.app_app(id) DEFERRABLE INITIALLY DEFERRED;


--
-- Name: csv_exportevent csv_exportevent_export_file_id_35f6c448_fk_csv_exportfile_id; Type: FK CONSTRAINT; Schema: public; Owner: saleor
--

ALTER TABLE ONLY public.csv_exportevent
    ADD CONSTRAINT csv_exportevent_export_file_id_35f6c448_fk_csv_exportfile_id FOREIGN KEY (export_file_id) REFERENCES public.csv_exportfile(id) DEFERRABLE INITIALLY DEFERRED;


--
-- Name: csv_exportevent csv_exportevent_user_id_6111f193_fk_account_user_id; Type: FK CONSTRAINT; Schema: public; Owner: saleor
--

ALTER TABLE ONLY public.csv_exportevent
    ADD CONSTRAINT csv_exportevent_user_id_6111f193_fk_account_user_id FOREIGN KEY (user_id) REFERENCES public.account_user(id) DEFERRABLE INITIALLY DEFERRED;


--
-- Name: csv_exportfile csv_exportfile_app_id_bc900999_fk_app_app_id; Type: FK CONSTRAINT; Schema: public; Owner: saleor
--

ALTER TABLE ONLY public.csv_exportfile
    ADD CONSTRAINT csv_exportfile_app_id_bc900999_fk_app_app_id FOREIGN KEY (app_id) REFERENCES public.app_app(id) DEFERRABLE INITIALLY DEFERRED;


--
-- Name: csv_exportfile csv_exportfile_user_id_2c9071e6_fk_account_user_id; Type: FK CONSTRAINT; Schema: public; Owner: saleor
--

ALTER TABLE ONLY public.csv_exportfile
    ADD CONSTRAINT csv_exportfile_user_id_2c9071e6_fk_account_user_id FOREIGN KEY (user_id) REFERENCES public.account_user(id) DEFERRABLE INITIALLY DEFERRED;


--
-- Name: discount_checkoutdiscount discount_checkoutdis_checkout_id_e5063abc_fk_checkout_; Type: FK CONSTRAINT; Schema: public; Owner: saleor
--

ALTER TABLE ONLY public.discount_checkoutdiscount
    ADD CONSTRAINT discount_checkoutdis_checkout_id_e5063abc_fk_checkout_ FOREIGN KEY (checkout_id) REFERENCES public.checkout_checkout(token) DEFERRABLE INITIALLY DEFERRED;


--
-- Name: discount_checkoutdiscount discount_checkoutdis_promotion_rule_id_46ea4527_fk_discount_; Type: FK CONSTRAINT; Schema: public; Owner: saleor
--

ALTER TABLE ONLY public.discount_checkoutdiscount
    ADD CONSTRAINT discount_checkoutdis_promotion_rule_id_46ea4527_fk_discount_ FOREIGN KEY (promotion_rule_id) REFERENCES public.discount_promotionrule(id) DEFERRABLE INITIALLY DEFERRED;


--
-- Name: discount_checkoutdiscount discount_checkoutdis_voucher_id_1ef32adb_fk_discount_; Type: FK CONSTRAINT; Schema: public; Owner: saleor
--

ALTER TABLE ONLY public.discount_checkoutdiscount
    ADD CONSTRAINT discount_checkoutdis_voucher_id_1ef32adb_fk_discount_ FOREIGN KEY (voucher_id) REFERENCES public.discount_voucher(id) DEFERRABLE INITIALLY DEFERRED;


--
-- Name: discount_checkoutlinediscount discount_checkoutlin_line_id_b93245a9_fk_checkout_; Type: FK CONSTRAINT; Schema: public; Owner: saleor
--

ALTER TABLE ONLY public.discount_checkoutlinediscount
    ADD CONSTRAINT discount_checkoutlin_line_id_b93245a9_fk_checkout_ FOREIGN KEY (line_id) REFERENCES public.checkout_checkoutline(id) DEFERRABLE INITIALLY DEFERRED;


--
-- Name: discount_checkoutlinediscount discount_checkoutlin_promotion_rule_id_3ffa49f6_fk_discount_; Type: FK CONSTRAINT; Schema: public; Owner: saleor
--

ALTER TABLE ONLY public.discount_checkoutlinediscount
    ADD CONSTRAINT discount_checkoutlin_promotion_rule_id_3ffa49f6_fk_discount_ FOREIGN KEY (promotion_rule_id) REFERENCES public.discount_promotionrule(id) DEFERRABLE INITIALLY DEFERRED;


--
-- Name: discount_checkoutlinediscount discount_checkoutlin_voucher_id_66a61d93_fk_discount_; Type: FK CONSTRAINT; Schema: public; Owner: saleor
--

ALTER TABLE ONLY public.discount_checkoutlinediscount
    ADD CONSTRAINT discount_checkoutlin_voucher_id_66a61d93_fk_discount_ FOREIGN KEY (voucher_id) REFERENCES public.discount_voucher(id) DEFERRABLE INITIALLY DEFERRED;


--
-- Name: discount_orderdiscount discount_orderdiscou_promotion_rule_id_0739e0af_fk_discount_; Type: FK CONSTRAINT; Schema: public; Owner: saleor
--

ALTER TABLE ONLY public.discount_orderdiscount
    ADD CONSTRAINT discount_orderdiscou_promotion_rule_id_0739e0af_fk_discount_ FOREIGN KEY (promotion_rule_id) REFERENCES public.discount_promotionrule(id) DEFERRABLE INITIALLY DEFERRED;


--
-- Name: discount_orderdiscount discount_orderdiscou_voucher_id_10f0a1db_fk_discount_; Type: FK CONSTRAINT; Schema: public; Owner: saleor
--

ALTER TABLE ONLY public.discount_orderdiscount
    ADD CONSTRAINT discount_orderdiscou_voucher_id_10f0a1db_fk_discount_ FOREIGN KEY (voucher_id) REFERENCES public.discount_voucher(id) DEFERRABLE INITIALLY DEFERRED;


--
-- Name: discount_orderdiscount discount_orderdiscount_order_id_fcff1737_fk_order_order_id; Type: FK CONSTRAINT; Schema: public; Owner: saleor
--

ALTER TABLE ONLY public.discount_orderdiscount
    ADD CONSTRAINT discount_orderdiscount_order_id_fcff1737_fk_order_order_id FOREIGN KEY (order_id) REFERENCES public.order_order(id) DEFERRABLE INITIALLY DEFERRED;


--
-- Name: discount_orderlinediscount discount_orderlinedi_line_id_045244c7_fk_order_ord; Type: FK CONSTRAINT; Schema: public; Owner: saleor
--

ALTER TABLE ONLY public.discount_orderlinediscount
    ADD CONSTRAINT discount_orderlinedi_line_id_045244c7_fk_order_ord FOREIGN KEY (line_id) REFERENCES public.order_orderline(id) DEFERRABLE INITIALLY DEFERRED;


--
-- Name: discount_orderlinediscount discount_orderlinedi_promotion_rule_id_c8253b01_fk_discount_; Type: FK CONSTRAINT; Schema: public; Owner: saleor
--

ALTER TABLE ONLY public.discount_orderlinediscount
    ADD CONSTRAINT discount_orderlinedi_promotion_rule_id_c8253b01_fk_discount_ FOREIGN KEY (promotion_rule_id) REFERENCES public.discount_promotionrule(id) DEFERRABLE INITIALLY DEFERRED;


--
-- Name: discount_orderlinediscount discount_orderlinedi_voucher_id_07e8fb8a_fk_discount_; Type: FK CONSTRAINT; Schema: public; Owner: saleor
--

ALTER TABLE ONLY public.discount_orderlinediscount
    ADD CONSTRAINT discount_orderlinedi_voucher_id_07e8fb8a_fk_discount_ FOREIGN KEY (voucher_id) REFERENCES public.discount_voucher(id) DEFERRABLE INITIALLY DEFERRED;


--
-- Name: discount_promotionevent discount_promotionev_promotion_id_df51584a_fk_discount_; Type: FK CONSTRAINT; Schema: public; Owner: saleor
--

ALTER TABLE ONLY public.discount_promotionevent
    ADD CONSTRAINT discount_promotionev_promotion_id_df51584a_fk_discount_ FOREIGN KEY (promotion_id) REFERENCES public.discount_promotion(id) DEFERRABLE INITIALLY DEFERRED;


--
-- Name: discount_promotionevent discount_promotionevent_app_id_bf6964c4_fk_app_app_id; Type: FK CONSTRAINT; Schema: public; Owner: saleor
--

ALTER TABLE ONLY public.discount_promotionevent
    ADD CONSTRAINT discount_promotionevent_app_id_bf6964c4_fk_app_app_id FOREIGN KEY (app_id) REFERENCES public.app_app(id) DEFERRABLE INITIALLY DEFERRED;


--
-- Name: discount_promotionevent discount_promotionevent_user_id_935d264f_fk_account_user_id; Type: FK CONSTRAINT; Schema: public; Owner: saleor
--

ALTER TABLE ONLY public.discount_promotionevent
    ADD CONSTRAINT discount_promotionevent_user_id_935d264f_fk_account_user_id FOREIGN KEY (user_id) REFERENCES public.account_user(id) DEFERRABLE INITIALLY DEFERRED;


--
-- Name: discount_promotionrule_channels discount_promotionru_channel_id_698c2436_fk_channel_c; Type: FK CONSTRAINT; Schema: public; Owner: saleor
--

ALTER TABLE ONLY public.discount_promotionrule_channels
    ADD CONSTRAINT discount_promotionru_channel_id_698c2436_fk_channel_c FOREIGN KEY (channel_id) REFERENCES public.channel_channel(id) DEFERRABLE INITIALLY DEFERRED;


--
-- Name: discount_promotionrule_gifts discount_promotionru_productvariant_id_5409d0a9_fk_product_p; Type: FK CONSTRAINT; Schema: public; Owner: saleor
--

ALTER TABLE ONLY public.discount_promotionrule_gifts
    ADD CONSTRAINT discount_promotionru_productvariant_id_5409d0a9_fk_product_p FOREIGN KEY (productvariant_id) REFERENCES public.product_productvariant(id) DEFERRABLE INITIALLY DEFERRED;


--
-- Name: discount_promotionrule_variants discount_promotionru_productvariant_id_e715ba55_fk_product_p; Type: FK CONSTRAINT; Schema: public; Owner: saleor
--

ALTER TABLE ONLY public.discount_promotionrule_variants
    ADD CONSTRAINT discount_promotionru_productvariant_id_e715ba55_fk_product_p FOREIGN KEY (productvariant_id) REFERENCES public.product_productvariant(id) DEFERRABLE INITIALLY DEFERRED;


--
-- Name: discount_promotionrule discount_promotionru_promotion_id_6deaa086_fk_discount_; Type: FK CONSTRAINT; Schema: public; Owner: saleor
--

ALTER TABLE ONLY public.discount_promotionrule
    ADD CONSTRAINT discount_promotionru_promotion_id_6deaa086_fk_discount_ FOREIGN KEY (promotion_id) REFERENCES public.discount_promotion(id) DEFERRABLE INITIALLY DEFERRED;


--
-- Name: discount_promotionruletranslation discount_promotionru_promotion_rule_id_e2ab38d7_fk_discount_; Type: FK CONSTRAINT; Schema: public; Owner: saleor
--

ALTER TABLE ONLY public.discount_promotionruletranslation
    ADD CONSTRAINT discount_promotionru_promotion_rule_id_e2ab38d7_fk_discount_ FOREIGN KEY (promotion_rule_id) REFERENCES public.discount_promotionrule(id) DEFERRABLE INITIALLY DEFERRED;


--
-- Name: discount_promotionrule_channels discount_promotionru_promotionrule_id_878da3b9_fk_discount_; Type: FK CONSTRAINT; Schema: public; Owner: saleor
--

ALTER TABLE ONLY public.discount_promotionrule_channels
    ADD CONSTRAINT discount_promotionru_promotionrule_id_878da3b9_fk_discount_ FOREIGN KEY (promotionrule_id) REFERENCES public.discount_promotionrule(id) DEFERRABLE INITIALLY DEFERRED;


--
-- Name: discount_promotionrule_variants discount_promotionru_promotionrule_id_d16c1004_fk_discount_; Type: FK CONSTRAINT; Schema: public; Owner: saleor
--

ALTER TABLE ONLY public.discount_promotionrule_variants
    ADD CONSTRAINT discount_promotionru_promotionrule_id_d16c1004_fk_discount_ FOREIGN KEY (promotionrule_id) REFERENCES public.discount_promotionrule(id) DEFERRABLE INITIALLY DEFERRED;


--
-- Name: discount_promotionrule_gifts discount_promotionru_promotionrule_id_d56c403e_fk_discount_; Type: FK CONSTRAINT; Schema: public; Owner: saleor
--

ALTER TABLE ONLY public.discount_promotionrule_gifts
    ADD CONSTRAINT discount_promotionru_promotionrule_id_d56c403e_fk_discount_ FOREIGN KEY (promotionrule_id) REFERENCES public.discount_promotionrule(id) DEFERRABLE INITIALLY DEFERRED;


--
-- Name: discount_promotiontranslation discount_promotiontr_promotion_id_bc72ea07_fk_discount_; Type: FK CONSTRAINT; Schema: public; Owner: saleor
--

ALTER TABLE ONLY public.discount_promotiontranslation
    ADD CONSTRAINT discount_promotiontr_promotion_id_bc72ea07_fk_discount_ FOREIGN KEY (promotion_id) REFERENCES public.discount_promotion(id) DEFERRABLE INITIALLY DEFERRED;


--
-- Name: discount_voucher_categories discount_voucher_cat_category_id_fc9d044a_fk_product_c; Type: FK CONSTRAINT; Schema: public; Owner: saleor
--

ALTER TABLE ONLY public.discount_voucher_categories
    ADD CONSTRAINT discount_voucher_cat_category_id_fc9d044a_fk_product_c FOREIGN KEY (category_id) REFERENCES public.product_category(id) DEFERRABLE INITIALLY DEFERRED;


--
-- Name: discount_voucher_categories discount_voucher_cat_voucher_id_19a56338_fk_discount_; Type: FK CONSTRAINT; Schema: public; Owner: saleor
--

ALTER TABLE ONLY public.discount_voucher_categories
    ADD CONSTRAINT discount_voucher_cat_voucher_id_19a56338_fk_discount_ FOREIGN KEY (voucher_id) REFERENCES public.discount_voucher(id) DEFERRABLE INITIALLY DEFERRED;


--
-- Name: discount_voucher_collections discount_voucher_col_collection_id_b9de6b54_fk_product_c; Type: FK CONSTRAINT; Schema: public; Owner: saleor
--

ALTER TABLE ONLY public.discount_voucher_collections
    ADD CONSTRAINT discount_voucher_col_collection_id_b9de6b54_fk_product_c FOREIGN KEY (collection_id) REFERENCES public.product_collection(id) DEFERRABLE INITIALLY DEFERRED;


--
-- Name: discount_voucher_collections discount_voucher_col_voucher_id_4ce1fde3_fk_discount_; Type: FK CONSTRAINT; Schema: public; Owner: saleor
--

ALTER TABLE ONLY public.discount_voucher_collections
    ADD CONSTRAINT discount_voucher_col_voucher_id_4ce1fde3_fk_discount_ FOREIGN KEY (voucher_id) REFERENCES public.discount_voucher(id) DEFERRABLE INITIALLY DEFERRED;


--
-- Name: discount_voucher_products discount_voucher_pro_product_id_4a3131ff_fk_product_p; Type: FK CONSTRAINT; Schema: public; Owner: saleor
--

ALTER TABLE ONLY public.discount_voucher_products
    ADD CONSTRAINT discount_voucher_pro_product_id_4a3131ff_fk_product_p FOREIGN KEY (product_id) REFERENCES public.product_product(id) DEFERRABLE INITIALLY DEFERRED;


--
-- Name: discount_voucher_products discount_voucher_pro_voucher_id_8a2e6c3a_fk_discount_; Type: FK CONSTRAINT; Schema: public; Owner: saleor
--

ALTER TABLE ONLY public.discount_voucher_products
    ADD CONSTRAINT discount_voucher_pro_voucher_id_8a2e6c3a_fk_discount_ FOREIGN KEY (voucher_id) REFERENCES public.discount_voucher(id) DEFERRABLE INITIALLY DEFERRED;


--
-- Name: discount_voucher_variants discount_voucher_var_productvariant_id_dcab0bb4_fk_product_p; Type: FK CONSTRAINT; Schema: public; Owner: saleor
--

ALTER TABLE ONLY public.discount_voucher_variants
    ADD CONSTRAINT discount_voucher_var_productvariant_id_dcab0bb4_fk_product_p FOREIGN KEY (productvariant_id) REFERENCES public.product_productvariant(id) DEFERRABLE INITIALLY DEFERRED;


--
-- Name: discount_voucher_variants discount_voucher_var_voucher_id_40d96698_fk_discount_; Type: FK CONSTRAINT; Schema: public; Owner: saleor
--

ALTER TABLE ONLY public.discount_voucher_variants
    ADD CONSTRAINT discount_voucher_var_voucher_id_40d96698_fk_discount_ FOREIGN KEY (voucher_id) REFERENCES public.discount_voucher(id) DEFERRABLE INITIALLY DEFERRED;


--
-- Name: discount_voucherchannellisting discount_voucherchan_channel_id_09f3ed34_fk_channel_c; Type: FK CONSTRAINT; Schema: public; Owner: saleor
--

ALTER TABLE ONLY public.discount_voucherchannellisting
    ADD CONSTRAINT discount_voucherchan_channel_id_09f3ed34_fk_channel_c FOREIGN KEY (channel_id) REFERENCES public.channel_channel(id) DEFERRABLE INITIALLY DEFERRED;


--
-- Name: discount_voucherchannellisting discount_voucherchan_voucher_id_7963fcbd_fk_discount_; Type: FK CONSTRAINT; Schema: public; Owner: saleor
--

ALTER TABLE ONLY public.discount_voucherchannellisting
    ADD CONSTRAINT discount_voucherchan_voucher_id_7963fcbd_fk_discount_ FOREIGN KEY (voucher_id) REFERENCES public.discount_voucher(id) DEFERRABLE INITIALLY DEFERRED;


--
-- Name: discount_vouchercode discount_vouchercode_voucher_id_2720b92f_fk_discount_voucher_id; Type: FK CONSTRAINT; Schema: public; Owner: saleor
--

ALTER TABLE ONLY public.discount_vouchercode
    ADD CONSTRAINT discount_vouchercode_voucher_id_2720b92f_fk_discount_voucher_id FOREIGN KEY (voucher_id) REFERENCES public.discount_voucher(id) DEFERRABLE INITIALLY DEFERRED;


--
-- Name: discount_vouchercustomer discount_vouchercust_voucher_code_id_3585f0db_fk_discount_; Type: FK CONSTRAINT; Schema: public; Owner: saleor
--

ALTER TABLE ONLY public.discount_vouchercustomer
    ADD CONSTRAINT discount_vouchercust_voucher_code_id_3585f0db_fk_discount_ FOREIGN KEY (voucher_code_id) REFERENCES public.discount_vouchercode(id) DEFERRABLE INITIALLY DEFERRED;


--
-- Name: discount_vouchertranslation discount_vouchertran_voucher_id_288246a9_fk_discount_; Type: FK CONSTRAINT; Schema: public; Owner: saleor
--

ALTER TABLE ONLY public.discount_vouchertranslation
    ADD CONSTRAINT discount_vouchertran_voucher_id_288246a9_fk_discount_ FOREIGN KEY (voucher_id) REFERENCES public.discount_voucher(id) DEFERRABLE INITIALLY DEFERRED;


--
-- Name: django_celery_beat_periodictask django_celery_beat_p_clocked_id_47a69f82_fk_django_ce; Type: FK CONSTRAINT; Schema: public; Owner: saleor
--

ALTER TABLE ONLY public.django_celery_beat_periodictask
    ADD CONSTRAINT django_celery_beat_p_clocked_id_47a69f82_fk_django_ce FOREIGN KEY (clocked_id) REFERENCES public.django_celery_beat_clockedschedule(id) DEFERRABLE INITIALLY DEFERRED;


--
-- Name: django_celery_beat_periodictask django_celery_beat_p_crontab_id_d3cba168_fk_django_ce; Type: FK CONSTRAINT; Schema: public; Owner: saleor
--

ALTER TABLE ONLY public.django_celery_beat_periodictask
    ADD CONSTRAINT django_celery_beat_p_crontab_id_d3cba168_fk_django_ce FOREIGN KEY (crontab_id) REFERENCES public.django_celery_beat_crontabschedule(id) DEFERRABLE INITIALLY DEFERRED;


--
-- Name: django_celery_beat_periodictask django_celery_beat_p_interval_id_a8ca27da_fk_django_ce; Type: FK CONSTRAINT; Schema: public; Owner: saleor
--

ALTER TABLE ONLY public.django_celery_beat_periodictask
    ADD CONSTRAINT django_celery_beat_p_interval_id_a8ca27da_fk_django_ce FOREIGN KEY (interval_id) REFERENCES public.django_celery_beat_intervalschedule(id) DEFERRABLE INITIALLY DEFERRED;


--
-- Name: django_celery_beat_periodictask django_celery_beat_p_solar_id_a87ce72c_fk_django_ce; Type: FK CONSTRAINT; Schema: public; Owner: saleor
--

ALTER TABLE ONLY public.django_celery_beat_periodictask
    ADD CONSTRAINT django_celery_beat_p_solar_id_a87ce72c_fk_django_ce FOREIGN KEY (solar_id) REFERENCES public.django_celery_beat_solarschedule(id) DEFERRABLE INITIALLY DEFERRED;


--
-- Name: giftcard_giftcard giftcard_giftcard_app_id_8d9d46f0_fk_app_app_id; Type: FK CONSTRAINT; Schema: public; Owner: saleor
--

ALTER TABLE ONLY public.giftcard_giftcard
    ADD CONSTRAINT giftcard_giftcard_app_id_8d9d46f0_fk_app_app_id FOREIGN KEY (app_id) REFERENCES public.app_app(id) DEFERRABLE INITIALLY DEFERRED;


--
-- Name: giftcard_giftcard giftcard_giftcard_created_by_id_b70093de_fk_account_user_id; Type: FK CONSTRAINT; Schema: public; Owner: saleor
--

ALTER TABLE ONLY public.giftcard_giftcard
    ADD CONSTRAINT giftcard_giftcard_created_by_id_b70093de_fk_account_user_id FOREIGN KEY (created_by_id) REFERENCES public.account_user(id) DEFERRABLE INITIALLY DEFERRED;


--
-- Name: giftcard_giftcard giftcard_giftcard_fulfillment_line_id_f5bb8062_fk_order_ful; Type: FK CONSTRAINT; Schema: public; Owner: saleor
--

ALTER TABLE ONLY public.giftcard_giftcard
    ADD CONSTRAINT giftcard_giftcard_fulfillment_line_id_f5bb8062_fk_order_ful FOREIGN KEY (fulfillment_line_id) REFERENCES public.order_fulfillmentline(id) DEFERRABLE INITIALLY DEFERRED;


--
-- Name: giftcard_giftcard giftcard_giftcard_product_id_d4ad7ecd_fk_product_product_id; Type: FK CONSTRAINT; Schema: public; Owner: saleor
--

ALTER TABLE ONLY public.giftcard_giftcard
    ADD CONSTRAINT giftcard_giftcard_product_id_d4ad7ecd_fk_product_product_id FOREIGN KEY (product_id) REFERENCES public.product_product(id) DEFERRABLE INITIALLY DEFERRED;


--
-- Name: giftcard_giftcard_tags giftcard_giftcard_ta_giftcard_id_4e7e8444_fk_giftcard_; Type: FK CONSTRAINT; Schema: public; Owner: saleor
--

ALTER TABLE ONLY public.giftcard_giftcard_tags
    ADD CONSTRAINT giftcard_giftcard_ta_giftcard_id_4e7e8444_fk_giftcard_ FOREIGN KEY (giftcard_id) REFERENCES public.giftcard_giftcard(id) DEFERRABLE INITIALLY DEFERRED;


--
-- Name: giftcard_giftcard_tags giftcard_giftcard_ta_giftcardtag_id_8d425074_fk_giftcard_; Type: FK CONSTRAINT; Schema: public; Owner: saleor
--

ALTER TABLE ONLY public.giftcard_giftcard_tags
    ADD CONSTRAINT giftcard_giftcard_ta_giftcardtag_id_8d425074_fk_giftcard_ FOREIGN KEY (giftcardtag_id) REFERENCES public.giftcard_giftcardtag(id) DEFERRABLE INITIALLY DEFERRED;


--
-- Name: giftcard_giftcard giftcard_giftcard_used_by_id_4e019509_fk_account_user_id; Type: FK CONSTRAINT; Schema: public; Owner: saleor
--

ALTER TABLE ONLY public.giftcard_giftcard
    ADD CONSTRAINT giftcard_giftcard_used_by_id_4e019509_fk_account_user_id FOREIGN KEY (used_by_id) REFERENCES public.account_user(id) DEFERRABLE INITIALLY DEFERRED;


--
-- Name: giftcard_giftcardevent giftcard_giftcardeve_gift_card_id_28f4a30a_fk_giftcard_; Type: FK CONSTRAINT; Schema: public; Owner: saleor
--

ALTER TABLE ONLY public.giftcard_giftcardevent
    ADD CONSTRAINT giftcard_giftcardeve_gift_card_id_28f4a30a_fk_giftcard_ FOREIGN KEY (gift_card_id) REFERENCES public.giftcard_giftcard(id) DEFERRABLE INITIALLY DEFERRED;


--
-- Name: giftcard_giftcardevent giftcard_giftcardevent_app_id_9e107653_fk_app_app_id; Type: FK CONSTRAINT; Schema: public; Owner: saleor
--

ALTER TABLE ONLY public.giftcard_giftcardevent
    ADD CONSTRAINT giftcard_giftcardevent_app_id_9e107653_fk_app_app_id FOREIGN KEY (app_id) REFERENCES public.app_app(id) DEFERRABLE INITIALLY DEFERRED;


--
-- Name: giftcard_giftcardevent giftcard_giftcardevent_order_id_a934cb10_fk_order_order_id; Type: FK CONSTRAINT; Schema: public; Owner: saleor
--

ALTER TABLE ONLY public.giftcard_giftcardevent
    ADD CONSTRAINT giftcard_giftcardevent_order_id_a934cb10_fk_order_order_id FOREIGN KEY (order_id) REFERENCES public.order_order(id) DEFERRABLE INITIALLY DEFERRED;


--
-- Name: giftcard_giftcardevent giftcard_giftcardevent_user_id_6b906b4a_fk_account_user_id; Type: FK CONSTRAINT; Schema: public; Owner: saleor
--

ALTER TABLE ONLY public.giftcard_giftcardevent
    ADD CONSTRAINT giftcard_giftcardevent_user_id_6b906b4a_fk_account_user_id FOREIGN KEY (user_id) REFERENCES public.account_user(id) DEFERRABLE INITIALLY DEFERRED;


--
-- Name: invoice_invoice invoice_invoice_order_id_c5fc9ae9_fk_order_order_id; Type: FK CONSTRAINT; Schema: public; Owner: saleor
--

ALTER TABLE ONLY public.invoice_invoice
    ADD CONSTRAINT invoice_invoice_order_id_c5fc9ae9_fk_order_order_id FOREIGN KEY (order_id) REFERENCES public.order_order(id) DEFERRABLE INITIALLY DEFERRED;


--
-- Name: invoice_invoiceevent invoice_invoiceevent_app_id_eb92fa41_fk_app_app_id; Type: FK CONSTRAINT; Schema: public; Owner: saleor
--

ALTER TABLE ONLY public.invoice_invoiceevent
    ADD CONSTRAINT invoice_invoiceevent_app_id_eb92fa41_fk_app_app_id FOREIGN KEY (app_id) REFERENCES public.app_app(id) DEFERRABLE INITIALLY DEFERRED;


--
-- Name: invoice_invoiceevent invoice_invoiceevent_invoice_id_de0632ca_fk_invoice_invoice_id; Type: FK CONSTRAINT; Schema: public; Owner: saleor
--

ALTER TABLE ONLY public.invoice_invoiceevent
    ADD CONSTRAINT invoice_invoiceevent_invoice_id_de0632ca_fk_invoice_invoice_id FOREIGN KEY (invoice_id) REFERENCES public.invoice_invoice(id) DEFERRABLE INITIALLY DEFERRED;


--
-- Name: invoice_invoiceevent invoice_invoiceevent_order_id_5a337f7a_fk_order_order_id; Type: FK CONSTRAINT; Schema: public; Owner: saleor
--

ALTER TABLE ONLY public.invoice_invoiceevent
    ADD CONSTRAINT invoice_invoiceevent_order_id_5a337f7a_fk_order_order_id FOREIGN KEY (order_id) REFERENCES public.order_order(id) DEFERRABLE INITIALLY DEFERRED;


--
-- Name: invoice_invoiceevent invoice_invoiceevent_user_id_cd599b8d_fk_account_user_id; Type: FK CONSTRAINT; Schema: public; Owner: saleor
--

ALTER TABLE ONLY public.invoice_invoiceevent
    ADD CONSTRAINT invoice_invoiceevent_user_id_cd599b8d_fk_account_user_id FOREIGN KEY (user_id) REFERENCES public.account_user(id) DEFERRABLE INITIALLY DEFERRED;


--
-- Name: menu_menuitem menu_menuitem_category_id_af353a3b_fk_product_category_id; Type: FK CONSTRAINT; Schema: public; Owner: saleor
--

ALTER TABLE ONLY public.menu_menuitem
    ADD CONSTRAINT menu_menuitem_category_id_af353a3b_fk_product_category_id FOREIGN KEY (category_id) REFERENCES public.product_category(id) DEFERRABLE INITIALLY DEFERRED;


--
-- Name: menu_menuitem menu_menuitem_collection_id_b913b19e_fk_product_collection_id; Type: FK CONSTRAINT; Schema: public; Owner: saleor
--

ALTER TABLE ONLY public.menu_menuitem
    ADD CONSTRAINT menu_menuitem_collection_id_b913b19e_fk_product_collection_id FOREIGN KEY (collection_id) REFERENCES public.product_collection(id) DEFERRABLE INITIALLY DEFERRED;


--
-- Name: menu_menuitem menu_menuitem_menu_id_f466b139_fk_menu_menu_id; Type: FK CONSTRAINT; Schema: public; Owner: saleor
--

ALTER TABLE ONLY public.menu_menuitem
    ADD CONSTRAINT menu_menuitem_menu_id_f466b139_fk_menu_menu_id FOREIGN KEY (menu_id) REFERENCES public.menu_menu(id) DEFERRABLE INITIALLY DEFERRED;


--
-- Name: menu_menuitem menu_menuitem_page_id_a0c8f92d_fk_page_page_id; Type: FK CONSTRAINT; Schema: public; Owner: saleor
--

ALTER TABLE ONLY public.menu_menuitem
    ADD CONSTRAINT menu_menuitem_page_id_a0c8f92d_fk_page_page_id FOREIGN KEY (page_id) REFERENCES public.page_page(id) DEFERRABLE INITIALLY DEFERRED;


--
-- Name: menu_menuitem menu_menuitem_parent_id_439f55a5_fk_menu_menuitem_id; Type: FK CONSTRAINT; Schema: public; Owner: saleor
--

ALTER TABLE ONLY public.menu_menuitem
    ADD CONSTRAINT menu_menuitem_parent_id_439f55a5_fk_menu_menuitem_id FOREIGN KEY (parent_id) REFERENCES public.menu_menuitem(id) DEFERRABLE INITIALLY DEFERRED;


--
-- Name: menu_menuitemtranslation menu_menuitemtransla_menu_item_id_3445926c_fk_menu_menu; Type: FK CONSTRAINT; Schema: public; Owner: saleor
--

ALTER TABLE ONLY public.menu_menuitemtranslation
    ADD CONSTRAINT menu_menuitemtransla_menu_item_id_3445926c_fk_menu_menu FOREIGN KEY (menu_item_id) REFERENCES public.menu_menuitem(id) DEFERRABLE INITIALLY DEFERRED;


--
-- Name: order_fulfillment order_fulfillment_order_id_02695111_fk_order_order_token; Type: FK CONSTRAINT; Schema: public; Owner: saleor
--

ALTER TABLE ONLY public.order_fulfillment
    ADD CONSTRAINT order_fulfillment_order_id_02695111_fk_order_order_token FOREIGN KEY (order_id) REFERENCES public.order_order(id) DEFERRABLE INITIALLY DEFERRED;


--
-- Name: order_fulfillmentline order_fulfillmentlin_fulfillment_id_68f3291d_fk_order_ful; Type: FK CONSTRAINT; Schema: public; Owner: saleor
--

ALTER TABLE ONLY public.order_fulfillmentline
    ADD CONSTRAINT order_fulfillmentlin_fulfillment_id_68f3291d_fk_order_ful FOREIGN KEY (fulfillment_id) REFERENCES public.order_fulfillment(id) DEFERRABLE INITIALLY DEFERRED;


--
-- Name: order_fulfillmentline order_fulfillmentlin_order_line_id_7d40e054_fk_order_ord; Type: FK CONSTRAINT; Schema: public; Owner: saleor
--

ALTER TABLE ONLY public.order_fulfillmentline
    ADD CONSTRAINT order_fulfillmentlin_order_line_id_7d40e054_fk_order_ord FOREIGN KEY (order_line_id) REFERENCES public.order_orderline(id) DEFERRABLE INITIALLY DEFERRED;


--
-- Name: order_fulfillmentline order_fulfillmentline_stock_id_da5a99fe_fk_warehouse_stock_id; Type: FK CONSTRAINT; Schema: public; Owner: saleor
--

ALTER TABLE ONLY public.order_fulfillmentline
    ADD CONSTRAINT order_fulfillmentline_stock_id_da5a99fe_fk_warehouse_stock_id FOREIGN KEY (stock_id) REFERENCES public.warehouse_stock(id) DEFERRABLE INITIALLY DEFERRED;


--
-- Name: order_order order_order_billing_address_id_8fe537cf_fk_userprofi; Type: FK CONSTRAINT; Schema: public; Owner: saleor
--

ALTER TABLE ONLY public.order_order
    ADD CONSTRAINT order_order_billing_address_id_8fe537cf_fk_userprofi FOREIGN KEY (billing_address_id) REFERENCES public.account_address(id) DEFERRABLE INITIALLY DEFERRED;


--
-- Name: order_order order_order_channel_id_4dacf8a4_fk_channel_channel_id; Type: FK CONSTRAINT; Schema: public; Owner: saleor
--

ALTER TABLE ONLY public.order_order
    ADD CONSTRAINT order_order_channel_id_4dacf8a4_fk_channel_channel_id FOREIGN KEY (channel_id) REFERENCES public.channel_channel(id) DEFERRABLE INITIALLY DEFERRED;


--
-- Name: order_order order_order_collection_point_id_0762767b_fk_warehouse; Type: FK CONSTRAINT; Schema: public; Owner: saleor
--

ALTER TABLE ONLY public.order_order
    ADD CONSTRAINT order_order_collection_point_id_0762767b_fk_warehouse FOREIGN KEY (collection_point_id) REFERENCES public.warehouse_warehouse(id) DEFERRABLE INITIALLY DEFERRED;


--
-- Name: order_order_gift_cards order_order_gift_car_giftcard_id_f6844926_fk_giftcard_; Type: FK CONSTRAINT; Schema: public; Owner: saleor
--

ALTER TABLE ONLY public.order_order_gift_cards
    ADD CONSTRAINT order_order_gift_car_giftcard_id_f6844926_fk_giftcard_ FOREIGN KEY (giftcard_id) REFERENCES public.giftcard_giftcard(id) DEFERRABLE INITIALLY DEFERRED;


--
-- Name: order_order_gift_cards order_order_gift_cards_order_id_ce5608c4_fk_order_order_id; Type: FK CONSTRAINT; Schema: public; Owner: saleor
--

ALTER TABLE ONLY public.order_order_gift_cards
    ADD CONSTRAINT order_order_gift_cards_order_id_ce5608c4_fk_order_order_id FOREIGN KEY (order_id) REFERENCES public.order_order(id);


--
-- Name: order_order order_order_original_id_1dd680dd_fk_order_order_token; Type: FK CONSTRAINT; Schema: public; Owner: saleor
--

ALTER TABLE ONLY public.order_order
    ADD CONSTRAINT order_order_original_id_1dd680dd_fk_order_order_token FOREIGN KEY (original_id) REFERENCES public.order_order(id) DEFERRABLE INITIALLY DEFERRED;


--
-- Name: order_order order_order_shipping_address_id_57e64931_fk_userprofi; Type: FK CONSTRAINT; Schema: public; Owner: saleor
--

ALTER TABLE ONLY public.order_order
    ADD CONSTRAINT order_order_shipping_address_id_57e64931_fk_userprofi FOREIGN KEY (shipping_address_id) REFERENCES public.account_address(id) DEFERRABLE INITIALLY DEFERRED;


--
-- Name: order_order order_order_shipping_method_id_2a742834_fk_shipping_; Type: FK CONSTRAINT; Schema: public; Owner: saleor
--

ALTER TABLE ONLY public.order_order
    ADD CONSTRAINT order_order_shipping_method_id_2a742834_fk_shipping_ FOREIGN KEY (shipping_method_id) REFERENCES public.shipping_shippingmethod(id) DEFERRABLE INITIALLY DEFERRED;


--
-- Name: order_order order_order_shipping_tax_class_id_ec0a5734_fk_tax_taxclass_id; Type: FK CONSTRAINT; Schema: public; Owner: saleor
--

ALTER TABLE ONLY public.order_order
    ADD CONSTRAINT order_order_shipping_tax_class_id_ec0a5734_fk_tax_taxclass_id FOREIGN KEY (shipping_tax_class_id) REFERENCES public.tax_taxclass(id) DEFERRABLE INITIALLY DEFERRED;


--
-- Name: order_order order_order_user_id_7cf9bc2b_fk_userprofile_user_id; Type: FK CONSTRAINT; Schema: public; Owner: saleor
--

ALTER TABLE ONLY public.order_order
    ADD CONSTRAINT order_order_user_id_7cf9bc2b_fk_userprofile_user_id FOREIGN KEY (user_id) REFERENCES public.account_user(id) DEFERRABLE INITIALLY DEFERRED;


--
-- Name: order_order order_order_voucher_id_0748ca22_fk_discount_voucher_id; Type: FK CONSTRAINT; Schema: public; Owner: saleor
--

ALTER TABLE ONLY public.order_order
    ADD CONSTRAINT order_order_voucher_id_0748ca22_fk_discount_voucher_id FOREIGN KEY (voucher_id) REFERENCES public.discount_voucher(id) DEFERRABLE INITIALLY DEFERRED;


--
-- Name: order_orderevent order_orderevent_app_id_2d642e9c_fk_app_app_id; Type: FK CONSTRAINT; Schema: public; Owner: saleor
--

ALTER TABLE ONLY public.order_orderevent
    ADD CONSTRAINT order_orderevent_app_id_2d642e9c_fk_app_app_id FOREIGN KEY (app_id) REFERENCES public.app_app(id) DEFERRABLE INITIALLY DEFERRED;


--
-- Name: order_orderevent order_orderevent_order_id_09aa7ccd_fk_order_order_token; Type: FK CONSTRAINT; Schema: public; Owner: saleor
--

ALTER TABLE ONLY public.order_orderevent
    ADD CONSTRAINT order_orderevent_order_id_09aa7ccd_fk_order_order_token FOREIGN KEY (order_id) REFERENCES public.order_order(id) DEFERRABLE INITIALLY DEFERRED;


--
-- Name: order_orderevent order_orderevent_related_id_c73abd6a_fk_order_orderevent_id; Type: FK CONSTRAINT; Schema: public; Owner: saleor
--

ALTER TABLE ONLY public.order_orderevent
    ADD CONSTRAINT order_orderevent_related_id_c73abd6a_fk_order_orderevent_id FOREIGN KEY (related_id) REFERENCES public.order_orderevent(id) DEFERRABLE INITIALLY DEFERRED;


--
-- Name: order_orderevent order_orderevent_user_id_1056ac9c_fk_userprofile_user_id; Type: FK CONSTRAINT; Schema: public; Owner: saleor
--

ALTER TABLE ONLY public.order_orderevent
    ADD CONSTRAINT order_orderevent_user_id_1056ac9c_fk_userprofile_user_id FOREIGN KEY (user_id) REFERENCES public.account_user(id) DEFERRABLE INITIALLY DEFERRED;


--
-- Name: order_ordergrantedrefundline order_ordergrantedre_granted_refund_id_cd1bb9f6_fk_order_ord; Type: FK CONSTRAINT; Schema: public; Owner: saleor
--

ALTER TABLE ONLY public.order_ordergrantedrefundline
    ADD CONSTRAINT order_ordergrantedre_granted_refund_id_cd1bb9f6_fk_order_ord FOREIGN KEY (granted_refund_id) REFERENCES public.order_ordergrantedrefund(id) DEFERRABLE INITIALLY DEFERRED;


--
-- Name: order_ordergrantedrefundline order_ordergrantedre_order_line_id_c2b8e4af_fk_order_ord; Type: FK CONSTRAINT; Schema: public; Owner: saleor
--

ALTER TABLE ONLY public.order_ordergrantedrefundline
    ADD CONSTRAINT order_ordergrantedre_order_line_id_c2b8e4af_fk_order_ord FOREIGN KEY (order_line_id) REFERENCES public.order_orderline(id) DEFERRABLE INITIALLY DEFERRED;


--
-- Name: order_ordergrantedrefund order_ordergrantedre_transaction_item_id_13928191_fk_payment_t; Type: FK CONSTRAINT; Schema: public; Owner: saleor
--

ALTER TABLE ONLY public.order_ordergrantedrefund
    ADD CONSTRAINT order_ordergrantedre_transaction_item_id_13928191_fk_payment_t FOREIGN KEY (transaction_item_id) REFERENCES public.payment_transactionitem(id) DEFERRABLE INITIALLY DEFERRED;


--
-- Name: order_ordergrantedrefund order_ordergrantedrefund_app_id_38ac1ecf_fk_app_app_id; Type: FK CONSTRAINT; Schema: public; Owner: saleor
--

ALTER TABLE ONLY public.order_ordergrantedrefund
    ADD CONSTRAINT order_ordergrantedrefund_app_id_38ac1ecf_fk_app_app_id FOREIGN KEY (app_id) REFERENCES public.app_app(id) DEFERRABLE INITIALLY DEFERRED;


--
-- Name: order_ordergrantedrefund order_ordergrantedrefund_order_id_2905d3e7_fk_order_order_id; Type: FK CONSTRAINT; Schema: public; Owner: saleor
--

ALTER TABLE ONLY public.order_ordergrantedrefund
    ADD CONSTRAINT order_ordergrantedrefund_order_id_2905d3e7_fk_order_order_id FOREIGN KEY (order_id) REFERENCES public.order_order(id) DEFERRABLE INITIALLY DEFERRED;


--
-- Name: order_ordergrantedrefund order_ordergrantedrefund_user_id_f344f8ec_fk_account_user_id; Type: FK CONSTRAINT; Schema: public; Owner: saleor
--

ALTER TABLE ONLY public.order_ordergrantedrefund
    ADD CONSTRAINT order_ordergrantedrefund_user_id_f344f8ec_fk_account_user_id FOREIGN KEY (user_id) REFERENCES public.account_user(id) DEFERRABLE INITIALLY DEFERRED;


--
-- Name: order_orderline order_orderline_order_id_eb04ec2d_fk_order_order_token; Type: FK CONSTRAINT; Schema: public; Owner: saleor
--

ALTER TABLE ONLY public.order_orderline
    ADD CONSTRAINT order_orderline_order_id_eb04ec2d_fk_order_order_token FOREIGN KEY (order_id) REFERENCES public.order_order(id) DEFERRABLE INITIALLY DEFERRED;


--
-- Name: order_orderline order_orderline_tax_class_id_bc719d4f_fk_tax_taxclass_id; Type: FK CONSTRAINT; Schema: public; Owner: saleor
--

ALTER TABLE ONLY public.order_orderline
    ADD CONSTRAINT order_orderline_tax_class_id_bc719d4f_fk_tax_taxclass_id FOREIGN KEY (tax_class_id) REFERENCES public.tax_taxclass(id) DEFERRABLE INITIALLY DEFERRED;


--
-- Name: order_orderline order_orderline_variant_id_866774cb_fk_product_p; Type: FK CONSTRAINT; Schema: public; Owner: saleor
--

ALTER TABLE ONLY public.order_orderline
    ADD CONSTRAINT order_orderline_variant_id_866774cb_fk_product_p FOREIGN KEY (variant_id) REFERENCES public.product_productvariant(id) DEFERRABLE INITIALLY DEFERRED;


--
-- Name: page_page page_page_page_type_id_06acc00e_fk_page_pagetype_id; Type: FK CONSTRAINT; Schema: public; Owner: saleor
--

ALTER TABLE ONLY public.page_page
    ADD CONSTRAINT page_page_page_type_id_06acc00e_fk_page_pagetype_id FOREIGN KEY (page_type_id) REFERENCES public.page_pagetype(id) DEFERRABLE INITIALLY DEFERRED;


--
-- Name: page_pagetranslation page_pagetranslation_page_id_60216ef5_fk_page_page_id; Type: FK CONSTRAINT; Schema: public; Owner: saleor
--

ALTER TABLE ONLY public.page_pagetranslation
    ADD CONSTRAINT page_pagetranslation_page_id_60216ef5_fk_page_page_id FOREIGN KEY (page_id) REFERENCES public.page_page(id) DEFERRABLE INITIALLY DEFERRED;


--
-- Name: payment_payment payment_payment_checkout_id_1f32e1ab_fk_checkout_checkout_token; Type: FK CONSTRAINT; Schema: public; Owner: saleor
--

ALTER TABLE ONLY public.payment_payment
    ADD CONSTRAINT payment_payment_checkout_id_1f32e1ab_fk_checkout_checkout_token FOREIGN KEY (checkout_id) REFERENCES public.checkout_checkout(token) DEFERRABLE INITIALLY DEFERRED;


--
-- Name: payment_payment payment_payment_order_id_22b45881_fk_order_order_token; Type: FK CONSTRAINT; Schema: public; Owner: saleor
--

ALTER TABLE ONLY public.payment_payment
    ADD CONSTRAINT payment_payment_order_id_22b45881_fk_order_order_token FOREIGN KEY (order_id) REFERENCES public.order_order(id) DEFERRABLE INITIALLY DEFERRED;


--
-- Name: payment_transaction payment_transaction_payment_id_df9808d7_fk_payment_payment_id; Type: FK CONSTRAINT; Schema: public; Owner: saleor
--

ALTER TABLE ONLY public.payment_transaction
    ADD CONSTRAINT payment_transaction_payment_id_df9808d7_fk_payment_payment_id FOREIGN KEY (payment_id) REFERENCES public.payment_payment(id) DEFERRABLE INITIALLY DEFERRED;


--
-- Name: payment_transactionevent payment_transactione_related_granted_refu_bc5e73e4_fk_order_ord; Type: FK CONSTRAINT; Schema: public; Owner: saleor
--

ALTER TABLE ONLY public.payment_transactionevent
    ADD CONSTRAINT payment_transactione_related_granted_refu_bc5e73e4_fk_order_ord FOREIGN KEY (related_granted_refund_id) REFERENCES public.order_ordergrantedrefund(id) DEFERRABLE INITIALLY DEFERRED;


--
-- Name: payment_transactionevent payment_transactione_transaction_id_381f97d4_fk_payment_t; Type: FK CONSTRAINT; Schema: public; Owner: saleor
--

ALTER TABLE ONLY public.payment_transactionevent
    ADD CONSTRAINT payment_transactione_transaction_id_381f97d4_fk_payment_t FOREIGN KEY (transaction_id) REFERENCES public.payment_transactionitem(id) DEFERRABLE INITIALLY DEFERRED;


--
-- Name: payment_transactionevent payment_transactionevent_app_id_98888f6d_fk_app_app_id; Type: FK CONSTRAINT; Schema: public; Owner: saleor
--

ALTER TABLE ONLY public.payment_transactionevent
    ADD CONSTRAINT payment_transactionevent_app_id_98888f6d_fk_app_app_id FOREIGN KEY (app_id) REFERENCES public.app_app(id) DEFERRABLE INITIALLY DEFERRED;


--
-- Name: payment_transactionevent payment_transactionevent_user_id_7f9244da_fk_account_user_id; Type: FK CONSTRAINT; Schema: public; Owner: saleor
--

ALTER TABLE ONLY public.payment_transactionevent
    ADD CONSTRAINT payment_transactionevent_user_id_7f9244da_fk_account_user_id FOREIGN KEY (user_id) REFERENCES public.account_user(id) DEFERRABLE INITIALLY DEFERRED;


--
-- Name: payment_transactionitem payment_transactioni_checkout_id_bc8a405f_fk_checkout_; Type: FK CONSTRAINT; Schema: public; Owner: saleor
--

ALTER TABLE ONLY public.payment_transactionitem
    ADD CONSTRAINT payment_transactioni_checkout_id_bc8a405f_fk_checkout_ FOREIGN KEY (checkout_id) REFERENCES public.checkout_checkout(token) DEFERRABLE INITIALLY DEFERRED;


--
-- Name: payment_transactionitem payment_transactionitem_app_id_75ae2f40_fk_app_app_id; Type: FK CONSTRAINT; Schema: public; Owner: saleor
--

ALTER TABLE ONLY public.payment_transactionitem
    ADD CONSTRAINT payment_transactionitem_app_id_75ae2f40_fk_app_app_id FOREIGN KEY (app_id) REFERENCES public.app_app(id) DEFERRABLE INITIALLY DEFERRED;


--
-- Name: payment_transactionitem payment_transactionitem_order_id_1e36872b_fk_order_order_id; Type: FK CONSTRAINT; Schema: public; Owner: saleor
--

ALTER TABLE ONLY public.payment_transactionitem
    ADD CONSTRAINT payment_transactionitem_order_id_1e36872b_fk_order_order_id FOREIGN KEY (order_id) REFERENCES public.order_order(id) DEFERRABLE INITIALLY DEFERRED;


--
-- Name: payment_transactionitem payment_transactionitem_user_id_780fab59_fk_account_user_id; Type: FK CONSTRAINT; Schema: public; Owner: saleor
--

ALTER TABLE ONLY public.payment_transactionitem
    ADD CONSTRAINT payment_transactionitem_user_id_780fab59_fk_account_user_id FOREIGN KEY (user_id) REFERENCES public.account_user(id) DEFERRABLE INITIALLY DEFERRED;


--
-- Name: permission_permission permission_permissio_content_type_id_e526e8f2_fk_django_co; Type: FK CONSTRAINT; Schema: public; Owner: saleor
--

ALTER TABLE ONLY public.permission_permission
    ADD CONSTRAINT permission_permissio_content_type_id_e526e8f2_fk_django_co FOREIGN KEY (content_type_id) REFERENCES public.django_content_type(id) DEFERRABLE INITIALLY DEFERRED;


--
-- Name: plugins_emailtemplate plugins_emailtemplat_plugin_configuration_9abac2f2_fk_plugins_p; Type: FK CONSTRAINT; Schema: public; Owner: saleor
--

ALTER TABLE ONLY public.plugins_emailtemplate
    ADD CONSTRAINT plugins_emailtemplat_plugin_configuration_9abac2f2_fk_plugins_p FOREIGN KEY (plugin_configuration_id) REFERENCES public.plugins_pluginconfiguration(id) DEFERRABLE INITIALLY DEFERRED;


--
-- Name: plugins_pluginconfiguration plugins_pluginconfig_channel_id_c880e95c_fk_channel_c; Type: FK CONSTRAINT; Schema: public; Owner: saleor
--

ALTER TABLE ONLY public.plugins_pluginconfiguration
    ADD CONSTRAINT plugins_pluginconfig_channel_id_c880e95c_fk_channel_c FOREIGN KEY (channel_id) REFERENCES public.channel_channel(id) DEFERRABLE INITIALLY DEFERRED;


--
-- Name: attribute_assignedvariantattribute product_assignedvari_assignment_id_8fdbffe8_fk_product_a; Type: FK CONSTRAINT; Schema: public; Owner: saleor
--

ALTER TABLE ONLY public.attribute_assignedvariantattribute
    ADD CONSTRAINT product_assignedvari_assignment_id_8fdbffe8_fk_product_a FOREIGN KEY (assignment_id) REFERENCES public.attribute_attributevariant(id) DEFERRABLE INITIALLY DEFERRED;


--
-- Name: attribute_assignedvariantattribute product_assignedvari_variant_id_27483e6a_fk_product_p; Type: FK CONSTRAINT; Schema: public; Owner: saleor
--

ALTER TABLE ONLY public.attribute_assignedvariantattribute
    ADD CONSTRAINT product_assignedvari_variant_id_27483e6a_fk_product_p FOREIGN KEY (variant_id) REFERENCES public.product_productvariant(id) DEFERRABLE INITIALLY DEFERRED;


--
-- Name: attribute_attributevalue product_attributecho_attribute_id_c28c6c92_fk_product_a; Type: FK CONSTRAINT; Schema: public; Owner: saleor
--

ALTER TABLE ONLY public.attribute_attributevalue
    ADD CONSTRAINT product_attributecho_attribute_id_c28c6c92_fk_product_a FOREIGN KEY (attribute_id) REFERENCES public.attribute_attribute(id) DEFERRABLE INITIALLY DEFERRED;


--
-- Name: attribute_attributepage product_attributepag_attribute_id_29005ba0_fk_product_a; Type: FK CONSTRAINT; Schema: public; Owner: saleor
--

ALTER TABLE ONLY public.attribute_attributepage
    ADD CONSTRAINT product_attributepag_attribute_id_29005ba0_fk_product_a FOREIGN KEY (attribute_id) REFERENCES public.attribute_attribute(id) DEFERRABLE INITIALLY DEFERRED;


--
-- Name: attribute_attributepage product_attributepage_page_type_id_2723ed1f_fk_page_pagetype_id; Type: FK CONSTRAINT; Schema: public; Owner: saleor
--

ALTER TABLE ONLY public.attribute_attributepage
    ADD CONSTRAINT product_attributepage_page_type_id_2723ed1f_fk_page_pagetype_id FOREIGN KEY (page_type_id) REFERENCES public.page_pagetype(id) DEFERRABLE INITIALLY DEFERRED;


--
-- Name: attribute_attributeproduct product_attributepro_attribute_id_0051c706_fk_product_a; Type: FK CONSTRAINT; Schema: public; Owner: saleor
--

ALTER TABLE ONLY public.attribute_attributeproduct
    ADD CONSTRAINT product_attributepro_attribute_id_0051c706_fk_product_a FOREIGN KEY (attribute_id) REFERENCES public.attribute_attribute(id) DEFERRABLE INITIALLY DEFERRED;


--
-- Name: attribute_attributeproduct product_attributepro_product_type_id_54357b3b_fk_product_p; Type: FK CONSTRAINT; Schema: public; Owner: saleor
--

ALTER TABLE ONLY public.attribute_attributeproduct
    ADD CONSTRAINT product_attributepro_product_type_id_54357b3b_fk_product_p FOREIGN KEY (product_type_id) REFERENCES public.product_producttype(id) DEFERRABLE INITIALLY DEFERRED;


--
-- Name: attribute_attributetranslation product_attributetra_attribute_id_238dabfc_fk_product_a; Type: FK CONSTRAINT; Schema: public; Owner: saleor
--

ALTER TABLE ONLY public.attribute_attributetranslation
    ADD CONSTRAINT product_attributetra_attribute_id_238dabfc_fk_product_a FOREIGN KEY (attribute_id) REFERENCES public.attribute_attribute(id) DEFERRABLE INITIALLY DEFERRED;


--
-- Name: attribute_attributevaluetranslation product_attributeval_attribute_value_id_8b2cb275_fk_product_a; Type: FK CONSTRAINT; Schema: public; Owner: saleor
--

ALTER TABLE ONLY public.attribute_attributevaluetranslation
    ADD CONSTRAINT product_attributeval_attribute_value_id_8b2cb275_fk_product_a FOREIGN KEY (attribute_value_id) REFERENCES public.attribute_attributevalue(id) DEFERRABLE INITIALLY DEFERRED;


--
-- Name: attribute_attributevariant product_attributevar_attribute_id_e47d3bc3_fk_product_a; Type: FK CONSTRAINT; Schema: public; Owner: saleor
--

ALTER TABLE ONLY public.attribute_attributevariant
    ADD CONSTRAINT product_attributevar_attribute_id_e47d3bc3_fk_product_a FOREIGN KEY (attribute_id) REFERENCES public.attribute_attribute(id) DEFERRABLE INITIALLY DEFERRED;


--
-- Name: attribute_attributevariant product_attributevar_product_type_id_ba95c6dd_fk_product_p; Type: FK CONSTRAINT; Schema: public; Owner: saleor
--

ALTER TABLE ONLY public.attribute_attributevariant
    ADD CONSTRAINT product_attributevar_product_type_id_ba95c6dd_fk_product_p FOREIGN KEY (product_type_id) REFERENCES public.product_producttype(id) DEFERRABLE INITIALLY DEFERRED;


--
-- Name: product_category product_category_parent_id_f6860923_fk_product_category_id; Type: FK CONSTRAINT; Schema: public; Owner: saleor
--

ALTER TABLE ONLY public.product_category
    ADD CONSTRAINT product_category_parent_id_f6860923_fk_product_category_id FOREIGN KEY (parent_id) REFERENCES public.product_category(id) DEFERRABLE INITIALLY DEFERRED;


--
-- Name: product_categorytranslation product_categorytran_category_id_aa8d0917_fk_product_c; Type: FK CONSTRAINT; Schema: public; Owner: saleor
--

ALTER TABLE ONLY public.product_categorytranslation
    ADD CONSTRAINT product_categorytran_category_id_aa8d0917_fk_product_c FOREIGN KEY (category_id) REFERENCES public.product_category(id) DEFERRABLE INITIALLY DEFERRED;


--
-- Name: product_collectionproduct product_collection_p_collection_id_0bc817dc_fk_product_c; Type: FK CONSTRAINT; Schema: public; Owner: saleor
--

ALTER TABLE ONLY public.product_collectionproduct
    ADD CONSTRAINT product_collection_p_collection_id_0bc817dc_fk_product_c FOREIGN KEY (collection_id) REFERENCES public.product_collection(id) DEFERRABLE INITIALLY DEFERRED;


--
-- Name: product_collectionproduct product_collection_p_product_id_a45a5b06_fk_product_p; Type: FK CONSTRAINT; Schema: public; Owner: saleor
--

ALTER TABLE ONLY public.product_collectionproduct
    ADD CONSTRAINT product_collection_p_product_id_a45a5b06_fk_product_p FOREIGN KEY (product_id) REFERENCES public.product_product(id) DEFERRABLE INITIALLY DEFERRED;


--
-- Name: product_collectionchannellisting product_collectionch_channel_id_5e167702_fk_channel_c; Type: FK CONSTRAINT; Schema: public; Owner: saleor
--

ALTER TABLE ONLY public.product_collectionchannellisting
    ADD CONSTRAINT product_collectionch_channel_id_5e167702_fk_channel_c FOREIGN KEY (channel_id) REFERENCES public.channel_channel(id) DEFERRABLE INITIALLY DEFERRED;


--
-- Name: product_collectionchannellisting product_collectionch_collection_id_2ce1b16b_fk_product_c; Type: FK CONSTRAINT; Schema: public; Owner: saleor
--

ALTER TABLE ONLY public.product_collectionchannellisting
    ADD CONSTRAINT product_collectionch_collection_id_2ce1b16b_fk_product_c FOREIGN KEY (collection_id) REFERENCES public.product_collection(id) DEFERRABLE INITIALLY DEFERRED;


--
-- Name: product_collectiontranslation product_collectiontr_collection_id_cfbbd453_fk_product_c; Type: FK CONSTRAINT; Schema: public; Owner: saleor
--

ALTER TABLE ONLY public.product_collectiontranslation
    ADD CONSTRAINT product_collectiontr_collection_id_cfbbd453_fk_product_c FOREIGN KEY (collection_id) REFERENCES public.product_collection(id) DEFERRABLE INITIALLY DEFERRED;


--
-- Name: product_digitalcontenturl product_digitalconte_content_id_654197bd_fk_product_d; Type: FK CONSTRAINT; Schema: public; Owner: saleor
--

ALTER TABLE ONLY public.product_digitalcontenturl
    ADD CONSTRAINT product_digitalconte_content_id_654197bd_fk_product_d FOREIGN KEY (content_id) REFERENCES public.product_digitalcontent(id) DEFERRABLE INITIALLY DEFERRED;


--
-- Name: product_digitalcontenturl product_digitalconte_line_id_82056694_fk_order_ord; Type: FK CONSTRAINT; Schema: public; Owner: saleor
--

ALTER TABLE ONLY public.product_digitalcontenturl
    ADD CONSTRAINT product_digitalconte_line_id_82056694_fk_order_ord FOREIGN KEY (line_id) REFERENCES public.order_orderline(id) DEFERRABLE INITIALLY DEFERRED;


--
-- Name: product_digitalcontent product_digitalconte_product_variant_id_211462a5_fk_product_p; Type: FK CONSTRAINT; Schema: public; Owner: saleor
--

ALTER TABLE ONLY public.product_digitalcontent
    ADD CONSTRAINT product_digitalconte_product_variant_id_211462a5_fk_product_p FOREIGN KEY (product_variant_id) REFERENCES public.product_productvariant(id) DEFERRABLE INITIALLY DEFERRED;


--
-- Name: product_product product_product_category_id_0c725779_fk_product_category_id; Type: FK CONSTRAINT; Schema: public; Owner: saleor
--

ALTER TABLE ONLY public.product_product
    ADD CONSTRAINT product_product_category_id_0c725779_fk_product_category_id FOREIGN KEY (category_id) REFERENCES public.product_category(id) DEFERRABLE INITIALLY DEFERRED;


--
-- Name: product_product product_product_default_variant_id_bce7dabb_fk_product_p; Type: FK CONSTRAINT; Schema: public; Owner: saleor
--

ALTER TABLE ONLY public.product_product
    ADD CONSTRAINT product_product_default_variant_id_bce7dabb_fk_product_p FOREIGN KEY (default_variant_id) REFERENCES public.product_productvariant(id) DEFERRABLE INITIALLY DEFERRED;


--
-- Name: product_product product_product_product_type_id_4bfbbfda_fk_product_p; Type: FK CONSTRAINT; Schema: public; Owner: saleor
--

ALTER TABLE ONLY public.product_product
    ADD CONSTRAINT product_product_product_type_id_4bfbbfda_fk_product_p FOREIGN KEY (product_type_id) REFERENCES public.product_producttype(id) DEFERRABLE INITIALLY DEFERRED;


--
-- Name: product_product product_product_tax_class_id_a0476487_fk_tax_taxclass_id; Type: FK CONSTRAINT; Schema: public; Owner: saleor
--

ALTER TABLE ONLY public.product_product
    ADD CONSTRAINT product_product_tax_class_id_a0476487_fk_tax_taxclass_id FOREIGN KEY (tax_class_id) REFERENCES public.tax_taxclass(id) DEFERRABLE INITIALLY DEFERRED;


--
-- Name: product_productchannellisting product_productchann_channel_id_f8b52350_fk_channel_c; Type: FK CONSTRAINT; Schema: public; Owner: saleor
--

ALTER TABLE ONLY public.product_productchannellisting
    ADD CONSTRAINT product_productchann_channel_id_f8b52350_fk_channel_c FOREIGN KEY (channel_id) REFERENCES public.channel_channel(id) DEFERRABLE INITIALLY DEFERRED;


--
-- Name: product_productchannellisting product_productchann_product_id_7838c7a9_fk_product_p; Type: FK CONSTRAINT; Schema: public; Owner: saleor
--

ALTER TABLE ONLY public.product_productchannellisting
    ADD CONSTRAINT product_productchann_product_id_7838c7a9_fk_product_p FOREIGN KEY (product_id) REFERENCES public.product_product(id) DEFERRABLE INITIALLY DEFERRED;


--
-- Name: product_productmedia product_productmedia_product_id_b83ecd16_fk_product_product_id; Type: FK CONSTRAINT; Schema: public; Owner: saleor
--

ALTER TABLE ONLY public.product_productmedia
    ADD CONSTRAINT product_productmedia_product_id_b83ecd16_fk_product_product_id FOREIGN KEY (product_id) REFERENCES public.product_product(id) DEFERRABLE INITIALLY DEFERRED;


--
-- Name: product_producttranslation product_producttrans_product_id_2c2c7532_fk_product_p; Type: FK CONSTRAINT; Schema: public; Owner: saleor
--

ALTER TABLE ONLY public.product_producttranslation
    ADD CONSTRAINT product_producttrans_product_id_2c2c7532_fk_product_p FOREIGN KEY (product_id) REFERENCES public.product_product(id) DEFERRABLE INITIALLY DEFERRED;


--
-- Name: product_producttype product_producttype_tax_class_id_cc83fe88_fk_tax_taxclass_id; Type: FK CONSTRAINT; Schema: public; Owner: saleor
--

ALTER TABLE ONLY public.product_producttype
    ADD CONSTRAINT product_producttype_tax_class_id_cc83fe88_fk_tax_taxclass_id FOREIGN KEY (tax_class_id) REFERENCES public.tax_taxclass(id) DEFERRABLE INITIALLY DEFERRED;


--
-- Name: product_productvariantchannellisting product_productvaria_channel_id_23e849ed_fk_channel_c; Type: FK CONSTRAINT; Schema: public; Owner: saleor
--

ALTER TABLE ONLY public.product_productvariantchannellisting
    ADD CONSTRAINT product_productvaria_channel_id_23e849ed_fk_channel_c FOREIGN KEY (channel_id) REFERENCES public.channel_channel(id) DEFERRABLE INITIALLY DEFERRED;


--
-- Name: product_productvariant product_productvaria_product_id_43c5a310_fk_product_p; Type: FK CONSTRAINT; Schema: public; Owner: saleor
--

ALTER TABLE ONLY public.product_productvariant
    ADD CONSTRAINT product_productvaria_product_id_43c5a310_fk_product_p FOREIGN KEY (product_id) REFERENCES public.product_product(id) DEFERRABLE INITIALLY DEFERRED;


--
-- Name: product_productvarianttranslation product_productvaria_product_variant_id_1b144a85_fk_product_p; Type: FK CONSTRAINT; Schema: public; Owner: saleor
--

ALTER TABLE ONLY public.product_productvarianttranslation
    ADD CONSTRAINT product_productvaria_product_variant_id_1b144a85_fk_product_p FOREIGN KEY (product_variant_id) REFERENCES public.product_productvariant(id) DEFERRABLE INITIALLY DEFERRED;


--
-- Name: product_productvariantchannellisting product_productvaria_variant_id_f8e7abba_fk_product_p; Type: FK CONSTRAINT; Schema: public; Owner: saleor
--

ALTER TABLE ONLY public.product_productvariantchannellisting
    ADD CONSTRAINT product_productvaria_variant_id_f8e7abba_fk_product_p FOREIGN KEY (variant_id) REFERENCES public.product_productvariant(id) DEFERRABLE INITIALLY DEFERRED;


--
-- Name: product_variantchannellistingpromotionrule product_variantchann_promotion_rule_id_af12d96f_fk_discount_; Type: FK CONSTRAINT; Schema: public; Owner: saleor
--

ALTER TABLE ONLY public.product_variantchannellistingpromotionrule
    ADD CONSTRAINT product_variantchann_promotion_rule_id_af12d96f_fk_discount_ FOREIGN KEY (promotion_rule_id) REFERENCES public.discount_promotionrule(id) DEFERRABLE INITIALLY DEFERRED;


--
-- Name: product_variantchannellistingpromotionrule product_variantchann_variant_channel_list_3d6a575a_fk_product_p; Type: FK CONSTRAINT; Schema: public; Owner: saleor
--

ALTER TABLE ONLY public.product_variantchannellistingpromotionrule
    ADD CONSTRAINT product_variantchann_variant_channel_list_3d6a575a_fk_product_p FOREIGN KEY (variant_channel_listing_id) REFERENCES public.product_productvariantchannellisting(id) DEFERRABLE INITIALLY DEFERRED;


--
-- Name: product_variantmedia product_variantmedia_media_id_e94208c4_fk_product_p; Type: FK CONSTRAINT; Schema: public; Owner: saleor
--

ALTER TABLE ONLY public.product_variantmedia
    ADD CONSTRAINT product_variantmedia_media_id_e94208c4_fk_product_p FOREIGN KEY (media_id) REFERENCES public.product_productmedia(id) DEFERRABLE INITIALLY DEFERRED;


--
-- Name: product_variantmedia product_variantmedia_variant_id_2a29a589_fk_product_p; Type: FK CONSTRAINT; Schema: public; Owner: saleor
--

ALTER TABLE ONLY public.product_variantmedia
    ADD CONSTRAINT product_variantmedia_variant_id_2a29a589_fk_product_p FOREIGN KEY (variant_id) REFERENCES public.product_productvariant(id) DEFERRABLE INITIALLY DEFERRED;


--
-- Name: schedulers_customperiodictask schedulers_customper_custom_id_2ce85a70_fk_scheduler; Type: FK CONSTRAINT; Schema: public; Owner: saleor
--

ALTER TABLE ONLY public.schedulers_customperiodictask
    ADD CONSTRAINT schedulers_customper_custom_id_2ce85a70_fk_scheduler FOREIGN KEY (custom_id) REFERENCES public.schedulers_customschedule(id) DEFERRABLE INITIALLY DEFERRED;


--
-- Name: schedulers_customperiodictask schedulers_customper_periodictask_ptr_id_adac7c25_fk_django_ce; Type: FK CONSTRAINT; Schema: public; Owner: saleor
--

ALTER TABLE ONLY public.schedulers_customperiodictask
    ADD CONSTRAINT schedulers_customper_periodictask_ptr_id_adac7c25_fk_django_ce FOREIGN KEY (periodictask_ptr_id) REFERENCES public.django_celery_beat_periodictask(id) DEFERRABLE INITIALLY DEFERRED;


--
-- Name: shipping_shippingmethodchannellisting shipping_shippingmet_channel_id_10933a3c_fk_channel_c; Type: FK CONSTRAINT; Schema: public; Owner: saleor
--

ALTER TABLE ONLY public.shipping_shippingmethodchannellisting
    ADD CONSTRAINT shipping_shippingmet_channel_id_10933a3c_fk_channel_c FOREIGN KEY (channel_id) REFERENCES public.channel_channel(id) DEFERRABLE INITIALLY DEFERRED;


--
-- Name: shipping_shippingmethod_excluded_products shipping_shippingmet_product_id_c2c20af6_fk_product_p; Type: FK CONSTRAINT; Schema: public; Owner: saleor
--

ALTER TABLE ONLY public.shipping_shippingmethod_excluded_products
    ADD CONSTRAINT shipping_shippingmet_product_id_c2c20af6_fk_product_p FOREIGN KEY (product_id) REFERENCES public.product_product(id) DEFERRABLE INITIALLY DEFERRED;


--
-- Name: shipping_shippingmethodchannellisting shipping_shippingmet_shipping_method_id_20c0bc65_fk_shipping_; Type: FK CONSTRAINT; Schema: public; Owner: saleor
--

ALTER TABLE ONLY public.shipping_shippingmethodchannellisting
    ADD CONSTRAINT shipping_shippingmet_shipping_method_id_20c0bc65_fk_shipping_ FOREIGN KEY (shipping_method_id) REFERENCES public.shipping_shippingmethod(id) DEFERRABLE INITIALLY DEFERRED;


--
-- Name: shipping_shippingmethodtranslation shipping_shippingmet_shipping_method_id_31d925d2_fk_shipping_; Type: FK CONSTRAINT; Schema: public; Owner: saleor
--

ALTER TABLE ONLY public.shipping_shippingmethodtranslation
    ADD CONSTRAINT shipping_shippingmet_shipping_method_id_31d925d2_fk_shipping_ FOREIGN KEY (shipping_method_id) REFERENCES public.shipping_shippingmethod(id) DEFERRABLE INITIALLY DEFERRED;


--
-- Name: shipping_shippingmethodpostalcoderule shipping_shippingmet_shipping_method_id_825fd462_fk_shipping_; Type: FK CONSTRAINT; Schema: public; Owner: saleor
--

ALTER TABLE ONLY public.shipping_shippingmethodpostalcoderule
    ADD CONSTRAINT shipping_shippingmet_shipping_method_id_825fd462_fk_shipping_ FOREIGN KEY (shipping_method_id) REFERENCES public.shipping_shippingmethod(id) DEFERRABLE INITIALLY DEFERRED;


--
-- Name: shipping_shippingmethod shipping_shippingmet_shipping_zone_id_265b7413_fk_shipping_; Type: FK CONSTRAINT; Schema: public; Owner: saleor
--

ALTER TABLE ONLY public.shipping_shippingmethod
    ADD CONSTRAINT shipping_shippingmet_shipping_zone_id_265b7413_fk_shipping_ FOREIGN KEY (shipping_zone_id) REFERENCES public.shipping_shippingzone(id) DEFERRABLE INITIALLY DEFERRED;


--
-- Name: shipping_shippingmethod_excluded_products shipping_shippingmet_shippingmethod_id_a522e057_fk_shipping_; Type: FK CONSTRAINT; Schema: public; Owner: saleor
--

ALTER TABLE ONLY public.shipping_shippingmethod_excluded_products
    ADD CONSTRAINT shipping_shippingmet_shippingmethod_id_a522e057_fk_shipping_ FOREIGN KEY (shippingmethod_id) REFERENCES public.shipping_shippingmethod(id) DEFERRABLE INITIALLY DEFERRED;


--
-- Name: shipping_shippingmethod shipping_shippingmet_tax_class_id_59ec5c19_fk_tax_taxcl; Type: FK CONSTRAINT; Schema: public; Owner: saleor
--

ALTER TABLE ONLY public.shipping_shippingmethod
    ADD CONSTRAINT shipping_shippingmet_tax_class_id_59ec5c19_fk_tax_taxcl FOREIGN KEY (tax_class_id) REFERENCES public.tax_taxclass(id) DEFERRABLE INITIALLY DEFERRED;


--
-- Name: shipping_shippingzone_channels shipping_shippingzon_channel_id_36548abc_fk_channel_c; Type: FK CONSTRAINT; Schema: public; Owner: saleor
--

ALTER TABLE ONLY public.shipping_shippingzone_channels
    ADD CONSTRAINT shipping_shippingzon_channel_id_36548abc_fk_channel_c FOREIGN KEY (channel_id) REFERENCES public.channel_channel(id) DEFERRABLE INITIALLY DEFERRED;


--
-- Name: shipping_shippingzone_channels shipping_shippingzon_shippingzone_id_6724d6e4_fk_shipping_; Type: FK CONSTRAINT; Schema: public; Owner: saleor
--

ALTER TABLE ONLY public.shipping_shippingzone_channels
    ADD CONSTRAINT shipping_shippingzon_shippingzone_id_6724d6e4_fk_shipping_ FOREIGN KEY (shippingzone_id) REFERENCES public.shipping_shippingzone(id) DEFERRABLE INITIALLY DEFERRED;


--
-- Name: site_sitesettings site_sitesettings_bottom_menu_id_e2a78098_fk_menu_menu_id; Type: FK CONSTRAINT; Schema: public; Owner: saleor
--

ALTER TABLE ONLY public.site_sitesettings
    ADD CONSTRAINT site_sitesettings_bottom_menu_id_e2a78098_fk_menu_menu_id FOREIGN KEY (bottom_menu_id) REFERENCES public.menu_menu(id) DEFERRABLE INITIALLY DEFERRED;


--
-- Name: site_sitesettings site_sitesettings_company_address_id_f0825427_fk_account_a; Type: FK CONSTRAINT; Schema: public; Owner: saleor
--

ALTER TABLE ONLY public.site_sitesettings
    ADD CONSTRAINT site_sitesettings_company_address_id_f0825427_fk_account_a FOREIGN KEY (company_address_id) REFERENCES public.account_address(id) DEFERRABLE INITIALLY DEFERRED;


--
-- Name: site_sitesettings site_sitesettings_site_id_64dd8ff8_fk_django_site_id; Type: FK CONSTRAINT; Schema: public; Owner: saleor
--

ALTER TABLE ONLY public.site_sitesettings
    ADD CONSTRAINT site_sitesettings_site_id_64dd8ff8_fk_django_site_id FOREIGN KEY (site_id) REFERENCES public.django_site(id) DEFERRABLE INITIALLY DEFERRED;


--
-- Name: site_sitesettings site_sitesettings_top_menu_id_ab6f8c46_fk_menu_menu_id; Type: FK CONSTRAINT; Schema: public; Owner: saleor
--

ALTER TABLE ONLY public.site_sitesettings
    ADD CONSTRAINT site_sitesettings_top_menu_id_ab6f8c46_fk_menu_menu_id FOREIGN KEY (top_menu_id) REFERENCES public.menu_menu(id) DEFERRABLE INITIALLY DEFERRED;


--
-- Name: site_sitesettingstranslation site_sitesettingstra_site_settings_id_ca085ff6_fk_site_site; Type: FK CONSTRAINT; Schema: public; Owner: saleor
--

ALTER TABLE ONLY public.site_sitesettingstranslation
    ADD CONSTRAINT site_sitesettingstra_site_settings_id_ca085ff6_fk_site_site FOREIGN KEY (site_settings_id) REFERENCES public.site_sitesettings(id) DEFERRABLE INITIALLY DEFERRED;


--
-- Name: tax_taxclasscountryrate tax_taxclasscountryr_tax_class_id_6ce938aa_fk_tax_taxcl; Type: FK CONSTRAINT; Schema: public; Owner: saleor
--

ALTER TABLE ONLY public.tax_taxclasscountryrate
    ADD CONSTRAINT tax_taxclasscountryr_tax_class_id_6ce938aa_fk_tax_taxcl FOREIGN KEY (tax_class_id) REFERENCES public.tax_taxclass(id) DEFERRABLE INITIALLY DEFERRED;


--
-- Name: tax_taxconfiguration tax_taxconfiguration_channel_id_b4035d3a_fk_channel_channel_id; Type: FK CONSTRAINT; Schema: public; Owner: saleor
--

ALTER TABLE ONLY public.tax_taxconfiguration
    ADD CONSTRAINT tax_taxconfiguration_channel_id_b4035d3a_fk_channel_channel_id FOREIGN KEY (channel_id) REFERENCES public.channel_channel(id) DEFERRABLE INITIALLY DEFERRED;


--
-- Name: tax_taxconfigurationpercountry tax_taxconfiguration_tax_configuration_id_63347e1b_fk_tax_taxco; Type: FK CONSTRAINT; Schema: public; Owner: saleor
--

ALTER TABLE ONLY public.tax_taxconfigurationpercountry
    ADD CONSTRAINT tax_taxconfiguration_tax_configuration_id_63347e1b_fk_tax_taxco FOREIGN KEY (tax_configuration_id) REFERENCES public.tax_taxconfiguration(id) DEFERRABLE INITIALLY DEFERRED;


--
-- Name: thumbnail_thumbnail thumbnail_thumbnail_app_id_aa70f2d4_fk_app_app_id; Type: FK CONSTRAINT; Schema: public; Owner: saleor
--

ALTER TABLE ONLY public.thumbnail_thumbnail
    ADD CONSTRAINT thumbnail_thumbnail_app_id_aa70f2d4_fk_app_app_id FOREIGN KEY (app_id) REFERENCES public.app_app(id) DEFERRABLE INITIALLY DEFERRED;


--
-- Name: thumbnail_thumbnail thumbnail_thumbnail_app_installation_id_a5a97d99_fk_app_appin; Type: FK CONSTRAINT; Schema: public; Owner: saleor
--

ALTER TABLE ONLY public.thumbnail_thumbnail
    ADD CONSTRAINT thumbnail_thumbnail_app_installation_id_a5a97d99_fk_app_appin FOREIGN KEY (app_installation_id) REFERENCES public.app_appinstallation(id) DEFERRABLE INITIALLY DEFERRED;


--
-- Name: thumbnail_thumbnail thumbnail_thumbnail_category_id_e3196106_fk_product_category_id; Type: FK CONSTRAINT; Schema: public; Owner: saleor
--

ALTER TABLE ONLY public.thumbnail_thumbnail
    ADD CONSTRAINT thumbnail_thumbnail_category_id_e3196106_fk_product_category_id FOREIGN KEY (category_id) REFERENCES public.product_category(id) DEFERRABLE INITIALLY DEFERRED;


--
-- Name: thumbnail_thumbnail thumbnail_thumbnail_collection_id_0aa16183_fk_product_c; Type: FK CONSTRAINT; Schema: public; Owner: saleor
--

ALTER TABLE ONLY public.thumbnail_thumbnail
    ADD CONSTRAINT thumbnail_thumbnail_collection_id_0aa16183_fk_product_c FOREIGN KEY (collection_id) REFERENCES public.product_collection(id) DEFERRABLE INITIALLY DEFERRED;


--
-- Name: thumbnail_thumbnail thumbnail_thumbnail_product_media_id_85602a99_fk_product_p; Type: FK CONSTRAINT; Schema: public; Owner: saleor
--

ALTER TABLE ONLY public.thumbnail_thumbnail
    ADD CONSTRAINT thumbnail_thumbnail_product_media_id_85602a99_fk_product_p FOREIGN KEY (product_media_id) REFERENCES public.product_productmedia(id) DEFERRABLE INITIALLY DEFERRED;


--
-- Name: thumbnail_thumbnail thumbnail_thumbnail_user_id_0bc68981_fk_account_user_id; Type: FK CONSTRAINT; Schema: public; Owner: saleor
--

ALTER TABLE ONLY public.thumbnail_thumbnail
    ADD CONSTRAINT thumbnail_thumbnail_user_id_0bc68981_fk_account_user_id FOREIGN KEY (user_id) REFERENCES public.account_user(id) DEFERRABLE INITIALLY DEFERRED;


--
-- Name: account_user_addresses userprofile_user_add_address_id_ad7646b4_fk_userprofi; Type: FK CONSTRAINT; Schema: public; Owner: saleor
--

ALTER TABLE ONLY public.account_user_addresses
    ADD CONSTRAINT userprofile_user_add_address_id_ad7646b4_fk_userprofi FOREIGN KEY (address_id) REFERENCES public.account_address(id) DEFERRABLE INITIALLY DEFERRED;


--
-- Name: account_user_addresses userprofile_user_add_user_id_bb5aa55e_fk_userprofi; Type: FK CONSTRAINT; Schema: public; Owner: saleor
--

ALTER TABLE ONLY public.account_user_addresses
    ADD CONSTRAINT userprofile_user_add_user_id_bb5aa55e_fk_userprofi FOREIGN KEY (user_id) REFERENCES public.account_user(id) DEFERRABLE INITIALLY DEFERRED;


--
-- Name: account_user userprofile_user_default_billing_addr_0489abf1_fk_userprofi; Type: FK CONSTRAINT; Schema: public; Owner: saleor
--

ALTER TABLE ONLY public.account_user
    ADD CONSTRAINT userprofile_user_default_billing_addr_0489abf1_fk_userprofi FOREIGN KEY (default_billing_address_id) REFERENCES public.account_address(id) DEFERRABLE INITIALLY DEFERRED;


--
-- Name: account_user userprofile_user_default_shipping_add_aae7a203_fk_userprofi; Type: FK CONSTRAINT; Schema: public; Owner: saleor
--

ALTER TABLE ONLY public.account_user
    ADD CONSTRAINT userprofile_user_default_shipping_add_aae7a203_fk_userprofi FOREIGN KEY (default_shipping_address_id) REFERENCES public.account_address(id) DEFERRABLE INITIALLY DEFERRED;


--
-- Name: account_user_groups userprofile_user_groups_user_id_5e712a24_fk_userprofile_user_id; Type: FK CONSTRAINT; Schema: public; Owner: saleor
--

ALTER TABLE ONLY public.account_user_groups
    ADD CONSTRAINT userprofile_user_groups_user_id_5e712a24_fk_userprofile_user_id FOREIGN KEY (user_id) REFERENCES public.account_user(id) DEFERRABLE INITIALLY DEFERRED;


--
-- Name: account_user_user_permissions userprofile_user_use_user_id_6d654469_fk_userprofi; Type: FK CONSTRAINT; Schema: public; Owner: saleor
--

ALTER TABLE ONLY public.account_user_user_permissions
    ADD CONSTRAINT userprofile_user_use_user_id_6d654469_fk_userprofi FOREIGN KEY (user_id) REFERENCES public.account_user(id) DEFERRABLE INITIALLY DEFERRED;


--
-- Name: warehouse_allocation warehouse_allocation_order_line_id_693dcb84_fk_order_ord; Type: FK CONSTRAINT; Schema: public; Owner: saleor
--

ALTER TABLE ONLY public.warehouse_allocation
    ADD CONSTRAINT warehouse_allocation_order_line_id_693dcb84_fk_order_ord FOREIGN KEY (order_line_id) REFERENCES public.order_orderline(id) DEFERRABLE INITIALLY DEFERRED;


--
-- Name: warehouse_allocation warehouse_allocation_stock_id_73541542_fk_warehouse_stock_id; Type: FK CONSTRAINT; Schema: public; Owner: saleor
--

ALTER TABLE ONLY public.warehouse_allocation
    ADD CONSTRAINT warehouse_allocation_stock_id_73541542_fk_warehouse_stock_id FOREIGN KEY (stock_id) REFERENCES public.warehouse_stock(id) DEFERRABLE INITIALLY DEFERRED;


--
-- Name: warehouse_preorderallocation warehouse_preorderal_order_line_id_a37726e3_fk_order_ord; Type: FK CONSTRAINT; Schema: public; Owner: saleor
--

ALTER TABLE ONLY public.warehouse_preorderallocation
    ADD CONSTRAINT warehouse_preorderal_order_line_id_a37726e3_fk_order_ord FOREIGN KEY (order_line_id) REFERENCES public.order_orderline(id) DEFERRABLE INITIALLY DEFERRED;


--
-- Name: warehouse_preorderallocation warehouse_preorderal_product_variant_chan_d243ee40_fk_product_p; Type: FK CONSTRAINT; Schema: public; Owner: saleor
--

ALTER TABLE ONLY public.warehouse_preorderallocation
    ADD CONSTRAINT warehouse_preorderal_product_variant_chan_d243ee40_fk_product_p FOREIGN KEY (product_variant_channel_listing_id) REFERENCES public.product_productvariantchannellisting(id) DEFERRABLE INITIALLY DEFERRED;


--
-- Name: warehouse_preorderreservation warehouse_preorderre_checkout_line_id_d13d1466_fk_checkout_; Type: FK CONSTRAINT; Schema: public; Owner: saleor
--

ALTER TABLE ONLY public.warehouse_preorderreservation
    ADD CONSTRAINT warehouse_preorderre_checkout_line_id_d13d1466_fk_checkout_ FOREIGN KEY (checkout_line_id) REFERENCES public.checkout_checkoutline(id) DEFERRABLE INITIALLY DEFERRED;


--
-- Name: warehouse_preorderreservation warehouse_preorderre_product_variant_chan_3c2d488e_fk_product_p; Type: FK CONSTRAINT; Schema: public; Owner: saleor
--

ALTER TABLE ONLY public.warehouse_preorderreservation
    ADD CONSTRAINT warehouse_preorderre_product_variant_chan_3c2d488e_fk_product_p FOREIGN KEY (product_variant_channel_listing_id) REFERENCES public.product_productvariantchannellisting(id) DEFERRABLE INITIALLY DEFERRED;


--
-- Name: warehouse_reservation warehouse_reservatio_checkout_line_id_54daacb7_fk_checkout_; Type: FK CONSTRAINT; Schema: public; Owner: saleor
--

ALTER TABLE ONLY public.warehouse_reservation
    ADD CONSTRAINT warehouse_reservatio_checkout_line_id_54daacb7_fk_checkout_ FOREIGN KEY (checkout_line_id) REFERENCES public.checkout_checkoutline(id) DEFERRABLE INITIALLY DEFERRED;


--
-- Name: warehouse_reservation warehouse_reservation_stock_id_5d178c00_fk_warehouse_stock_id; Type: FK CONSTRAINT; Schema: public; Owner: saleor
--

ALTER TABLE ONLY public.warehouse_reservation
    ADD CONSTRAINT warehouse_reservation_stock_id_5d178c00_fk_warehouse_stock_id FOREIGN KEY (stock_id) REFERENCES public.warehouse_stock(id) DEFERRABLE INITIALLY DEFERRED;


--
-- Name: warehouse_stock warehouse_stock_product_variant_id_bea58a82_fk_product_p; Type: FK CONSTRAINT; Schema: public; Owner: saleor
--

ALTER TABLE ONLY public.warehouse_stock
    ADD CONSTRAINT warehouse_stock_product_variant_id_bea58a82_fk_product_p FOREIGN KEY (product_variant_id) REFERENCES public.product_productvariant(id) DEFERRABLE INITIALLY DEFERRED;


--
-- Name: warehouse_stock warehouse_stock_warehouse_id_cc9d4e5d_fk_warehouse_warehouse_id; Type: FK CONSTRAINT; Schema: public; Owner: saleor
--

ALTER TABLE ONLY public.warehouse_stock
    ADD CONSTRAINT warehouse_stock_warehouse_id_cc9d4e5d_fk_warehouse_warehouse_id FOREIGN KEY (warehouse_id) REFERENCES public.warehouse_warehouse(id) DEFERRABLE INITIALLY DEFERRED;


--
-- Name: warehouse_channelwarehouse warehouse_warehouse__channel_id_586b1124_fk_channel_c; Type: FK CONSTRAINT; Schema: public; Owner: saleor
--

ALTER TABLE ONLY public.warehouse_channelwarehouse
    ADD CONSTRAINT warehouse_warehouse__channel_id_586b1124_fk_channel_c FOREIGN KEY (channel_id) REFERENCES public.channel_channel(id) DEFERRABLE INITIALLY DEFERRED;


--
-- Name: warehouse_warehouse_shipping_zones warehouse_warehouse__shippingzone_id_aeee255b_fk_shipping_; Type: FK CONSTRAINT; Schema: public; Owner: saleor
--

ALTER TABLE ONLY public.warehouse_warehouse_shipping_zones
    ADD CONSTRAINT warehouse_warehouse__shippingzone_id_aeee255b_fk_shipping_ FOREIGN KEY (shippingzone_id) REFERENCES public.shipping_shippingzone(id) DEFERRABLE INITIALLY DEFERRED;


--
-- Name: warehouse_channelwarehouse warehouse_warehouse__warehouse_id_d1b0e96d_fk_warehouse; Type: FK CONSTRAINT; Schema: public; Owner: saleor
--

ALTER TABLE ONLY public.warehouse_channelwarehouse
    ADD CONSTRAINT warehouse_warehouse__warehouse_id_d1b0e96d_fk_warehouse FOREIGN KEY (warehouse_id) REFERENCES public.warehouse_warehouse(id) DEFERRABLE INITIALLY DEFERRED;


--
-- Name: warehouse_warehouse_shipping_zones warehouse_warehouse__warehouse_id_fccd6647_fk_warehouse; Type: FK CONSTRAINT; Schema: public; Owner: saleor
--

ALTER TABLE ONLY public.warehouse_warehouse_shipping_zones
    ADD CONSTRAINT warehouse_warehouse__warehouse_id_fccd6647_fk_warehouse FOREIGN KEY (warehouse_id) REFERENCES public.warehouse_warehouse(id) DEFERRABLE INITIALLY DEFERRED;


--
-- Name: warehouse_warehouse warehouse_warehouse_address_id_d46e1096_fk_account_address_id; Type: FK CONSTRAINT; Schema: public; Owner: saleor
--

ALTER TABLE ONLY public.warehouse_warehouse
    ADD CONSTRAINT warehouse_warehouse_address_id_d46e1096_fk_account_address_id FOREIGN KEY (address_id) REFERENCES public.account_address(id) DEFERRABLE INITIALLY DEFERRED;


--
-- Name: webhook_webhook webhook_webhook_app_id_604d7610_fk_app_app_id; Type: FK CONSTRAINT; Schema: public; Owner: saleor
--

ALTER TABLE ONLY public.webhook_webhook
    ADD CONSTRAINT webhook_webhook_app_id_604d7610_fk_app_app_id FOREIGN KEY (app_id) REFERENCES public.app_app(id) DEFERRABLE INITIALLY DEFERRED;


--
-- Name: webhook_webhookevent webhook_webhookevent_webhook_id_73b5c9e1_fk_webhook_webhook_id; Type: FK CONSTRAINT; Schema: public; Owner: saleor
--

ALTER TABLE ONLY public.webhook_webhookevent
    ADD CONSTRAINT webhook_webhookevent_webhook_id_73b5c9e1_fk_webhook_webhook_id FOREIGN KEY (webhook_id) REFERENCES public.webhook_webhook(id) DEFERRABLE INITIALLY DEFERRED;


--
-- PostgreSQL database dump complete
--

\unrestrict 8BpG0ojMsAj7bkBQedtfbJBm3plp0pqrcxfncpydfZCa0dm4s1jc0LRUa4fU3IX

